"PROD_EST","COBERTURA","ANIO","ID_MES","MARCA","MODELO","TIPO","SEGMENTO","ORIGEN","ID_PAIS_ORIGEN","UNI_VEH","ESTATUS"
"Registro Administrativo de la Industria Automotriz de Vehículos Ligeros. Venta de vehículos ","Nacional",2026,"01","Acura","ADX","Camiones ligeros","SUV's","NACIONAL",1,25,"Cifras Revisadas"
"Registro Administrativo de la Industria Automotriz de Vehículos Ligeros. Venta de vehículos ","Nacional",2026,"01","Acura","INTEGRA","Automóviles","De Lujo","IMPORTADO",66,9,"Cifras Revisadas"
"Registro Administrativo de la Industria Automotriz de Vehículos Ligeros. Venta de vehículos ","Nacional",2026,"01","Acura","Mdx","Camiones ligeros","SUV's","IMPORTADO",40,17,"Cifras Revisadas"
"Registro Administrativo de la Industria Automotriz de Vehículos Ligeros. Venta de vehículos ","Nacional",2026,"01","Acura","NSX","Automóviles","Deportivos","IMPORTADO",66,0,"Cifras Revisadas"
"Registro Administrativo de la Industria Automotriz de Vehículos Ligeros. Venta de vehículos ","Nacional",2026,"01","Acura","Rdx","Camiones ligeros","SUV's","IMPORTADO",66,18,"Cifras Revisadas"
"Registro Administrativo de la Industria Automotriz de Vehículos Ligeros. Venta de vehículos ","Nacional",2026,"01","Acura","TLX","Automóviles","De Lujo","IMPORTADO",66,1,"Cifras Revisadas"
"Registro Administrativo de la Industria Automotriz de Vehículos Ligeros. Venta de vehículos ","Nacional",2026,"01","Alfa Romeo","Giulia","Automóviles","De Lujo","IMPORTADO",124,3,"Cifras Revisadas"
"Registro Administrativo de la Industria Automotriz de Vehículos Ligeros. Venta de vehículos ","Nacional",2026,"01","Alfa Romeo","Stelvio","Automóviles","De Lujo","IMPORTADO",124,7,"Cifras Revisadas"
"Registro Administrativo de la Industria Automotriz de Vehículos Ligeros. Venta de vehículos ","Nacional",2026,"01","Alfa Romeo","TONALE","Camiones ligeros","SUV's","IMPORTADO",124,5,"Cifras Revisadas"
"Registro Administrativo de la Industria Automotriz de Vehículos Ligeros. Venta de vehículos ","Nacional",2026,"01","Audi","A1*","Automóviles","De Lujo","IMPORTADO",64,37,"Cifras Revisadas"
"Registro Administrativo de la Industria Automotriz de Vehículos Ligeros. Venta de vehículos ","Nacional",2026,"01","Audi","A3-","Automóviles","De Lujo","IMPORTADO",4,51,"Cifras Revisadas"
"Registro Administrativo de la Industria Automotriz de Vehículos Ligeros. Venta de vehículos ","Nacional",2026,"01","Audi","A3 Sedán","Automóviles","De Lujo","IMPORTADO",4,88,"Cifras Revisadas"
"Registro Administrativo de la Industria Automotriz de Vehículos Ligeros. Venta de vehículos ","Nacional",2026,"01","Audi","A4","Automóviles","De Lujo","IMPORTADO",4,2,"Cifras Revisadas"
"Registro Administrativo de la Industria Automotriz de Vehículos Ligeros. Venta de vehículos ","Nacional",2026,"01","Audi","A5 Coupe","Automóviles","De Lujo","IMPORTADO",4,1,"Cifras Revisadas"
"Registro Administrativo de la Industria Automotriz de Vehículos Ligeros. Venta de vehículos ","Nacional",2026,"01","Audi","A5 Sedán","Automóviles","De Lujo","IMPORTADO",4,78,"Cifras Revisadas"
"Registro Administrativo de la Industria Automotriz de Vehículos Ligeros. Venta de vehículos ","Nacional",2026,"01","Audi","A5 Sportback","Automóviles","Deportivos","IMPORTADO",4,0,"Cifras Revisadas"
"Registro Administrativo de la Industria Automotriz de Vehículos Ligeros. Venta de vehículos ","Nacional",2026,"01","Audi","A6","Automóviles","De Lujo","IMPORTADO",4,7,"Cifras Revisadas"
"Registro Administrativo de la Industria Automotriz de Vehículos Ligeros. Venta de vehículos ","Nacional",2026,"01","Audi","A7","Automóviles","De Lujo","IMPORTADO",4,1,"Cifras Revisadas"
"Registro Administrativo de la Industria Automotriz de Vehículos Ligeros. Venta de vehículos ","Nacional",2026,"01","Audi","Q 3","Camiones ligeros","SUV's","IMPORTADO",94,18,"Cifras Revisadas"
"Registro Administrativo de la Industria Automotriz de Vehículos Ligeros. Venta de vehículos ","Nacional",2026,"01","Audi","Q2","Automóviles","De Lujo","IMPORTADO",62,28,"Cifras Revisadas"
"Registro Administrativo de la Industria Automotriz de Vehículos Ligeros. Venta de vehículos ","Nacional",2026,"01","Audi","Q3 SB","Camiones ligeros","SUV's","IMPORTADO",94,82,"Cifras Revisadas"
"Registro Administrativo de la Industria Automotriz de Vehículos Ligeros. Venta de vehículos ","Nacional",2026,"01","Audi","Q5","Camiones ligeros","SUV's","NACIONAL",1,203,"Cifras Revisadas"
"Registro Administrativo de la Industria Automotriz de Vehículos Ligeros. Venta de vehículos ","Nacional",2026,"01","Audi","Q6 etron","Automóviles","De Lujo","IMPORTADO",4,6,"Cifras Revisadas"
"Registro Administrativo de la Industria Automotriz de Vehículos Ligeros. Venta de vehículos ","Nacional",2026,"01","Audi","Q7-","Camiones ligeros","SUV's","IMPORTADO",62,18,"Cifras Revisadas"
"Registro Administrativo de la Industria Automotriz de Vehículos Ligeros. Venta de vehículos ","Nacional",2026,"01","Audi","Q8","Camiones ligeros","SUV's","IMPORTADO",4,29,"Cifras Revisadas"
"Registro Administrativo de la Industria Automotriz de Vehículos Ligeros. Venta de vehículos ","Nacional",2026,"01","Auteco","D2S 150","Automóviles","Subcompactos","IMPORTADO",43,0,"Cifras Revisadas"
"Registro Administrativo de la Industria Automotriz de Vehículos Ligeros. Venta de vehículos ","Nacional",2026,"01","Auteco","D2S 250","Automóviles","Subcompactos","IMPORTADO",43,0,"Cifras Revisadas"
"Registro Administrativo de la Industria Automotriz de Vehículos Ligeros. Venta de vehículos ","Nacional",2026,"01","Auteco","E-TRUCK B2.0T","Camiones ligeros","Pick Ups","IMPORTADO",43,2,"Cifras Revisadas"
"Registro Administrativo de la Industria Automotriz de Vehículos Ligeros. Venta de vehículos ","Nacional",2026,"01","Auteco","E-VAN S1.0T PRO","Camiones ligeros","Minivans","IMPORTADO",43,0,"Cifras Revisadas"
"Registro Administrativo de la Industria Automotriz de Vehículos Ligeros. Venta de vehículos ","Nacional",2026,"01","Auteco","RICH 6 EV","Camiones ligeros","Pick Ups","IMPORTADO",43,10,"Cifras Revisadas"
"Registro Administrativo de la Industria Automotriz de Vehículos Ligeros. Venta de vehículos ","Nacional",2026,"01","Bentley","Bentayga","Automóviles","De Lujo","IMPORTADO",181,0,"Cifras Revisadas"
"Registro Administrativo de la Industria Automotriz de Vehículos Ligeros. Venta de vehículos ","Nacional",2026,"01","Bentley","Continental","Automóviles","De Lujo","IMPORTADO",181,0,"Cifras Revisadas"
"Registro Administrativo de la Industria Automotriz de Vehículos Ligeros. Venta de vehículos ","Nacional",2026,"01","Bentley","Flying Spur","Automóviles","De Lujo","IMPORTADO",181,0,"Cifras Revisadas"
"Registro Administrativo de la Industria Automotriz de Vehículos Ligeros. Venta de vehículos ","Nacional",2026,"01","Bentley","Mulsanne","Automóviles","De Lujo","IMPORTADO",181,0,"Cifras Revisadas"
"Registro Administrativo de la Industria Automotriz de Vehículos Ligeros. Venta de vehículos ","Nacional",2026,"01","BMW","iX","Camiones ligeros","SUV's","IMPORTADO",4,16,"Cifras Revisadas"
"Registro Administrativo de la Industria Automotriz de Vehículos Ligeros. Venta de vehículos ","Nacional",2026,"01","BMW","iX1","Automóviles","De Lujo","IMPORTADO",4,8,"Cifras Revisadas"
"Registro Administrativo de la Industria Automotriz de Vehículos Ligeros. Venta de vehículos ","Nacional",2026,"01","BMW","iX2","Camiones ligeros","SUV's","IMPORTADO",4,21,"Cifras Revisadas"
"Registro Administrativo de la Industria Automotriz de Vehículos Ligeros. Venta de vehículos ","Nacional",2026,"01","BMW","i4","Automóviles","De Lujo","IMPORTADO",4,2,"Cifras Revisadas"
"Registro Administrativo de la Industria Automotriz de Vehículos Ligeros. Venta de vehículos ","Nacional",2026,"01","BMW","i5","Automóviles","De Lujo","IMPORTADO",4,4,"Cifras Revisadas"
"Registro Administrativo de la Industria Automotriz de Vehículos Ligeros. Venta de vehículos ","Nacional",2026,"01","BMW","Serie 1 Hatch","Automóviles","De Lujo","IMPORTADO",4,31,"Cifras Revisadas"
"Registro Administrativo de la Industria Automotriz de Vehículos Ligeros. Venta de vehículos ","Nacional",2026,"01","BMW","Serie 2","Automóviles","De Lujo","IMPORTADO",4,141,"Cifras Revisadas"
"Registro Administrativo de la Industria Automotriz de Vehículos Ligeros. Venta de vehículos ","Nacional",2026,"01","BMW","Serie 3","Automóviles","De Lujo","IMPORTADO",4,75,"Cifras Revisadas"
"Registro Administrativo de la Industria Automotriz de Vehículos Ligeros. Venta de vehículos ","Nacional",2026,"01","BMW","Serie 4","Automóviles","De Lujo","IMPORTADO",4,52,"Cifras Revisadas"
"Registro Administrativo de la Industria Automotriz de Vehículos Ligeros. Venta de vehículos ","Nacional",2026,"01","BMW","Serie 5","Automóviles","De Lujo","IMPORTADO",4,15,"Cifras Revisadas"
"Registro Administrativo de la Industria Automotriz de Vehículos Ligeros. Venta de vehículos ","Nacional",2026,"01","BMW","Serie 7","Automóviles","De Lujo","IMPORTADO",4,1,"Cifras Revisadas"
"Registro Administrativo de la Industria Automotriz de Vehículos Ligeros. Venta de vehículos ","Nacional",2026,"01","BMW","XM","Automóviles","De Lujo","IMPORTADO",66,8,"Cifras Revisadas"
"Registro Administrativo de la Industria Automotriz de Vehículos Ligeros. Venta de vehículos ","Nacional",2026,"01","BMW","X1","Camiones ligeros","SUV's","IMPORTADO",4,134,"Cifras Revisadas"
"Registro Administrativo de la Industria Automotriz de Vehículos Ligeros. Venta de vehículos ","Nacional",2026,"01","BMW","X2","Camiones ligeros","SUV's","IMPORTADO",4,82,"Cifras Revisadas"
"Registro Administrativo de la Industria Automotriz de Vehículos Ligeros. Venta de vehículos ","Nacional",2026,"01","BMW","X3","Camiones ligeros","SUV's","IMPORTADO",66,191,"Cifras Revisadas"
"Registro Administrativo de la Industria Automotriz de Vehículos Ligeros. Venta de vehículos ","Nacional",2026,"01","BMW","X4","Camiones ligeros","SUV's","IMPORTADO",66,39,"Cifras Revisadas"
"Registro Administrativo de la Industria Automotriz de Vehículos Ligeros. Venta de vehículos ","Nacional",2026,"01","BMW","X5","Camiones ligeros","SUV's","IMPORTADO",66,143,"Cifras Revisadas"
"Registro Administrativo de la Industria Automotriz de Vehículos Ligeros. Venta de vehículos ","Nacional",2026,"01","BMW","X6","Camiones ligeros","SUV's","IMPORTADO",66,97,"Cifras Revisadas"
"Registro Administrativo de la Industria Automotriz de Vehículos Ligeros. Venta de vehículos ","Nacional",2026,"01","BMW","X7","Camiones ligeros","SUV's","IMPORTADO",66,16,"Cifras Revisadas"
"Registro Administrativo de la Industria Automotriz de Vehículos Ligeros. Venta de vehículos ","Nacional",2026,"01","BMW","Z4-","Automóviles","De Lujo","IMPORTADO",4,4,"Cifras Revisadas"
"Registro Administrativo de la Industria Automotriz de Vehículos Ligeros. Venta de vehículos ","Nacional",2026,"01","Changan","ALSVIN","Automóviles","Subcompactos","IMPORTADO",43,279,"Cifras Revisadas"
"Registro Administrativo de la Industria Automotriz de Vehículos Ligeros. Venta de vehículos ","Nacional",2026,"01","Changan","CS35 PLUS","Camiones ligeros","SUV's","IMPORTADO",43,164,"Cifras Revisadas"
"Registro Administrativo de la Industria Automotriz de Vehículos Ligeros. Venta de vehículos ","Nacional",2026,"01","Changan","CS55 PLUS","Camiones ligeros","SUV's","IMPORTADO",43,113,"Cifras Revisadas"
"Registro Administrativo de la Industria Automotriz de Vehículos Ligeros. Venta de vehículos ","Nacional",2026,"01","Changan","CS55 Plus IDD","Camiones ligeros","SUV's","IMPORTADO",43,119,"Cifras Revisadas"
"Registro Administrativo de la Industria Automotriz de Vehículos Ligeros. Venta de vehículos ","Nacional",2026,"01","Changan","CS75","Camiones ligeros","SUV's","IMPORTADO",43,69,"Cifras Revisadas"
"Registro Administrativo de la Industria Automotriz de Vehículos Ligeros. Venta de vehículos ","Nacional",2026,"01","Changan","CS95","Camiones ligeros","SUV's","IMPORTADO",43,9,"Cifras Revisadas"
"Registro Administrativo de la Industria Automotriz de Vehículos Ligeros. Venta de vehículos ","Nacional",2026,"01","Changan","DEEPAL S07 BEV","Camiones ligeros","SUV's","IMPORTADO",43,9,"Cifras Revisadas"
"Registro Administrativo de la Industria Automotriz de Vehículos Ligeros. Venta de vehículos ","Nacional",2026,"01","Changan","DEEPAL S07 REEV","Camiones ligeros","SUV's","IMPORTADO",43,75,"Cifras Revisadas"
"Registro Administrativo de la Industria Automotriz de Vehículos Ligeros. Venta de vehículos ","Nacional",2026,"01","Changan","Eado Plus","Automóviles","Compactos","IMPORTADO",43,147,"Cifras Revisadas"
"Registro Administrativo de la Industria Automotriz de Vehículos Ligeros. Venta de vehículos ","Nacional",2026,"01","Changan","Eado Plus IDD","Automóviles","Compactos","IMPORTADO",43,95,"Cifras Revisadas"
"Registro Administrativo de la Industria Automotriz de Vehículos Ligeros. Venta de vehículos ","Nacional",2026,"01","Changan","HONOR S","Camiones ligeros","Minivans","IMPORTADO",43,113,"Cifras Revisadas"
"Registro Administrativo de la Industria Automotriz de Vehículos Ligeros. Venta de vehículos ","Nacional",2026,"01","Changan","HUNTER CHASIS","Camiones ligeros","Pick Ups","IMPORTADO",43,12,"Cifras Revisadas"
"Registro Administrativo de la Industria Automotriz de Vehículos Ligeros. Venta de vehículos ","Nacional",2026,"01","Changan","HUNTER PLUS","Camiones ligeros","Pick Ups","IMPORTADO",43,105,"Cifras Revisadas"
"Registro Administrativo de la Industria Automotriz de Vehículos Ligeros. Venta de vehículos ","Nacional",2026,"01","Changan","HUNTER WORK","Camiones ligeros","Pick Ups","IMPORTADO",43,29,"Cifras Revisadas"
"Registro Administrativo de la Industria Automotriz de Vehículos Ligeros. Venta de vehículos ","Nacional",2026,"01","Changan","NEW STAR TRUCK","Camiones ligeros","Pick Ups","IMPORTADO",43,186,"Cifras Revisadas"
"Registro Administrativo de la Industria Automotriz de Vehículos Ligeros. Venta de vehículos ","Nacional",2026,"01","Changan","UNI-K","Camiones ligeros","SUV's","IMPORTADO",43,44,"Cifras Revisadas"
"Registro Administrativo de la Industria Automotriz de Vehículos Ligeros. Venta de vehículos ","Nacional",2026,"01","Chrysler","Attitude","Automóviles","Subcompactos","IMPORTADO",214,1,"Cifras Revisadas"
"Registro Administrativo de la Industria Automotriz de Vehículos Ligeros. Venta de vehículos ","Nacional",2026,"01","Chrysler","Challenger","Automóviles","Deportivos","IMPORTADO",40,0,"Cifras Revisadas"
"Registro Administrativo de la Industria Automotriz de Vehículos Ligeros. Venta de vehículos ","Nacional",2026,"01","Chrysler","Charger","Automóviles","De Lujo","IMPORTADO",40,10,"Cifras Revisadas"
"Registro Administrativo de la Industria Automotriz de Vehículos Ligeros. Venta de vehículos ","Nacional",2026,"01","Chrysler","Cherokee","Camiones ligeros","SUV's","IMPORTADO",66,0,"Cifras Revisadas"
"Registro Administrativo de la Industria Automotriz de Vehículos Ligeros. Venta de vehículos ","Nacional",2026,"01","Chrysler","Chrysler Pacifica","Camiones ligeros","Minivans","IMPORTADO",40,0,"Cifras Revisadas"
"Registro Administrativo de la Industria Automotriz de Vehículos Ligeros. Venta de vehículos ","Nacional",2026,"01","Chrysler","Chrysler 200","Automóviles","De Lujo","IMPORTADO",66,0,"Cifras Revisadas"
"Registro Administrativo de la Industria Automotriz de Vehículos Ligeros. Venta de vehículos ","Nacional",2026,"01","Chrysler","Chrysler 300","Automóviles","De Lujo","IMPORTADO",40,0,"Cifras Revisadas"
"Registro Administrativo de la Industria Automotriz de Vehículos Ligeros. Venta de vehículos ","Nacional",2026,"01","Chrysler","CHRYSLER 300C","Automóviles","De Lujo","IMPORTADO",40,0,"Cifras Revisadas"
"Registro Administrativo de la Industria Automotriz de Vehículos Ligeros. Venta de vehículos ","Nacional",2026,"01","Chrysler","Commander","Camiones ligeros","SUV's","IMPORTADO",31,113,"Cifras Revisadas"
"Registro Administrativo de la Industria Automotriz de Vehículos Ligeros. Venta de vehículos ","Nacional",2026,"01","Chrysler","Crew Cab-","Camiones ligeros","Pick Ups","NACIONAL",1,128,"Cifras Revisadas"
"Registro Administrativo de la Industria Automotriz de Vehículos Ligeros. Venta de vehículos ","Nacional",2026,"01","Chrysler","Dodge Neon","Automóviles","Compactos","IMPORTADO",227,0,"Cifras Revisadas"
"Registro Administrativo de la Industria Automotriz de Vehículos Ligeros. Venta de vehículos ","Nacional",2026,"01","Chrysler","Durango","Camiones ligeros","SUV's","IMPORTADO",66,63,"Cifras Revisadas"
"Registro Administrativo de la Industria Automotriz de Vehículos Ligeros. Venta de vehículos ","Nacional",2026,"01","Chrysler","Grand Caravan","Camiones ligeros","Minivans","IMPORTADO",40,0,"Cifras Revisadas"
"Registro Administrativo de la Industria Automotriz de Vehículos Ligeros. Venta de vehículos ","Nacional",2026,"01","Chrysler","Grand Cherokee","Camiones ligeros","SUV's","IMPORTADO",66,139,"Cifras Revisadas"
"Registro Administrativo de la Industria Automotriz de Vehículos Ligeros. Venta de vehículos ","Nacional",2026,"01","Chrysler","Jeep Compass","Camiones ligeros","SUV's","IMPORTADO",66,159,"Cifras Revisadas"
"Registro Administrativo de la Industria Automotriz de Vehículos Ligeros. Venta de vehículos ","Nacional",2026,"01","Chrysler","Jeep Compass-","Camiones ligeros","SUV's","NACIONAL",1,75,"Cifras Revisadas"
"Registro Administrativo de la Industria Automotriz de Vehículos Ligeros. Venta de vehículos ","Nacional",2026,"01","Chrysler","Journey","Camiones ligeros","SUV's","IMPORTADO",43,30,"Cifras Revisadas"
"Registro Administrativo de la Industria Automotriz de Vehículos Ligeros. Venta de vehículos ","Nacional",2026,"01","Chrysler","Journey","Camiones ligeros","SUV's","NACIONAL",1,0,"Cifras Revisadas"
"Registro Administrativo de la Industria Automotriz de Vehículos Ligeros. Venta de vehículos ","Nacional",2026,"01","Chrysler","JT ","Camiones ligeros","Pick Ups","IMPORTADO",66,82,"Cifras Revisadas"
"Registro Administrativo de la Industria Automotriz de Vehículos Ligeros. Venta de vehículos ","Nacional",2026,"01","Chrysler","Nuevo Attitude","Automóviles","Compactos","IMPORTADO",43,735,"Cifras Revisadas"
"Registro Administrativo de la Industria Automotriz de Vehículos Ligeros. Venta de vehículos ","Nacional",2026,"01","Chrysler","Patriot","Camiones ligeros","SUV's","IMPORTADO",66,0,"Cifras Revisadas"
"Registro Administrativo de la Industria Automotriz de Vehículos Ligeros. Venta de vehículos ","Nacional",2026,"01","Chrysler","Promaster","Camiones ligeros","SUV's","NACIONAL",1,1,"Cifras Revisadas"
"Registro Administrativo de la Industria Automotriz de Vehículos Ligeros. Venta de vehículos ","Nacional",2026,"01","Chrysler","Promaster Rapid","Camiones ligeros","Pick Ups","IMPORTADO",31,0,"Cifras Revisadas"
"Registro Administrativo de la Industria Automotriz de Vehículos Ligeros. Venta de vehículos ","Nacional",2026,"01","Chrysler","RAM DS","Camiones ligeros","Pick Ups","IMPORTADO",66,154,"Cifras Revisadas"
"Registro Administrativo de la Industria Automotriz de Vehículos Ligeros. Venta de vehículos ","Nacional",2026,"01","Chrysler","RAM 1200","Camiones ligeros","Pick Ups","NACIONAL",1,2492,"Cifras Revisadas"
"Registro Administrativo de la Industria Automotriz de Vehículos Ligeros. Venta de vehículos ","Nacional",2026,"01","Chrysler","RAM 1500-","Camiones ligeros","Pick Ups","NACIONAL",1,0,"Cifras Revisadas"
"Registro Administrativo de la Industria Automotriz de Vehículos Ligeros. Venta de vehículos ","Nacional",2026,"01","Chrysler","RAM 2500-","Camiones ligeros","Pick Ups","NACIONAL",1,0,"Cifras Revisadas"
"Registro Administrativo de la Industria Automotriz de Vehículos Ligeros. Venta de vehículos ","Nacional",2026,"01","Chrysler","RAM 4000","Camiones ligeros","Pick Ups","NACIONAL",1,143,"Cifras Revisadas"
"Registro Administrativo de la Industria Automotriz de Vehículos Ligeros. Venta de vehículos ","Nacional",2026,"01","Chrysler","RAM 4000 Diesel","Camiones ligeros","Pick Ups","NACIONAL",1,0,"Cifras Revisadas"
"Registro Administrativo de la Industria Automotriz de Vehículos Ligeros. Venta de vehículos ","Nacional",2026,"01","Chrysler","RAM 700","Camiones ligeros","Pick Ups","IMPORTADO",31,1769,"Cifras Revisadas"
"Registro Administrativo de la Industria Automotriz de Vehículos Ligeros. Venta de vehículos ","Nacional",2026,"01","Chrysler","Renegade","Camiones ligeros","SUV's","IMPORTADO",31,266,"Cifras Revisadas"
"Registro Administrativo de la Industria Automotriz de Vehículos Ligeros. Venta de vehículos ","Nacional",2026,"01","Chrysler","Viper","Automóviles","Deportivos","IMPORTADO",66,0,"Cifras Revisadas"
"Registro Administrativo de la Industria Automotriz de Vehículos Ligeros. Venta de vehículos ","Nacional",2026,"01","Chrysler","Vision","Automóviles","Subcompactos","IMPORTADO",31,0,"Cifras Revisadas"
"Registro Administrativo de la Industria Automotriz de Vehículos Ligeros. Venta de vehículos ","Nacional",2026,"01","Chrysler","Voyager Town&Country LTD","Camiones ligeros","Minivans","IMPORTADO",40,0,"Cifras Revisadas"
"Registro Administrativo de la Industria Automotriz de Vehículos Ligeros. Venta de vehículos ","Nacional",2026,"01","Chrysler","Voyager Town&Country LX","Camiones ligeros","Minivans","IMPORTADO",40,0,"Cifras Revisadas"
"Registro Administrativo de la Industria Automotriz de Vehículos Ligeros. Venta de vehículos ","Nacional",2026,"01","Chrysler","Wagoneer","Camiones ligeros","SUV's","IMPORTADO",66,16,"Cifras Revisadas"
"Registro Administrativo de la Industria Automotriz de Vehículos Ligeros. Venta de vehículos ","Nacional",2026,"01","Chrysler","Wrangler","Camiones ligeros","SUV's","IMPORTADO",66,117,"Cifras Revisadas"
"Registro Administrativo de la Industria Automotriz de Vehículos Ligeros. Venta de vehículos ","Nacional",2026,"01","Fiat","Argo","Automóviles","Subcompactos","IMPORTADO",31,31,"Cifras Revisadas"
"Registro Administrativo de la Industria Automotriz de Vehículos Ligeros. Venta de vehículos ","Nacional",2026,"01","Fiat","FASTBACK","Camiones ligeros","SUV's","IMPORTADO",31,78,"Cifras Revisadas"
"Registro Administrativo de la Industria Automotriz de Vehículos Ligeros. Venta de vehículos ","Nacional",2026,"01","Fiat","Pulse","Camiones ligeros","SUV's","IMPORTADO",31,192,"Cifras Revisadas"
"Registro Administrativo de la Industria Automotriz de Vehículos Ligeros. Venta de vehículos ","Nacional",2026,"01","Ford Motor","Bronco","Camiones ligeros","SUV's","IMPORTADO",66,98,"Cifras Revisadas"
"Registro Administrativo de la Industria Automotriz de Vehículos Ligeros. Venta de vehículos ","Nacional",2026,"01","Ford Motor","Bronco Sport","Camiones ligeros","SUV's","NACIONAL",1,161,"Cifras Revisadas"
"Registro Administrativo de la Industria Automotriz de Vehículos Ligeros. Venta de vehículos ","Nacional",2026,"01","Ford Motor","Edge","Camiones ligeros","SUV's","IMPORTADO",40,136,"Cifras Revisadas"
"Registro Administrativo de la Industria Automotriz de Vehículos Ligeros. Venta de vehículos ","Nacional",2026,"01","Ford Motor","Expedition","Camiones ligeros","Minivans","IMPORTADO",66,55,"Cifras Revisadas"
"Registro Administrativo de la Industria Automotriz de Vehículos Ligeros. Venta de vehículos ","Nacional",2026,"01","Ford Motor","Explorer","Camiones ligeros","SUV's","IMPORTADO",66,209,"Cifras Revisadas"
"Registro Administrativo de la Industria Automotriz de Vehículos Ligeros. Venta de vehículos ","Nacional",2026,"01","Ford Motor","F 250 Super Duty","Camiones ligeros","Pick Ups","IMPORTADO",66,62,"Cifras Revisadas"
"Registro Administrativo de la Industria Automotriz de Vehículos Ligeros. Venta de vehículos ","Nacional",2026,"01","Ford Motor","F-350","Camiones ligeros","Pick Ups","IMPORTADO",66,327,"Cifras Revisadas"
"Registro Administrativo de la Industria Automotriz de Vehículos Ligeros. Venta de vehículos ","Nacional",2026,"01","Ford Motor","F-450","Camiones ligeros","Pick Ups","IMPORTADO",66,126,"Cifras Revisadas"
"Registro Administrativo de la Industria Automotriz de Vehículos Ligeros. Venta de vehículos ","Nacional",2026,"01","Ford Motor","F-550","Camiones ligeros","Pick Ups","IMPORTADO",66,34,"Cifras Revisadas"
"Registro Administrativo de la Industria Automotriz de Vehículos Ligeros. Venta de vehículos ","Nacional",2026,"01","Ford Motor","Lobo Crew Cab","Camiones ligeros","Pick Ups","IMPORTADO",66,0,"Cifras Revisadas"
"Registro Administrativo de la Industria Automotriz de Vehículos Ligeros. Venta de vehículos ","Nacional",2026,"01","Ford Motor","Lobo Regular Cab","Camiones ligeros","Pick Ups","IMPORTADO",66,329,"Cifras Revisadas"
"Registro Administrativo de la Industria Automotriz de Vehículos Ligeros. Venta de vehículos ","Nacional",2026,"01","Ford Motor","Maverick","Camiones ligeros","Pick Ups","NACIONAL",1,211,"Cifras Revisadas"
"Registro Administrativo de la Industria Automotriz de Vehículos Ligeros. Venta de vehículos ","Nacional",2026,"01","Ford Motor","Mustang","Automóviles","Deportivos","IMPORTADO",66,117,"Cifras Revisadas"
"Registro Administrativo de la Industria Automotriz de Vehículos Ligeros. Venta de vehículos ","Nacional",2026,"01","Ford Motor","Mustang Mach-E","Camiones ligeros","SUV's","NACIONAL",1,2,"Cifras Revisadas"
"Registro Administrativo de la Industria Automotriz de Vehículos Ligeros. Venta de vehículos ","Nacional",2026,"01","Ford Motor","New F150 / F-150","Camiones ligeros","Pick Ups","IMPORTADO",66,90,"Cifras Revisadas"
"Registro Administrativo de la Industria Automotriz de Vehículos Ligeros. Venta de vehículos ","Nacional",2026,"01","Ford Motor","Ranger","Camiones ligeros","Pick Ups","IMPORTADO",12,527,"Cifras Revisadas"
"Registro Administrativo de la Industria Automotriz de Vehículos Ligeros. Venta de vehículos ","Nacional",2026,"01","Ford Motor","Territory","Camiones ligeros","SUV's","IMPORTADO",43,1229,"Cifras Revisadas"
"Registro Administrativo de la Industria Automotriz de Vehículos Ligeros. Venta de vehículos ","Nacional",2026,"01","Ford Motor","Transit","Camiones ligeros","SUV's","IMPORTADO",181,304,"Cifras Revisadas"
"Registro Administrativo de la Industria Automotriz de Vehículos Ligeros. Venta de vehículos ","Nacional",2026,"01","Foton","HI VAN EV","Camiones ligeros","SUV's","IMPORTADO",43,0,"Cifras Revisadas"
"Registro Administrativo de la Industria Automotriz de Vehículos Ligeros. Venta de vehículos ","Nacional",2026,"01","Foton","HI-VAN","Camiones ligeros","SUV's","IMPORTADO",43,0,"Cifras Revisadas"
"Registro Administrativo de la Industria Automotriz de Vehículos Ligeros. Venta de vehículos ","Nacional",2026,"01","Foton","MILER","Camiones ligeros","Pick Ups","IMPORTADO",43,0,"Cifras Revisadas"
"Registro Administrativo de la Industria Automotriz de Vehículos Ligeros. Venta de vehículos ","Nacional",2026,"01","Foton","S3","Camiones ligeros","Pick Ups","IMPORTADO",43,3,"Cifras Revisadas"
"Registro Administrativo de la Industria Automotriz de Vehículos Ligeros. Venta de vehículos ","Nacional",2026,"01","Foton","S3 EV","Camiones ligeros","Pick Ups","IMPORTADO",43,3,"Cifras Revisadas"
"Registro Administrativo de la Industria Automotriz de Vehículos Ligeros. Venta de vehículos ","Nacional",2026,"01","Foton","TM EV","Camiones ligeros","Pick Ups","IMPORTADO",43,0,"Cifras Revisadas"
"Registro Administrativo de la Industria Automotriz de Vehículos Ligeros. Venta de vehículos ","Nacional",2026,"01","Foton","TM 3","Camiones ligeros","Pick Ups","IMPORTADO",43,0,"Cifras Revisadas"
"Registro Administrativo de la Industria Automotriz de Vehículos Ligeros. Venta de vehículos ","Nacional",2026,"01","Foton","TUNLAND","Camiones ligeros","Pick Ups","IMPORTADO",43,28,"Cifras Revisadas"
"Registro Administrativo de la Industria Automotriz de Vehículos Ligeros. Venta de vehículos ","Nacional",2026,"01","Foton","Tunland EV","Camiones ligeros","Pick Ups","IMPORTADO",43,0,"Cifras Revisadas"
"Registro Administrativo de la Industria Automotriz de Vehículos Ligeros. Venta de vehículos ","Nacional",2026,"01","Foton","VIEW","Camiones ligeros","SUV's","IMPORTADO",43,5,"Cifras Revisadas"
"Registro Administrativo de la Industria Automotriz de Vehículos Ligeros. Venta de vehículos ","Nacional",2026,"01","Foton","VIEW EV","Camiones ligeros","SUV's","IMPORTADO",43,0,"Cifras Revisadas"
"Registro Administrativo de la Industria Automotriz de Vehículos Ligeros. Venta de vehículos ","Nacional",2026,"01","Foton","Wonder EV","Camiones ligeros","Pick Ups","IMPORTADO",43,0,"Cifras Revisadas"
"Registro Administrativo de la Industria Automotriz de Vehículos Ligeros. Venta de vehículos ","Nacional",2026,"01","Geely","Cityray","Camiones ligeros","SUV's","IMPORTADO",43,243,"Cifras Revisadas"
"Registro Administrativo de la Industria Automotriz de Vehículos Ligeros. Venta de vehículos ","Nacional",2026,"01","Geely","Coolray","Camiones ligeros","SUV's","IMPORTADO",43,283,"Cifras Revisadas"
"Registro Administrativo de la Industria Automotriz de Vehículos Ligeros. Venta de vehículos ","Nacional",2026,"01","Geely","Emgrand","Automóviles","Subcompactos","IMPORTADO",43,1749,"Cifras Revisadas"
"Registro Administrativo de la Industria Automotriz de Vehículos Ligeros. Venta de vehículos ","Nacional",2026,"01","Geely","EX2","Camiones ligeros","SUV's","IMPORTADO",43,0,"Cifras Revisadas"
"Registro Administrativo de la Industria Automotriz de Vehículos Ligeros. Venta de vehículos ","Nacional",2026,"01","Geely","EX5","Camiones ligeros","SUV's","IMPORTADO",43,16,"Cifras Revisadas"
"Registro Administrativo de la Industria Automotriz de Vehículos Ligeros. Venta de vehículos ","Nacional",2026,"01","Geely","EX5 EM-i","Camiones ligeros","SUV's","IMPORTADO",43,682,"Cifras Revisadas"
"Registro Administrativo de la Industria Automotriz de Vehículos Ligeros. Venta de vehículos ","Nacional",2026,"01","Geely","Geometry C","Camiones ligeros","SUV's","IMPORTADO",43,0,"Cifras Revisadas"
"Registro Administrativo de la Industria Automotriz de Vehículos Ligeros. Venta de vehículos ","Nacional",2026,"01","Geely","Gx3 Pro","Camiones ligeros","SUV's","IMPORTADO",43,80,"Cifras Revisadas"
"Registro Administrativo de la Industria Automotriz de Vehículos Ligeros. Venta de vehículos ","Nacional",2026,"01","Geely","Monjaro","Camiones ligeros","SUV's","IMPORTADO",43,152,"Cifras Revisadas"
"Registro Administrativo de la Industria Automotriz de Vehículos Ligeros. Venta de vehículos ","Nacional",2026,"01","Geely","Okavango","Camiones ligeros","SUV's","IMPORTADO",43,11,"Cifras Revisadas"
"Registro Administrativo de la Industria Automotriz de Vehículos Ligeros. Venta de vehículos ","Nacional",2026,"01","Geely","Starray","Camiones ligeros","SUV's","IMPORTADO",43,140,"Cifras Revisadas"
"Registro Administrativo de la Industria Automotriz de Vehículos Ligeros. Venta de vehículos ","Nacional",2026,"01","General Motors","Acadia","Camiones ligeros","SUV's","IMPORTADO",66,89,"Cifras Revisadas"
"Registro Administrativo de la Industria Automotriz de Vehículos Ligeros. Venta de vehículos ","Nacional",2026,"01","General Motors","Ats 4p","Automóviles","De Lujo","IMPORTADO",66,0,"Cifras Revisadas"
"Registro Administrativo de la Industria Automotriz de Vehículos Ligeros. Venta de vehículos ","Nacional",2026,"01","General Motors","Avalanche UUV","Camiones ligeros","Pick Ups","NACIONAL",1,0,"Cifras Revisadas"
"Registro Administrativo de la Industria Automotriz de Vehículos Ligeros. Venta de vehículos ","Nacional",2026,"01","General Motors","Aveo","Automóviles","Subcompactos","IMPORTADO",43,5896,"Cifras Revisadas"
"Registro Administrativo de la Industria Automotriz de Vehículos Ligeros. Venta de vehículos ","Nacional",2026,"01","General Motors","Aveo-","Automóviles","Subcompactos","NACIONAL",1,0,"Cifras Revisadas"
"Registro Administrativo de la Industria Automotriz de Vehículos Ligeros. Venta de vehículos ","Nacional",2026,"01","General Motors","Aveo HB","Automóviles","Subcompactos","IMPORTADO",43,0,"Cifras Revisadas"
"Registro Administrativo de la Industria Automotriz de Vehículos Ligeros. Venta de vehículos ","Nacional",2026,"01","General Motors","Beat","Automóviles","Subcompactos","IMPORTADO",95,0,"Cifras Revisadas"
"Registro Administrativo de la Industria Automotriz de Vehículos Ligeros. Venta de vehículos ","Nacional",2026,"01","General Motors","Beat 4 PTAS.","Automóviles","Subcompactos","IMPORTADO",95,0,"Cifras Revisadas"
"Registro Administrativo de la Industria Automotriz de Vehículos Ligeros. Venta de vehículos ","Nacional",2026,"01","General Motors","Blazer","Camiones ligeros","SUV's","NACIONAL",1,18,"Cifras Revisadas"
"Registro Administrativo de la Industria Automotriz de Vehículos Ligeros. Venta de vehículos ","Nacional",2026,"01","General Motors","Blazer EV","Camiones ligeros","SUV's","NACIONAL",1,4,"Cifras Revisadas"
"Registro Administrativo de la Industria Automotriz de Vehículos Ligeros. Venta de vehículos ","Nacional",2026,"01","General Motors","Bolt","Automóviles","Subcompactos","IMPORTADO",66,0,"Cifras Revisadas"
"Registro Administrativo de la Industria Automotriz de Vehículos Ligeros. Venta de vehículos ","Nacional",2026,"01","General Motors","Bolt EUV","Camiones ligeros","SUV's","IMPORTADO",66,0,"Cifras Revisadas"
"Registro Administrativo de la Industria Automotriz de Vehículos Ligeros. Venta de vehículos ","Nacional",2026,"01","General Motors","Brightdrop","Camiones ligeros","Minivans","IMPORTADO",40,0,"Cifras Revisadas"
"Registro Administrativo de la Industria Automotriz de Vehículos Ligeros. Venta de vehículos ","Nacional",2026,"01","General Motors","Camaro","Automóviles","Deportivos","IMPORTADO",66,0,"Cifras Revisadas"
"Registro Administrativo de la Industria Automotriz de Vehículos Ligeros. Venta de vehículos ","Nacional",2026,"01","General Motors","Camaro Convertible","Automóviles","De Lujo","IMPORTADO",66,0,"Cifras Revisadas"
"Registro Administrativo de la Industria Automotriz de Vehículos Ligeros. Venta de vehículos ","Nacional",2026,"01","General Motors","Canyon Crew Cab 4x4","Camiones ligeros","Pick Ups","IMPORTADO",66,173,"Cifras Revisadas"
"Registro Administrativo de la Industria Automotriz de Vehículos Ligeros. Venta de vehículos ","Nacional",2026,"01","General Motors","Captiva Sport","Camiones ligeros","SUV's","NACIONAL",1,0,"Cifras Revisadas"
"Registro Administrativo de la Industria Automotriz de Vehículos Ligeros. Venta de vehículos ","Nacional",2026,"01","General Motors","Captiva SUV","Camiones ligeros","SUV's","IMPORTADO",43,1480,"Cifras Revisadas"
"Registro Administrativo de la Industria Automotriz de Vehículos Ligeros. Venta de vehículos ","Nacional",2026,"01","General Motors","Cavalier 4 Ptas","Automóviles","Compactos","IMPORTADO",43,10,"Cifras Revisadas"
"Registro Administrativo de la Industria Automotriz de Vehículos Ligeros. Venta de vehículos ","Nacional",2026,"01","General Motors","Chevrolet Express Cargo Van","Camiones ligeros","Minivans","IMPORTADO",66,1,"Cifras Revisadas"
"Registro Administrativo de la Industria Automotriz de Vehículos Ligeros. Venta de vehículos ","Nacional",2026,"01","General Motors","Chevrolet Express Cutaway","Camiones ligeros","Minivans","IMPORTADO",66,0,"Cifras Revisadas"
"Registro Administrativo de la Industria Automotriz de Vehículos Ligeros. Venta de vehículos ","Nacional",2026,"01","General Motors","Chevrolet Express MAX Cargo Van","Camiones ligeros","Minivans","IMPORTADO",43,81,"Cifras Revisadas"
"Registro Administrativo de la Industria Automotriz de Vehículos Ligeros. Venta de vehículos ","Nacional",2026,"01","General Motors","Chevrolet Express Passenger Van","Camiones ligeros","Minivans","IMPORTADO",66,0,"Cifras Revisadas"
"Registro Administrativo de la Industria Automotriz de Vehículos Ligeros. Venta de vehículos ","Nacional",2026,"01","General Motors","Chevy 3 Ptas","Automóviles","Subcompactos","NACIONAL",1,0,"Cifras Revisadas"
"Registro Administrativo de la Industria Automotriz de Vehículos Ligeros. Venta de vehículos ","Nacional",2026,"01","General Motors","Chevy 4 PTAS","Automóviles","Subcompactos","NACIONAL",1,0,"Cifras Revisadas"
"Registro Administrativo de la Industria Automotriz de Vehículos Ligeros. Venta de vehículos ","Nacional",2026,"01","General Motors","Cheyenne  Doble Cabina","Camiones ligeros","Pick Ups","NACIONAL",1,360,"Cifras Revisadas"
"Registro Administrativo de la Industria Automotriz de Vehículos Ligeros. Venta de vehículos ","Nacional",2026,"01","General Motors","Cheyenne Cabina Regular","Camiones ligeros","Pick Ups","NACIONAL",1,50,"Cifras Revisadas"
"Registro Administrativo de la Industria Automotriz de Vehículos Ligeros. Venta de vehículos ","Nacional",2026,"01","General Motors","Cheyenne Doble Cabina","Camiones ligeros","Pick Ups","IMPORTADO",66,0,"Cifras Revisadas"
"Registro Administrativo de la Industria Automotriz de Vehículos Ligeros. Venta de vehículos ","Nacional",2026,"01","General Motors","Colorado Doble Cabina","Camiones ligeros","Pick Ups","IMPORTADO",66,192,"Cifras Revisadas"
"Registro Administrativo de la Industria Automotriz de Vehículos Ligeros. Venta de vehículos ","Nacional",2026,"01","General Motors","Corvette","Automóviles","Deportivos","IMPORTADO",66,10,"Cifras Revisadas"
"Registro Administrativo de la Industria Automotriz de Vehículos Ligeros. Venta de vehículos ","Nacional",2026,"01","General Motors","Corvette 2  Pts. Convertible","Automóviles","De Lujo","IMPORTADO",66,2,"Cifras Revisadas"
"Registro Administrativo de la Industria Automotriz de Vehículos Ligeros. Venta de vehículos ","Nacional",2026,"01","General Motors","Cruze 4 PTAS-","Automóviles","Compactos","NACIONAL",1,0,"Cifras Revisadas"
"Registro Administrativo de la Industria Automotriz de Vehículos Ligeros. Venta de vehículos ","Nacional",2026,"01","General Motors","Cruze 4 Ptas","Automóviles","Compactos","IMPORTADO",48,0,"Cifras Revisadas"
"Registro Administrativo de la Industria Automotriz de Vehículos Ligeros. Venta de vehículos ","Nacional",2026,"01","General Motors","Cruze 5 Ptas","Automóviles","Compactos","NACIONAL",1,0,"Cifras Revisadas"
"Registro Administrativo de la Industria Automotriz de Vehículos Ligeros. Venta de vehículos ","Nacional",2026,"01","General Motors","Cts 2 Ptas","Automóviles","De Lujo","IMPORTADO",66,0,"Cifras Revisadas"
"Registro Administrativo de la Industria Automotriz de Vehículos Ligeros. Venta de vehículos ","Nacional",2026,"01","General Motors","Cts 4 Ptas","Automóviles","De Lujo","IMPORTADO",66,0,"Cifras Revisadas"
"Registro Administrativo de la Industria Automotriz de Vehículos Ligeros. Venta de vehículos ","Nacional",2026,"01","General Motors","Enclave","Camiones ligeros","SUV's","IMPORTADO",66,42,"Cifras Revisadas"
"Registro Administrativo de la Industria Automotriz de Vehículos Ligeros. Venta de vehículos ","Nacional",2026,"01","General Motors","Encore","Camiones ligeros","SUV's","IMPORTADO",48,33,"Cifras Revisadas"
"Registro Administrativo de la Industria Automotriz de Vehículos Ligeros. Venta de vehículos ","Nacional",2026,"01","General Motors","Envision SUV","Camiones ligeros","SUV's","IMPORTADO",43,31,"Cifras Revisadas"
"Registro Administrativo de la Industria Automotriz de Vehículos Ligeros. Venta de vehículos ","Nacional",2026,"01","General Motors","Envista SUV","Camiones ligeros","SUV's","IMPORTADO",48,135,"Cifras Revisadas"
"Registro Administrativo de la Industria Automotriz de Vehículos Ligeros. Venta de vehículos ","Nacional",2026,"01","General Motors","Epica","Automóviles","Compactos","IMPORTADO",48,0,"Cifras Revisadas"
"Registro Administrativo de la Industria Automotriz de Vehículos Ligeros. Venta de vehículos ","Nacional",2026,"01","General Motors","Equinox EV","Camiones ligeros","SUV's","NACIONAL",1,17,"Cifras Revisadas"
"Registro Administrativo de la Industria Automotriz de Vehículos Ligeros. Venta de vehículos ","Nacional",2026,"01","General Motors","Equinox SUV-","Camiones ligeros","SUV's","NACIONAL",1,0,"Cifras Revisadas"
"Registro Administrativo de la Industria Automotriz de Vehículos Ligeros. Venta de vehículos ","Nacional",2026,"01","General Motors","Equinox Suv","Camiones ligeros","SUV's","IMPORTADO",66,0,"Cifras Revisadas"
"Registro Administrativo de la Industria Automotriz de Vehículos Ligeros. Venta de vehículos ","Nacional",2026,"01","General Motors","Escalade ESV SUV AWD","Camiones ligeros","Minivans","IMPORTADO",66,32,"Cifras Revisadas"
"Registro Administrativo de la Industria Automotriz de Vehículos Ligeros. Venta de vehículos ","Nacional",2026,"01","General Motors","Escalade ESV SUV AWD","Camiones ligeros","Minivans","NACIONAL",1,0,"Cifras Revisadas"
"Registro Administrativo de la Industria Automotriz de Vehículos Ligeros. Venta de vehículos ","Nacional",2026,"01","General Motors","Escalade EXT UUV 4X4","Camiones ligeros","Minivans","NACIONAL",1,0,"Cifras Revisadas"
"Registro Administrativo de la Industria Automotriz de Vehículos Ligeros. Venta de vehículos ","Nacional",2026,"01","General Motors","Escalade IQ Suv","Camiones ligeros","SUV's","NACIONAL",1,13,"Cifras Revisadas"
"Registro Administrativo de la Industria Automotriz de Vehículos Ligeros. Venta de vehículos ","Nacional",2026,"01","General Motors","Escalade IQL Suv","Camiones ligeros","SUV's","NACIONAL",1,9,"Cifras Revisadas"
"Registro Administrativo de la Industria Automotriz de Vehículos Ligeros. Venta de vehículos ","Nacional",2026,"01","General Motors","Escalade Suv","Camiones ligeros","Minivans","IMPORTADO",66,46,"Cifras Revisadas"
"Registro Administrativo de la Industria Automotriz de Vehículos Ligeros. Venta de vehículos ","Nacional",2026,"01","General Motors","GMC Sierra Cabina Regular","Camiones ligeros","Pick Ups","IMPORTADO",66,0,"Cifras Revisadas"
"Registro Administrativo de la Industria Automotriz de Vehículos Ligeros. Venta de vehículos ","Nacional",2026,"01","General Motors","GMC Sierra Doble Cabina","Camiones ligeros","Pick Ups","NACIONAL",1,0,"Cifras Revisadas"
"Registro Administrativo de la Industria Automotriz de Vehículos Ligeros. Venta de vehículos ","Nacional",2026,"01","General Motors","Groove SUV","Camiones ligeros","SUV's","IMPORTADO",43,1626,"Cifras Revisadas"
"Registro Administrativo de la Industria Automotriz de Vehículos Ligeros. Venta de vehículos ","Nacional",2026,"01","General Motors","Hummer EV Pickup","Camiones ligeros","Pick Ups","IMPORTADO",66,2,"Cifras Revisadas"
"Registro Administrativo de la Industria Automotriz de Vehículos Ligeros. Venta de vehículos ","Nacional",2026,"01","General Motors","Hummer EV SUV","Camiones ligeros","SUV's","IMPORTADO",66,5,"Cifras Revisadas"
"Registro Administrativo de la Industria Automotriz de Vehículos Ligeros. Venta de vehículos ","Nacional",2026,"01","General Motors","Kodiak Chassis Cab Class 7 PBV33,000","Camiones ligeros","Pick Ups","NACIONAL",1,0,"Cifras Revisadas"
"Registro Administrativo de la Industria Automotriz de Vehículos Ligeros. Venta de vehículos ","Nacional",2026,"01","General Motors","Lacrosse","Automóviles","De Lujo","IMPORTADO",66,0,"Cifras Revisadas"
"Registro Administrativo de la Industria Automotriz de Vehículos Ligeros. Venta de vehículos ","Nacional",2026,"01","General Motors","Lyriq SUV ","Camiones ligeros","SUV's","IMPORTADO",66,3,"Cifras Revisadas"
"Registro Administrativo de la Industria Automotriz de Vehículos Ligeros. Venta de vehículos ","Nacional",2026,"01","General Motors","Malibu 4 Ptas","Automóviles","Compactos","IMPORTADO",66,0,"Cifras Revisadas"
"Registro Administrativo de la Industria Automotriz de Vehículos Ligeros. Venta de vehículos ","Nacional",2026,"01","General Motors","Matiz 5 Ptas","Automóviles","Subcompactos","IMPORTADO",48,0,"Cifras Revisadas"
"Registro Administrativo de la Industria Automotriz de Vehículos Ligeros. Venta de vehículos ","Nacional",2026,"01","General Motors","Montana Crew Cab","Camiones ligeros","Pick Ups","IMPORTADO",31,231,"Cifras Revisadas"
"Registro Administrativo de la Industria Automotriz de Vehículos Ligeros. Venta de vehículos ","Nacional",2026,"01","General Motors","Onix","Automóviles","Compactos","IMPORTADO",43,886,"Cifras Revisadas"
"Registro Administrativo de la Industria Automotriz de Vehículos Ligeros. Venta de vehículos ","Nacional",2026,"01","General Motors","Onix","Automóviles","Compactos","NACIONAL",1,0,"Cifras Revisadas"
"Registro Administrativo de la Industria Automotriz de Vehículos Ligeros. Venta de vehículos ","Nacional",2026,"01","General Motors","Optiq","Camiones ligeros","SUV's","NACIONAL",1,13,"Cifras Revisadas"
"Registro Administrativo de la Industria Automotriz de Vehículos Ligeros. Venta de vehículos ","Nacional",2026,"01","General Motors","Regal","Automóviles","De Lujo","IMPORTADO",40,0,"Cifras Revisadas"
"Registro Administrativo de la Industria Automotriz de Vehículos Ligeros. Venta de vehículos ","Nacional",2026,"01","General Motors","Sierra Cabina Regular","Camiones ligeros","Pick Ups","NACIONAL",1,47,"Cifras Revisadas"
"Registro Administrativo de la Industria Automotriz de Vehículos Ligeros. Venta de vehículos ","Nacional",2026,"01","General Motors","Sierra Doble Cabina","Camiones ligeros","Pick Ups","IMPORTADO",66,30,"Cifras Revisadas"
"Registro Administrativo de la Industria Automotriz de Vehículos Ligeros. Venta de vehículos ","Nacional",2026,"01","General Motors","Sierra Doble Cabina","Camiones ligeros","Pick Ups","NACIONAL",1,102,"Cifras Revisadas"
"Registro Administrativo de la Industria Automotriz de Vehículos Ligeros. Venta de vehículos ","Nacional",2026,"01","General Motors","Silverado Cabina Regular","Camiones ligeros","Pick Ups","NACIONAL",1,88,"Cifras Revisadas"
"Registro Administrativo de la Industria Automotriz de Vehículos Ligeros. Venta de vehículos ","Nacional",2026,"01","General Motors","Silverado Doble Cabina","Camiones ligeros","Pick Ups","NACIONAL",1,72,"Cifras Revisadas"
"Registro Administrativo de la Industria Automotriz de Vehículos Ligeros. Venta de vehículos ","Nacional",2026,"01","General Motors","Silverado 1500 Cabina Regular","Camiones ligeros","Pick Ups","IMPORTADO",66,0,"Cifras Revisadas"
"Registro Administrativo de la Industria Automotriz de Vehículos Ligeros. Venta de vehículos ","Nacional",2026,"01","General Motors","Silverado 1500 Cabina Regular-","Camiones ligeros","Pick Ups","NACIONAL",1,0,"Cifras Revisadas"
"Registro Administrativo de la Industria Automotriz de Vehículos Ligeros. Venta de vehículos ","Nacional",2026,"01","General Motors","Silverado 2500 Cabina Extendida","Camiones ligeros","Pick Ups","IMPORTADO",66,0,"Cifras Revisadas"
"Registro Administrativo de la Industria Automotriz de Vehículos Ligeros. Venta de vehículos ","Nacional",2026,"01","General Motors","Silverado 2500 Cabina Regular","Camiones ligeros","Pick Ups","IMPORTADO",66,0,"Cifras Revisadas"
"Registro Administrativo de la Industria Automotriz de Vehículos Ligeros. Venta de vehículos ","Nacional",2026,"01","General Motors","Silverado 2500 Cabina Regular-","Camiones ligeros","Pick Ups","NACIONAL",1,0,"Cifras Revisadas"
"Registro Administrativo de la Industria Automotriz de Vehículos Ligeros. Venta de vehículos ","Nacional",2026,"01","General Motors","Silverado 2500 Doble Cabina-","Camiones ligeros","Pick Ups","NACIONAL",1,0,"Cifras Revisadas"
"Registro Administrativo de la Industria Automotriz de Vehículos Ligeros. Venta de vehículos ","Nacional",2026,"01","General Motors","Silverado 3500 Chassis Cab","Camiones ligeros","Pick Ups","NACIONAL",1,9,"Cifras Revisadas"
"Registro Administrativo de la Industria Automotriz de Vehículos Ligeros. Venta de vehículos ","Nacional",2026,"01","General Motors","Silverado 3500 HD Chassis Cab Heavy Duty","Camiones ligeros","Pick Ups","NACIONAL",1,0,"Cifras Revisadas"
"Registro Administrativo de la Industria Automotriz de Vehículos Ligeros. Venta de vehículos ","Nacional",2026,"01","General Motors","Sonic-","Automóviles","Subcompactos","NACIONAL",1,0,"Cifras Revisadas"
"Registro Administrativo de la Industria Automotriz de Vehículos Ligeros. Venta de vehículos ","Nacional",2026,"01","General Motors","Sonic 5 PTS","Automóviles","Subcompactos","IMPORTADO",66,0,"Cifras Revisadas"
"Registro Administrativo de la Industria Automotriz de Vehículos Ligeros. Venta de vehículos ","Nacional",2026,"01","General Motors","Sonic 5 PTS-","Automóviles","Subcompactos","NACIONAL",1,0,"Cifras Revisadas"
"Registro Administrativo de la Industria Automotriz de Vehículos Ligeros. Venta de vehículos ","Nacional",2026,"01","General Motors","Spark","Automóviles","Subcompactos","IMPORTADO",95,0,"Cifras Revisadas"
"Registro Administrativo de la Industria Automotriz de Vehículos Ligeros. Venta de vehículos ","Nacional",2026,"01","General Motors","Spark EUV 4 dr.","Camiones ligeros","SUV's","IMPORTADO",43,214,"Cifras Revisadas"
"Registro Administrativo de la Industria Automotriz de Vehículos Ligeros. Venta de vehículos ","Nacional",2026,"01","General Motors","Spark EV 5 Ptas.","Automóviles","Subcompactos","IMPORTADO",48,0,"Cifras Revisadas"
"Registro Administrativo de la Industria Automotriz de Vehículos Ligeros. Venta de vehículos ","Nacional",2026,"01","General Motors","Spark NG","Automóviles","Subcompactos","IMPORTADO",48,0,"Cifras Revisadas"
"Registro Administrativo de la Industria Automotriz de Vehículos Ligeros. Venta de vehículos ","Nacional",2026,"01","General Motors","SRX SUV-","Camiones ligeros","SUV's","NACIONAL",1,0,"Cifras Revisadas"
"Registro Administrativo de la Industria Automotriz de Vehículos Ligeros. Venta de vehículos ","Nacional",2026,"01","General Motors","Suburban Suv","Camiones ligeros","SUV's","IMPORTADO",66,180,"Cifras Revisadas"
"Registro Administrativo de la Industria Automotriz de Vehículos Ligeros. Venta de vehículos ","Nacional",2026,"01","General Motors","S10","Camiones ligeros","Pick Ups","IMPORTADO",31,1570,"Cifras Revisadas"
"Registro Administrativo de la Industria Automotriz de Vehículos Ligeros. Venta de vehículos ","Nacional",2026,"01","General Motors","S10 Max Cabina Regular","Camiones ligeros","Pick Ups","IMPORTADO",43,0,"Cifras Revisadas"
"Registro Administrativo de la Industria Automotriz de Vehículos Ligeros. Venta de vehículos ","Nacional",2026,"01","General Motors","S10 Max Chassis","Camiones ligeros","Pick Ups","IMPORTADO",43,0,"Cifras Revisadas"
"Registro Administrativo de la Industria Automotriz de Vehículos Ligeros. Venta de vehículos ","Nacional",2026,"01","General Motors","S10 Max Doble Cabina","Camiones ligeros","Pick Ups","IMPORTADO",43,0,"Cifras Revisadas"
"Registro Administrativo de la Industria Automotriz de Vehículos Ligeros. Venta de vehículos ","Nacional",2026,"01","General Motors","Tahoe","Camiones ligeros","SUV's","IMPORTADO",66,196,"Cifras Revisadas"
"Registro Administrativo de la Industria Automotriz de Vehículos Ligeros. Venta de vehículos ","Nacional",2026,"01","General Motors","Terrain SUV-","Camiones ligeros","SUV's","NACIONAL",1,221,"Cifras Revisadas"
"Registro Administrativo de la Industria Automotriz de Vehículos Ligeros. Venta de vehículos ","Nacional",2026,"01","General Motors","Terrain Suv","Camiones ligeros","SUV's","IMPORTADO",40,0,"Cifras Revisadas"
"Registro Administrativo de la Industria Automotriz de Vehículos Ligeros. Venta de vehículos ","Nacional",2026,"01","General Motors","Tornado Pickup","Camiones ligeros","Pick Ups","IMPORTADO",31,0,"Cifras Revisadas"
"Registro Administrativo de la Industria Automotriz de Vehículos Ligeros. Venta de vehículos ","Nacional",2026,"01","General Motors","Tornado Van","Camiones ligeros","Minivans","IMPORTADO",43,1245,"Cifras Revisadas"
"Registro Administrativo de la Industria Automotriz de Vehículos Ligeros. Venta de vehículos ","Nacional",2026,"01","General Motors","Tracker","Camiones ligeros","SUV's","IMPORTADO",31,141,"Cifras Revisadas"
"Registro Administrativo de la Industria Automotriz de Vehículos Ligeros. Venta de vehículos ","Nacional",2026,"01","General Motors","Traverse Suv","Camiones ligeros","SUV's","IMPORTADO",66,95,"Cifras Revisadas"
"Registro Administrativo de la Industria Automotriz de Vehículos Ligeros. Venta de vehículos ","Nacional",2026,"01","General Motors","Trax","Camiones ligeros","SUV's","NACIONAL",1,534,"Cifras Revisadas"
"Registro Administrativo de la Industria Automotriz de Vehículos Ligeros. Venta de vehículos ","Nacional",2026,"01","General Motors","Verano","Automóviles","De Lujo","IMPORTADO",66,0,"Cifras Revisadas"
"Registro Administrativo de la Industria Automotriz de Vehículos Ligeros. Venta de vehículos ","Nacional",2026,"01","General Motors","Volt 4 Ptas.","Automóviles","Subcompactos","IMPORTADO",66,0,"Cifras Revisadas"
"Registro Administrativo de la Industria Automotriz de Vehículos Ligeros. Venta de vehículos ","Nacional",2026,"01","General Motors","Xt4 Suv","Camiones ligeros","SUV's","IMPORTADO",66,9,"Cifras Revisadas"
"Registro Administrativo de la Industria Automotriz de Vehículos Ligeros. Venta de vehículos ","Nacional",2026,"01","General Motors","XT5 SUV","Camiones ligeros","SUV's","IMPORTADO",66,3,"Cifras Revisadas"
"Registro Administrativo de la Industria Automotriz de Vehículos Ligeros. Venta de vehículos ","Nacional",2026,"01","General Motors","Yukon Suv","Camiones ligeros","SUV's","IMPORTADO",66,46,"Cifras Revisadas"
"Registro Administrativo de la Industria Automotriz de Vehículos Ligeros. Venta de vehículos ","Nacional",2026,"01","General Motors","Yukon XL","Camiones ligeros","SUV's","IMPORTADO",66,47,"Cifras Revisadas"
"Registro Administrativo de la Industria Automotriz de Vehículos Ligeros. Venta de vehículos ","Nacional",2026,"01","Great Wall Motor","HAVAL H6","Camiones ligeros","SUV's","IMPORTADO",43,156,"Cifras Revisadas"
"Registro Administrativo de la Industria Automotriz de Vehículos Ligeros. Venta de vehículos ","Nacional",2026,"01","Great Wall Motor","HAVAL Jolion","Camiones ligeros","SUV's","IMPORTADO",43,752,"Cifras Revisadas"
"Registro Administrativo de la Industria Automotriz de Vehículos Ligeros. Venta de vehículos ","Nacional",2026,"01","Great Wall Motor","ORA 03","Automóviles","Subcompactos","IMPORTADO",43,23,"Cifras Revisadas"
"Registro Administrativo de la Industria Automotriz de Vehículos Ligeros. Venta de vehículos ","Nacional",2026,"01","Great Wall Motor","POER","Camiones ligeros","Pick Ups","IMPORTADO",43,250,"Cifras Revisadas"
"Registro Administrativo de la Industria Automotriz de Vehículos Ligeros. Venta de vehículos ","Nacional",2026,"01","Great Wall Motor","TANK 300","Camiones ligeros","SUV's","IMPORTADO",43,38,"Cifras Revisadas"
"Registro Administrativo de la Industria Automotriz de Vehículos Ligeros. Venta de vehículos ","Nacional",2026,"01","Great Wall Motor","TANK 500","Camiones ligeros","SUV's","IMPORTADO",43,17,"Cifras Revisadas"
"Registro Administrativo de la Industria Automotriz de Vehículos Ligeros. Venta de vehículos ","Nacional",2026,"01","Honda","Accord-","Automóviles","De Lujo","IMPORTADO",66,51,"Cifras Revisadas"
"Registro Administrativo de la Industria Automotriz de Vehículos Ligeros. Venta de vehículos ","Nacional",2026,"01","Honda","BR-V","Camiones ligeros","SUV's","IMPORTADO",214,498,"Cifras Revisadas"
"Registro Administrativo de la Industria Automotriz de Vehículos Ligeros. Venta de vehículos ","Nacional",2026,"01","Honda","Civic","Automóviles","Compactos","IMPORTADO",66,337,"Cifras Revisadas"
"Registro Administrativo de la Industria Automotriz de Vehículos Ligeros. Venta de vehículos ","Nacional",2026,"01","Honda","CR-V","Camiones ligeros","SUV's","IMPORTADO",66,1141,"Cifras Revisadas"
"Registro Administrativo de la Industria Automotriz de Vehículos Ligeros. Venta de vehículos ","Nacional",2026,"01","Honda","Honda City","Automóviles","Compactos","IMPORTADO",31,1086,"Cifras Revisadas"
"Registro Administrativo de la Industria Automotriz de Vehículos Ligeros. Venta de vehículos ","Nacional",2026,"01","Honda","Honda Pilot","Camiones ligeros","SUV's","IMPORTADO",66,142,"Cifras Revisadas"
"Registro Administrativo de la Industria Automotriz de Vehículos Ligeros. Venta de vehículos ","Nacional",2026,"01","Honda","HR-V-","Camiones ligeros","SUV's","NACIONAL",1,765,"Cifras Revisadas"
"Registro Administrativo de la Industria Automotriz de Vehículos Ligeros. Venta de vehículos ","Nacional",2026,"01","Honda","Insight Hybrid","Automóviles","Compactos","IMPORTADO",66,0,"Cifras Revisadas"
"Registro Administrativo de la Industria Automotriz de Vehículos Ligeros. Venta de vehículos ","Nacional",2026,"01","Honda","Odyssey","Camiones ligeros","Minivans","IMPORTADO",40,34,"Cifras Revisadas"
"Registro Administrativo de la Industria Automotriz de Vehículos Ligeros. Venta de vehículos ","Nacional",2026,"01","Hyundai","Accent Hatchback","Automóviles","Subcompactos","NACIONAL",1,0,"Cifras Revisadas"
"Registro Administrativo de la Industria Automotriz de Vehículos Ligeros. Venta de vehículos ","Nacional",2026,"01","Hyundai","Accent Sedan","Automóviles","Subcompactos","NACIONAL",1,0,"Cifras Revisadas"
"Registro Administrativo de la Industria Automotriz de Vehículos Ligeros. Venta de vehículos ","Nacional",2026,"01","Hyundai","Creta","Camiones ligeros","SUV's","IMPORTADO",95,1691,"Cifras Revisadas"
"Registro Administrativo de la Industria Automotriz de Vehículos Ligeros. Venta de vehículos ","Nacional",2026,"01","Hyundai","Elantra","Automóviles","Compactos","IMPORTADO",66,37,"Cifras Revisadas"
"Registro Administrativo de la Industria Automotriz de Vehículos Ligeros. Venta de vehículos ","Nacional",2026,"01","Hyundai","Genesis","Automóviles","De Lujo","IMPORTADO",48,0,"Cifras Revisadas"
"Registro Administrativo de la Industria Automotriz de Vehículos Ligeros. Venta de vehículos ","Nacional",2026,"01","Hyundai","Grand I10","Automóviles","Subcompactos","IMPORTADO",95,1051,"Cifras Revisadas"
"Registro Administrativo de la Industria Automotriz de Vehículos Ligeros. Venta de vehículos ","Nacional",2026,"01","Hyundai","Grand I10 Sedán","Automóviles","Subcompactos","IMPORTADO",95,759,"Cifras Revisadas"
"Registro Administrativo de la Industria Automotriz de Vehículos Ligeros. Venta de vehículos ","Nacional",2026,"01","Hyundai","HB20 HATCHBACK","Automóviles","Compactos","IMPORTADO",31,12,"Cifras Revisadas"
"Registro Administrativo de la Industria Automotriz de Vehículos Ligeros. Venta de vehículos ","Nacional",2026,"01","Hyundai","HB20 SEDAN","Automóviles","Compactos","IMPORTADO",31,118,"Cifras Revisadas"
"Registro Administrativo de la Industria Automotriz de Vehículos Ligeros. Venta de vehículos ","Nacional",2026,"01","Hyundai","Ioniq","Automóviles","Compactos","IMPORTADO",48,0,"Cifras Revisadas"
"Registro Administrativo de la Industria Automotriz de Vehículos Ligeros. Venta de vehículos ","Nacional",2026,"01","Hyundai","Ioniq 5","Automóviles","Compactos","IMPORTADO",48,1,"Cifras Revisadas"
"Registro Administrativo de la Industria Automotriz de Vehículos Ligeros. Venta de vehículos ","Nacional",2026,"01","Hyundai","IX35","Camiones ligeros","SUV's","IMPORTADO",184,0,"Cifras Revisadas"
"Registro Administrativo de la Industria Automotriz de Vehículos Ligeros. Venta de vehículos ","Nacional",2026,"01","Hyundai","Palisade","Camiones ligeros","SUV's","IMPORTADO",48,32,"Cifras Revisadas"
"Registro Administrativo de la Industria Automotriz de Vehículos Ligeros. Venta de vehículos ","Nacional",2026,"01","Hyundai","Santa Fe","Camiones ligeros","SUV's","IMPORTADO",66,61,"Cifras Revisadas"
"Registro Administrativo de la Industria Automotriz de Vehículos Ligeros. Venta de vehículos ","Nacional",2026,"01","Hyundai","Santa FE 7 P","Camiones ligeros","SUV's","IMPORTADO",48,0,"Cifras Revisadas"
"Registro Administrativo de la Industria Automotriz de Vehículos Ligeros. Venta de vehículos ","Nacional",2026,"01","Hyundai","Sonata","Automóviles","Compactos","IMPORTADO",66,0,"Cifras Revisadas"
"Registro Administrativo de la Industria Automotriz de Vehículos Ligeros. Venta de vehículos ","Nacional",2026,"01","Hyundai","Starex","Camiones ligeros","Minivans","IMPORTADO",48,0,"Cifras Revisadas"
"Registro Administrativo de la Industria Automotriz de Vehículos Ligeros. Venta de vehículos ","Nacional",2026,"01","Hyundai","Tucson","Camiones ligeros","SUV's","IMPORTADO",184,363,"Cifras Revisadas"
"Registro Administrativo de la Industria Automotriz de Vehículos Ligeros. Venta de vehículos ","Nacional",2026,"01","Hyundai","Veloster","Automóviles","Deportivos","IMPORTADO",48,0,"Cifras Revisadas"
"Registro Administrativo de la Industria Automotriz de Vehículos Ligeros. Venta de vehículos ","Nacional",2026,"01","Infiniti","Infiniti","Automóviles","De Lujo","IMPORTADO",126,0,"Cifras Revisadas"
"Registro Administrativo de la Industria Automotriz de Vehículos Ligeros. Venta de vehículos ","Nacional",2026,"01","Infiniti","QX30","Automóviles","De Lujo","IMPORTADO",181,0,"Cifras Revisadas"
"Registro Administrativo de la Industria Automotriz de Vehículos Ligeros. Venta de vehículos ","Nacional",2026,"01","Infiniti","QX50","Camiones ligeros","SUV's","NACIONAL",1,23,"Cifras Revisadas"
"Registro Administrativo de la Industria Automotriz de Vehículos Ligeros. Venta de vehículos ","Nacional",2026,"01","Infiniti","QX55","Camiones ligeros","SUV's","NACIONAL",1,30,"Cifras Revisadas"
"Registro Administrativo de la Industria Automotriz de Vehículos Ligeros. Venta de vehículos ","Nacional",2026,"01","Infiniti","QX60","Camiones ligeros","SUV's","IMPORTADO",126,44,"Cifras Revisadas"
"Registro Administrativo de la Industria Automotriz de Vehículos Ligeros. Venta de vehículos ","Nacional",2026,"01","Infiniti","QX70","Camiones ligeros","SUV's","IMPORTADO",126,0,"Cifras Revisadas"
"Registro Administrativo de la Industria Automotriz de Vehículos Ligeros. Venta de vehículos ","Nacional",2026,"01","Infiniti","QX80","Camiones ligeros","SUV's","IMPORTADO",126,12,"Cifras Revisadas"
"Registro Administrativo de la Industria Automotriz de Vehículos Ligeros. Venta de vehículos ","Nacional",2026,"01","Infiniti","Q50","Automóviles","De Lujo","IMPORTADO",126,0,"Cifras Revisadas"
"Registro Administrativo de la Industria Automotriz de Vehículos Ligeros. Venta de vehículos ","Nacional",2026,"01","Infiniti","Q60","Automóviles","De Lujo","IMPORTADO",126,0,"Cifras Revisadas"
"Registro Administrativo de la Industria Automotriz de Vehículos Ligeros. Venta de vehículos ","Nacional",2026,"01","Infiniti","Q70","Automóviles","De Lujo","IMPORTADO",126,0,"Cifras Revisadas"
"Registro Administrativo de la Industria Automotriz de Vehículos Ligeros. Venta de vehículos ","Nacional",2026,"01","Isuzu","ELF 200","Camiones ligeros","Pick Ups","IMPORTADO",126,39,"Cifras Revisadas"
"Registro Administrativo de la Industria Automotriz de Vehículos Ligeros. Venta de vehículos ","Nacional",2026,"01","Isuzu","ELF 300","Camiones ligeros","Pick Ups","IMPORTADO",126,55,"Cifras Revisadas"
"Registro Administrativo de la Industria Automotriz de Vehículos Ligeros. Venta de vehículos ","Nacional",2026,"01","Isuzu","ELF 350","Camiones ligeros","Pick Ups","IMPORTADO",126,21,"Cifras Revisadas"
"Registro Administrativo de la Industria Automotriz de Vehículos Ligeros. Venta de vehículos ","Nacional",2026,"01","Isuzu","ELF100","Camiones ligeros","Pick Ups","IMPORTADO",126,34,"Cifras Revisadas"
"Registro Administrativo de la Industria Automotriz de Vehículos Ligeros. Venta de vehículos ","Nacional",2026,"01","JAC","E 10X","Automóviles","Compactos","NACIONAL",1,8,"Cifras Revisadas"
"Registro Administrativo de la Industria Automotriz de Vehículos Ligeros. Venta de vehículos ","Nacional",2026,"01","JAC","E 30x","Automóviles","Subcompactos","NACIONAL",1,10,"Cifras Revisadas"
"Registro Administrativo de la Industria Automotriz de Vehículos Ligeros. Venta de vehículos ","Nacional",2026,"01","JAC","ESei4 Pro","Camiones ligeros","SUV's","NACIONAL",1,1,"Cifras Revisadas"
"Registro Administrativo de la Industria Automotriz de Vehículos Ligeros. Venta de vehículos ","Nacional",2026,"01","JAC","Frison","Camiones ligeros","Pick Ups","NACIONAL",1,783,"Cifras Revisadas"
"Registro Administrativo de la Industria Automotriz de Vehículos Ligeros. Venta de vehículos ","Nacional",2026,"01","JAC","JAC2","Camiones ligeros","SUV's","NACIONAL",1,162,"Cifras Revisadas"
"Registro Administrativo de la Industria Automotriz de Vehículos Ligeros. Venta de vehículos ","Nacional",2026,"01","JAC","JAC4","Camiones ligeros","SUV's","NACIONAL",1,187,"Cifras Revisadas"
"Registro Administrativo de la Industria Automotriz de Vehículos Ligeros. Venta de vehículos ","Nacional",2026,"01","JAC","JAC6","Camiones ligeros","SUV's","NACIONAL",1,110,"Cifras Revisadas"
"Registro Administrativo de la Industria Automotriz de Vehículos Ligeros. Venta de vehículos ","Nacional",2026,"01","JAC","JAC8","Camiones ligeros","SUV's","NACIONAL",1,249,"Cifras Revisadas"
"Registro Administrativo de la Industria Automotriz de Vehículos Ligeros. Venta de vehículos ","Nacional",2026,"01","JAC","J7","Automóviles","Compactos","NACIONAL",1,3,"Cifras Revisadas"
"Registro Administrativo de la Industria Automotriz de Vehículos Ligeros. Venta de vehículos ","Nacional",2026,"01","JAC","Sei2","Camiones ligeros","SUV's","NACIONAL",1,25,"Cifras Revisadas"
"Registro Administrativo de la Industria Automotriz de Vehículos Ligeros. Venta de vehículos ","Nacional",2026,"01","JAC","Sei4 Pro","Camiones ligeros","SUV's","NACIONAL",1,3,"Cifras Revisadas"
"Registro Administrativo de la Industria Automotriz de Vehículos Ligeros. Venta de vehículos ","Nacional",2026,"01","JAC","SUNRAY","Camiones ligeros","Minivans","NACIONAL",1,207,"Cifras Revisadas"
"Registro Administrativo de la Industria Automotriz de Vehículos Ligeros. Venta de vehículos ","Nacional",2026,"01","JAC","Sunray City","Camiones ligeros","Minivans","NACIONAL",1,98,"Cifras Revisadas"
"Registro Administrativo de la Industria Automotriz de Vehículos Ligeros. Venta de vehículos ","Nacional",2026,"01","JAC","Traveler","Automóviles","Compactos","NACIONAL",1,20,"Cifras Revisadas"
"Registro Administrativo de la Industria Automotriz de Vehículos Ligeros. Venta de vehículos ","Nacional",2026,"01","JAC","X 200","Camiones ligeros","Pick Ups","NACIONAL",1,40,"Cifras Revisadas"
"Registro Administrativo de la Industria Automotriz de Vehículos Ligeros. Venta de vehículos ","Nacional",2026,"01","JAC","X350","Camiones ligeros","Pick Ups","NACIONAL",1,102,"Cifras Revisadas"
"Registro Administrativo de la Industria Automotriz de Vehículos Ligeros. Venta de vehículos ","Nacional",2026,"01","Jetour Soueast","Dashing","Camiones ligeros","SUV's","IMPORTADO",43,129,"Cifras Revisadas"
"Registro Administrativo de la Industria Automotriz de Vehículos Ligeros. Venta de vehículos ","Nacional",2026,"01","Jetour Soueast","S06 i-DM","Camiones ligeros","SUV's","IMPORTADO",43,14,"Cifras Revisadas"
"Registro Administrativo de la Industria Automotriz de Vehículos Ligeros. Venta de vehículos ","Nacional",2026,"01","Jetour Soueast","S07","Camiones ligeros","SUV's","IMPORTADO",43,8,"Cifras Revisadas"
"Registro Administrativo de la Industria Automotriz de Vehículos Ligeros. Venta de vehículos ","Nacional",2026,"01","Jetour Soueast","S09","Camiones ligeros","SUV's","IMPORTADO",43,9,"Cifras Revisadas"
"Registro Administrativo de la Industria Automotriz de Vehículos Ligeros. Venta de vehículos ","Nacional",2026,"01","Jetour Soueast","T1","Camiones ligeros","SUV's","IMPORTADO",43,47,"Cifras Revisadas"
"Registro Administrativo de la Industria Automotriz de Vehículos Ligeros. Venta de vehículos ","Nacional",2026,"01","Jetour Soueast","T1 i-DM","Camiones ligeros","SUV's","IMPORTADO",43,54,"Cifras Revisadas"
"Registro Administrativo de la Industria Automotriz de Vehículos Ligeros. Venta de vehículos ","Nacional",2026,"01","Jetour Soueast","T2","Camiones ligeros","SUV's","IMPORTADO",43,69,"Cifras Revisadas"
"Registro Administrativo de la Industria Automotriz de Vehículos Ligeros. Venta de vehículos ","Nacional",2026,"01","Jetour Soueast","T2 i-DM","Camiones ligeros","SUV's","IMPORTADO",43,93,"Cifras Revisadas"
"Registro Administrativo de la Industria Automotriz de Vehículos Ligeros. Venta de vehículos ","Nacional",2026,"01","Jetour Soueast","X70","Camiones ligeros","SUV's","IMPORTADO",43,19,"Cifras Revisadas"
"Registro Administrativo de la Industria Automotriz de Vehículos Ligeros. Venta de vehículos ","Nacional",2026,"01","Jetour Soueast","X70 Plus","Camiones ligeros","SUV's","IMPORTADO",43,13,"Cifras Revisadas"
"Registro Administrativo de la Industria Automotriz de Vehículos Ligeros. Venta de vehículos ","Nacional",2026,"01","KIA","EV6","Camiones ligeros","SUV's","IMPORTADO",48,6,"Cifras Revisadas"
"Registro Administrativo de la Industria Automotriz de Vehículos Ligeros. Venta de vehículos ","Nacional",2026,"01","KIA","KIA K3 Hatchback","Automóviles","Subcompactos","NACIONAL",1,865,"Cifras Revisadas"
"Registro Administrativo de la Industria Automotriz de Vehículos Ligeros. Venta de vehículos ","Nacional",2026,"01","KIA","KIA K3 Sedán","Automóviles","Subcompactos","NACIONAL",1,3550,"Cifras Revisadas"
"Registro Administrativo de la Industria Automotriz de Vehículos Ligeros. Venta de vehículos ","Nacional",2026,"01","KIA","KIA Niro","Camiones ligeros","SUV's","IMPORTADO",48,24,"Cifras Revisadas"
"Registro Administrativo de la Industria Automotriz de Vehículos Ligeros. Venta de vehículos ","Nacional",2026,"01","KIA","K4 Hatchback","Automóviles","Compactos","NACIONAL",1,176,"Cifras Revisadas"
"Registro Administrativo de la Industria Automotriz de Vehículos Ligeros. Venta de vehículos ","Nacional",2026,"01","KIA","K4 Sedán","Automóviles","Compactos","NACIONAL",1,905,"Cifras Revisadas"
"Registro Administrativo de la Industria Automotriz de Vehículos Ligeros. Venta de vehículos ","Nacional",2026,"01","KIA","Seltos-","Camiones ligeros","SUV's","IMPORTADO",43,1517,"Cifras Revisadas"
"Registro Administrativo de la Industria Automotriz de Vehículos Ligeros. Venta de vehículos ","Nacional",2026,"01","KIA","Sonet","Camiones ligeros","SUV's","IMPORTADO",43,1093,"Cifras Revisadas"
"Registro Administrativo de la Industria Automotriz de Vehículos Ligeros. Venta de vehículos ","Nacional",2026,"01","KIA","Sorento","Camiones ligeros","SUV's","IMPORTADO",66,117,"Cifras Revisadas"
"Registro Administrativo de la Industria Automotriz de Vehículos Ligeros. Venta de vehículos ","Nacional",2026,"01","KIA","SPORTAGE","Camiones ligeros","SUV's","IMPORTADO",48,384,"Cifras Revisadas"
"Registro Administrativo de la Industria Automotriz de Vehículos Ligeros. Venta de vehículos ","Nacional",2026,"01","KIA","Sportage HEV","Camiones ligeros","SUV's","IMPORTADO",48,382,"Cifras Revisadas"
"Registro Administrativo de la Industria Automotriz de Vehículos Ligeros. Venta de vehículos ","Nacional",2026,"01","KIA","Telluride","Camiones ligeros","SUV's","IMPORTADO",66,13,"Cifras Revisadas"
"Registro Administrativo de la Industria Automotriz de Vehículos Ligeros. Venta de vehículos ","Nacional",2026,"01","Land Rover","Defender","Camiones ligeros","SUV's","IMPORTADO",181,83,"Cifras Revisadas"
"Registro Administrativo de la Industria Automotriz de Vehículos Ligeros. Venta de vehículos ","Nacional",2026,"01","Land Rover","Discovery","Automóviles","De Lujo","IMPORTADO",181,0,"Cifras Revisadas"
"Registro Administrativo de la Industria Automotriz de Vehículos Ligeros. Venta de vehículos ","Nacional",2026,"01","Land Rover","Discovery Sport","Automóviles","De Lujo","IMPORTADO",181,5,"Cifras Revisadas"
"Registro Administrativo de la Industria Automotriz de Vehículos Ligeros. Venta de vehículos ","Nacional",2026,"01","Land Rover","Range Rover","Automóviles","De Lujo","IMPORTADO",181,7,"Cifras Revisadas"
"Registro Administrativo de la Industria Automotriz de Vehículos Ligeros. Venta de vehículos ","Nacional",2026,"01","Land Rover","Range Rover Evoque","Automóviles","De Lujo","IMPORTADO",181,16,"Cifras Revisadas"
"Registro Administrativo de la Industria Automotriz de Vehículos Ligeros. Venta de vehículos ","Nacional",2026,"01","Land Rover","Range Rover Sport","Camiones ligeros","SUV's","IMPORTADO",181,53,"Cifras Revisadas"
"Registro Administrativo de la Industria Automotriz de Vehículos Ligeros. Venta de vehículos ","Nacional",2026,"01","Land Rover","Range Rover Velar","Automóviles","De Lujo","IMPORTADO",181,10,"Cifras Revisadas"
"Registro Administrativo de la Industria Automotriz de Vehículos Ligeros. Venta de vehículos ","Nacional",2026,"01","Lexus","ES","Automóviles","De Lujo","IMPORTADO",66,8,"Cifras Revisadas"
"Registro Administrativo de la Industria Automotriz de Vehículos Ligeros. Venta de vehículos ","Nacional",2026,"01","Lexus","GX","Camiones ligeros","SUV's","IMPORTADO",126,50,"Cifras Revisadas"
"Registro Administrativo de la Industria Automotriz de Vehículos Ligeros. Venta de vehículos ","Nacional",2026,"01","Lexus","IS","Automóviles","De Lujo","IMPORTADO",126,0,"Cifras Revisadas"
"Registro Administrativo de la Industria Automotriz de Vehículos Ligeros. Venta de vehículos ","Nacional",2026,"01","Lexus","LC","Automóviles","De Lujo","IMPORTADO",126,2,"Cifras Revisadas"
"Registro Administrativo de la Industria Automotriz de Vehículos Ligeros. Venta de vehículos ","Nacional",2026,"01","Lexus","LS","Automóviles","De Lujo","IMPORTADO",126,0,"Cifras Revisadas"
"Registro Administrativo de la Industria Automotriz de Vehículos Ligeros. Venta de vehículos ","Nacional",2026,"01","Lexus","LX","Camiones ligeros","SUV's","IMPORTADO",126,28,"Cifras Revisadas"
"Registro Administrativo de la Industria Automotriz de Vehículos Ligeros. Venta de vehículos ","Nacional",2026,"01","Lexus","NX","Camiones ligeros","SUV's","IMPORTADO",40,54,"Cifras Revisadas"
"Registro Administrativo de la Industria Automotriz de Vehículos Ligeros. Venta de vehículos ","Nacional",2026,"01","Lexus","RX","Camiones ligeros","SUV's","IMPORTADO",40,68,"Cifras Revisadas"
"Registro Administrativo de la Industria Automotriz de Vehículos Ligeros. Venta de vehículos ","Nacional",2026,"01","Lexus","TX","Camiones ligeros","SUV's","IMPORTADO",66,9,"Cifras Revisadas"
"Registro Administrativo de la Industria Automotriz de Vehículos Ligeros. Venta de vehículos ","Nacional",2026,"01","Lexus","UX","Camiones ligeros","SUV's","IMPORTADO",126,1,"Cifras Revisadas"
"Registro Administrativo de la Industria Automotriz de Vehículos Ligeros. Venta de vehículos ","Nacional",2026,"01","Lincoln","AVIATOR","Camiones ligeros","SUV's","IMPORTADO",66,14,"Cifras Revisadas"
"Registro Administrativo de la Industria Automotriz de Vehículos Ligeros. Venta de vehículos ","Nacional",2026,"01","Lincoln","Corsair","Camiones ligeros","SUV's","IMPORTADO",40,26,"Cifras Revisadas"
"Registro Administrativo de la Industria Automotriz de Vehículos Ligeros. Venta de vehículos ","Nacional",2026,"01","Lincoln","NAUTILUS","Automóviles","De Lujo","IMPORTADO",66,65,"Cifras Revisadas"
"Registro Administrativo de la Industria Automotriz de Vehículos Ligeros. Venta de vehículos ","Nacional",2026,"01","Lincoln","Navigator","Camiones ligeros","Minivans","IMPORTADO",66,30,"Cifras Revisadas"
"Registro Administrativo de la Industria Automotriz de Vehículos Ligeros. Venta de vehículos ","Nacional",2026,"01","Lynk&Co","01","Automóviles","De Lujo","IMPORTADO",43,10,"Cifras Revisadas"
"Registro Administrativo de la Industria Automotriz de Vehículos Ligeros. Venta de vehículos ","Nacional",2026,"01","Lynk&Co","08","Automóviles","De Lujo","IMPORTADO",43,115,"Cifras Revisadas"
"Registro Administrativo de la Industria Automotriz de Vehículos Ligeros. Venta de vehículos ","Nacional",2026,"01","Lynk&Co","09","Automóviles","De Lujo","IMPORTADO",43,15,"Cifras Revisadas"
"Registro Administrativo de la Industria Automotriz de Vehículos Ligeros. Venta de vehículos ","Nacional",2026,"01","Mazda","BT-50","Camiones ligeros","Pick Ups","IMPORTADO",214,108,"Cifras Revisadas"
"Registro Administrativo de la Industria Automotriz de Vehículos Ligeros. Venta de vehículos ","Nacional",2026,"01","Mazda","CX-3","Camiones ligeros","SUV's","IMPORTADO",126,372,"Cifras Revisadas"
"Registro Administrativo de la Industria Automotriz de Vehículos Ligeros. Venta de vehículos ","Nacional",2026,"01","Mazda","CX-3","Camiones ligeros","SUV's","NACIONAL",1,0,"Cifras Revisadas"
"Registro Administrativo de la Industria Automotriz de Vehículos Ligeros. Venta de vehículos ","Nacional",2026,"01","Mazda","CX-30","Camiones ligeros","SUV's","NACIONAL",1,1704,"Cifras Revisadas"
"Registro Administrativo de la Industria Automotriz de Vehículos Ligeros. Venta de vehículos ","Nacional",2026,"01","Mazda","CX-5","Camiones ligeros","SUV's","IMPORTADO",126,1518,"Cifras Revisadas"
"Registro Administrativo de la Industria Automotriz de Vehículos Ligeros. Venta de vehículos ","Nacional",2026,"01","Mazda","CX-50","Camiones ligeros","SUV's","IMPORTADO",66,149,"Cifras Revisadas"
"Registro Administrativo de la Industria Automotriz de Vehículos Ligeros. Venta de vehículos ","Nacional",2026,"01","Mazda","Cx-7","Camiones ligeros","SUV's","IMPORTADO",126,0,"Cifras Revisadas"
"Registro Administrativo de la Industria Automotriz de Vehículos Ligeros. Venta de vehículos ","Nacional",2026,"01","Mazda","CX-70","Camiones ligeros","SUV's","IMPORTADO",126,41,"Cifras Revisadas"
"Registro Administrativo de la Industria Automotriz de Vehículos Ligeros. Venta de vehículos ","Nacional",2026,"01","Mazda","CX-9","Camiones ligeros","SUV's","IMPORTADO",126,0,"Cifras Revisadas"
"Registro Administrativo de la Industria Automotriz de Vehículos Ligeros. Venta de vehículos ","Nacional",2026,"01","Mazda","CX-90","Camiones ligeros","SUV's","IMPORTADO",126,177,"Cifras Revisadas"
"Registro Administrativo de la Industria Automotriz de Vehículos Ligeros. Venta de vehículos ","Nacional",2026,"01","Mazda","Mazda 2","Automóviles","Subcompactos","IMPORTADO",126,0,"Cifras Revisadas"
"Registro Administrativo de la Industria Automotriz de Vehículos Ligeros. Venta de vehículos ","Nacional",2026,"01","Mazda","Mazda 2 Hatchback","Automóviles","Subcompactos","NACIONAL",1,396,"Cifras Revisadas"
"Registro Administrativo de la Industria Automotriz de Vehículos Ligeros. Venta de vehículos ","Nacional",2026,"01","Mazda","Mazda 2 Sedán","Automóviles","Subcompactos","NACIONAL",1,1887,"Cifras Revisadas"
"Registro Administrativo de la Industria Automotriz de Vehículos Ligeros. Venta de vehículos ","Nacional",2026,"01","Mazda","Mazda 3 Hatchback","Automóviles","Compactos","IMPORTADO",126,614,"Cifras Revisadas"
"Registro Administrativo de la Industria Automotriz de Vehículos Ligeros. Venta de vehículos ","Nacional",2026,"01","Mazda","Mazda 3 Hatchback","Automóviles","Compactos","NACIONAL",1,0,"Cifras Revisadas"
"Registro Administrativo de la Industria Automotriz de Vehículos Ligeros. Venta de vehículos ","Nacional",2026,"01","Mazda","Mazda 3 Sedán","Automóviles","Compactos","IMPORTADO",126,0,"Cifras Revisadas"
"Registro Administrativo de la Industria Automotriz de Vehículos Ligeros. Venta de vehículos ","Nacional",2026,"01","Mazda","Mazda 3 Sedán-","Automóviles","Compactos","NACIONAL",1,1672,"Cifras Revisadas"
"Registro Administrativo de la Industria Automotriz de Vehículos Ligeros. Venta de vehículos ","Nacional",2026,"01","Mazda","Mazda 5","Automóviles","Compactos","IMPORTADO",126,0,"Cifras Revisadas"
"Registro Administrativo de la Industria Automotriz de Vehículos Ligeros. Venta de vehículos ","Nacional",2026,"01","Mazda","Mazda 6","Automóviles","De Lujo","IMPORTADO",126,0,"Cifras Revisadas"
"Registro Administrativo de la Industria Automotriz de Vehículos Ligeros. Venta de vehículos ","Nacional",2026,"01","Mazda","Mx-5","Automóviles","Deportivos","IMPORTADO",126,66,"Cifras Revisadas"
"Registro Administrativo de la Industria Automotriz de Vehículos Ligeros. Venta de vehículos ","Nacional",2026,"01","Mercedes Benz","AMG GT","Automóviles","De Lujo","IMPORTADO",4,6,"Cifras Revisadas"
"Registro Administrativo de la Industria Automotriz de Vehículos Ligeros. Venta de vehículos ","Nacional",2026,"01","Mercedes Benz","CLA","Automóviles","De Lujo","IMPORTADO",94,40,"Cifras Revisadas"
"Registro Administrativo de la Industria Automotriz de Vehículos Ligeros. Venta de vehículos ","Nacional",2026,"01","Mercedes Benz","Clase A hatchback","Automóviles","De Lujo","IMPORTADO",4,14,"Cifras Revisadas"
"Registro Administrativo de la Industria Automotriz de Vehículos Ligeros. Venta de vehículos ","Nacional",2026,"01","Mercedes Benz","Clase A Sedan","Automóviles","De Lujo","IMPORTADO",4,12,"Cifras Revisadas"
"Registro Administrativo de la Industria Automotriz de Vehículos Ligeros. Venta de vehículos ","Nacional",2026,"01","Mercedes Benz","Clase C coupe","Automóviles","De Lujo","IMPORTADO",4,0,"Cifras Revisadas"
"Registro Administrativo de la Industria Automotriz de Vehículos Ligeros. Venta de vehículos ","Nacional",2026,"01","Mercedes Benz","Clase C Sedan","Automóviles","De Lujo","IMPORTADO",4,37,"Cifras Revisadas"
"Registro Administrativo de la Industria Automotriz de Vehículos Ligeros. Venta de vehículos ","Nacional",2026,"01","Mercedes Benz","Clase E coupe","Automóviles","De Lujo","IMPORTADO",4,0,"Cifras Revisadas"
"Registro Administrativo de la Industria Automotriz de Vehículos Ligeros. Venta de vehículos ","Nacional",2026,"01","Mercedes Benz","Clase E sedan","Automóviles","De Lujo","IMPORTADO",4,26,"Cifras Revisadas"
"Registro Administrativo de la Industria Automotriz de Vehículos Ligeros. Venta de vehículos ","Nacional",2026,"01","Mercedes Benz","Clase G","Camiones ligeros","SUV's","IMPORTADO",17,29,"Cifras Revisadas"
"Registro Administrativo de la Industria Automotriz de Vehículos Ligeros. Venta de vehículos ","Nacional",2026,"01","Mercedes Benz","Clase GLE","Camiones ligeros","SUV's","IMPORTADO",66,162,"Cifras Revisadas"
"Registro Administrativo de la Industria Automotriz de Vehículos Ligeros. Venta de vehículos ","Nacional",2026,"01","Mercedes Benz","Clase GLS","Camiones ligeros","SUV's","IMPORTADO",66,16,"Cifras Revisadas"
"Registro Administrativo de la Industria Automotriz de Vehículos Ligeros. Venta de vehículos ","Nacional",2026,"01","Mercedes Benz","Clase S coupe","Automóviles","De Lujo","IMPORTADO",4,0,"Cifras Revisadas"
"Registro Administrativo de la Industria Automotriz de Vehículos Ligeros. Venta de vehículos ","Nacional",2026,"01","Mercedes Benz","Clase S sedan","Automóviles","De Lujo","IMPORTADO",4,8,"Cifras Revisadas"
"Registro Administrativo de la Industria Automotriz de Vehículos Ligeros. Venta de vehículos ","Nacional",2026,"01","Mercedes Benz","Clase SL","Automóviles","De Lujo","IMPORTADO",4,6,"Cifras Revisadas"
"Registro Administrativo de la Industria Automotriz de Vehículos Ligeros. Venta de vehículos ","Nacional",2026,"01","Mercedes Benz","Clase V","Camiones ligeros","SUV's","IMPORTADO",64,0,"Cifras Revisadas"
"Registro Administrativo de la Industria Automotriz de Vehículos Ligeros. Venta de vehículos ","Nacional",2026,"01","Mercedes Benz","CLE","Automóviles","De Lujo","IMPORTADO",4,12,"Cifras Revisadas"
"Registro Administrativo de la Industria Automotriz de Vehículos Ligeros. Venta de vehículos ","Nacional",2026,"01","Mercedes Benz","CLS","Automóviles","De Lujo","IMPORTADO",4,0,"Cifras Revisadas"
"Registro Administrativo de la Industria Automotriz de Vehículos Ligeros. Venta de vehículos ","Nacional",2026,"01","Mercedes Benz","EQA","Camiones ligeros","SUV's","IMPORTADO",4,4,"Cifras Revisadas"
"Registro Administrativo de la Industria Automotriz de Vehículos Ligeros. Venta de vehículos ","Nacional",2026,"01","Mercedes Benz","EQB","Camiones ligeros","SUV's","IMPORTADO",94,1,"Cifras Revisadas"
"Registro Administrativo de la Industria Automotriz de Vehículos Ligeros. Venta de vehículos ","Nacional",2026,"01","Mercedes Benz","EQC","Camiones ligeros","SUV's","IMPORTADO",4,0,"Cifras Revisadas"
"Registro Administrativo de la Industria Automotriz de Vehículos Ligeros. Venta de vehículos ","Nacional",2026,"01","Mercedes Benz","EQE","Automóviles","De Lujo","IMPORTADO",4,0,"Cifras Revisadas"
"Registro Administrativo de la Industria Automotriz de Vehículos Ligeros. Venta de vehículos ","Nacional",2026,"01","Mercedes Benz","EQE SUV","Camiones ligeros","SUV's","IMPORTADO",66,2,"Cifras Revisadas"
"Registro Administrativo de la Industria Automotriz de Vehículos Ligeros. Venta de vehículos ","Nacional",2026,"01","Mercedes Benz","EQS","Automóviles","De Lujo","IMPORTADO",4,0,"Cifras Revisadas"
"Registro Administrativo de la Industria Automotriz de Vehículos Ligeros. Venta de vehículos ","Nacional",2026,"01","Mercedes Benz","EQS SUV","Camiones ligeros","SUV's","IMPORTADO",66,3,"Cifras Revisadas"
"Registro Administrativo de la Industria Automotriz de Vehículos Ligeros. Venta de vehículos ","Nacional",2026,"01","Mercedes Benz","GLA","Camiones ligeros","SUV's","IMPORTADO",4,39,"Cifras Revisadas"
"Registro Administrativo de la Industria Automotriz de Vehículos Ligeros. Venta de vehículos ","Nacional",2026,"01","Mercedes Benz","GLB","Camiones ligeros","SUV's","NACIONAL",1,35,"Cifras Revisadas"
"Registro Administrativo de la Industria Automotriz de Vehículos Ligeros. Venta de vehículos ","Nacional",2026,"01","Mercedes Benz","GLC","Camiones ligeros","SUV's","IMPORTADO",4,129,"Cifras Revisadas"
"Registro Administrativo de la Industria Automotriz de Vehículos Ligeros. Venta de vehículos ","Nacional",2026,"01","Mercedes Benz","SLC","Automóviles","De Lujo","IMPORTADO",4,0,"Cifras Revisadas"
"Registro Administrativo de la Industria Automotriz de Vehículos Ligeros. Venta de vehículos ","Nacional",2026,"01","Mercedes Benz","Sprinter","Camiones ligeros","SUV's","IMPORTADO",4,115,"Cifras Revisadas"
"Registro Administrativo de la Industria Automotriz de Vehículos Ligeros. Venta de vehículos ","Nacional",2026,"01","Mercedes Benz","Vito","Camiones ligeros","SUV's","IMPORTADO",64,3,"Cifras Revisadas"
"Registro Administrativo de la Industria Automotriz de Vehículos Ligeros. Venta de vehículos ","Nacional",2026,"01","MG Motor","CYBERSTER","Automóviles","Deportivos","IMPORTADO",43,5,"Cifras Revisadas"
"Registro Administrativo de la Industria Automotriz de Vehículos Ligeros. Venta de vehículos ","Nacional",2026,"01","MG Motor","eHS","Camiones ligeros","SUV's","IMPORTADO",43,68,"Cifras Revisadas"
"Registro Administrativo de la Industria Automotriz de Vehículos Ligeros. Venta de vehículos ","Nacional",2026,"01","MG Motor","GT","Automóviles","Compactos","IMPORTADO",43,0,"Cifras Revisadas"
"Registro Administrativo de la Industria Automotriz de Vehículos Ligeros. Venta de vehículos ","Nacional",2026,"01","MG Motor","HS","Camiones ligeros","SUV's","IMPORTADO",43,152,"Cifras Revisadas"
"Registro Administrativo de la Industria Automotriz de Vehículos Ligeros. Venta de vehículos ","Nacional",2026,"01","MG Motor","HS PHEV","Camiones ligeros","SUV's","IMPORTADO",43,62,"Cifras Revisadas"
"Registro Administrativo de la Industria Automotriz de Vehículos Ligeros. Venta de vehículos ","Nacional",2026,"01","MG Motor","HSHEV","Camiones ligeros","SUV's","IMPORTADO",43,98,"Cifras Revisadas"
"Registro Administrativo de la Industria Automotriz de Vehículos Ligeros. Venta de vehículos ","Nacional",2026,"01","MG Motor","IMLS7","Camiones ligeros","SUV's","IMPORTADO",43,32,"Cifras Revisadas"
"Registro Administrativo de la Industria Automotriz de Vehículos Ligeros. Venta de vehículos ","Nacional",2026,"01","MG Motor","MG One","Camiones ligeros","SUV's","IMPORTADO",43,8,"Cifras Revisadas"
"Registro Administrativo de la Industria Automotriz de Vehículos Ligeros. Venta de vehículos ","Nacional",2026,"01","MG Motor","MG3","Automóviles","Subcompactos","IMPORTADO",43,316,"Cifras Revisadas"
"Registro Administrativo de la Industria Automotriz de Vehículos Ligeros. Venta de vehículos ","Nacional",2026,"01","MG Motor","MG3HEV","Automóviles","Subcompactos","IMPORTADO",43,80,"Cifras Revisadas"
"Registro Administrativo de la Industria Automotriz de Vehículos Ligeros. Venta de vehículos ","Nacional",2026,"01","MG Motor","MG4","Automóviles","Subcompactos","IMPORTADO",43,99,"Cifras Revisadas"
"Registro Administrativo de la Industria Automotriz de Vehículos Ligeros. Venta de vehículos ","Nacional",2026,"01","MG Motor","MG5","Automóviles","Compactos","IMPORTADO",43,3901,"Cifras Revisadas"
"Registro Administrativo de la Industria Automotriz de Vehículos Ligeros. Venta de vehículos ","Nacional",2026,"01","MG Motor","MG7","Automóviles","De Lujo","IMPORTADO",43,91,"Cifras Revisadas"
"Registro Administrativo de la Industria Automotriz de Vehículos Ligeros. Venta de vehículos ","Nacional",2026,"01","MG Motor","RX5","Camiones ligeros","SUV's","IMPORTADO",43,805,"Cifras Revisadas"
"Registro Administrativo de la Industria Automotriz de Vehículos Ligeros. Venta de vehículos ","Nacional",2026,"01","MG Motor","RX8","Camiones ligeros","SUV's","IMPORTADO",43,47,"Cifras Revisadas"
"Registro Administrativo de la Industria Automotriz de Vehículos Ligeros. Venta de vehículos ","Nacional",2026,"01","MG Motor","RX9","Camiones ligeros","SUV's","IMPORTADO",43,81,"Cifras Revisadas"
"Registro Administrativo de la Industria Automotriz de Vehículos Ligeros. Venta de vehículos ","Nacional",2026,"01","MG Motor","ZS","Camiones ligeros","SUV's","IMPORTADO",43,230,"Cifras Revisadas"
"Registro Administrativo de la Industria Automotriz de Vehículos Ligeros. Venta de vehículos ","Nacional",2026,"01","MG Motor","ZSEV","Camiones ligeros","SUV's","IMPORTADO",43,18,"Cifras Revisadas"
"Registro Administrativo de la Industria Automotriz de Vehículos Ligeros. Venta de vehículos ","Nacional",2026,"01","MG Motor","ZSHEV","Camiones ligeros","SUV's","IMPORTADO",43,105,"Cifras Revisadas"
"Registro Administrativo de la Industria Automotriz de Vehículos Ligeros. Venta de vehículos ","Nacional",2026,"01","Mini","MINI Aceman","Automóviles","De Lujo","IMPORTADO",43,31,"Cifras Revisadas"
"Registro Administrativo de la Industria Automotriz de Vehículos Ligeros. Venta de vehículos ","Nacional",2026,"01","Mini","MINI CONVERTIBLE","Automóviles","De Lujo","IMPORTADO",181,13,"Cifras Revisadas"
"Registro Administrativo de la Industria Automotriz de Vehículos Ligeros. Venta de vehículos ","Nacional",2026,"01","Mini","MINI COUNTRYMAN","Camiones ligeros","SUV's","IMPORTADO",181,92,"Cifras Revisadas"
"Registro Administrativo de la Industria Automotriz de Vehículos Ligeros. Venta de vehículos ","Nacional",2026,"01","Mini","MINI Countryman E","Automóviles","De Lujo","IMPORTADO",4,15,"Cifras Revisadas"
"Registro Administrativo de la Industria Automotriz de Vehículos Ligeros. Venta de vehículos ","Nacional",2026,"01","Mini","MINI E","Automóviles","De Lujo","IMPORTADO",43,46,"Cifras Revisadas"
"Registro Administrativo de la Industria Automotriz de Vehículos Ligeros. Venta de vehículos ","Nacional",2026,"01","Mini","MINI 3 PTAS","Automóviles","De Lujo","IMPORTADO",181,54,"Cifras Revisadas"
"Registro Administrativo de la Industria Automotriz de Vehículos Ligeros. Venta de vehículos ","Nacional",2026,"01","Mini","MINI 5 PTAS","Automóviles","De Lujo","IMPORTADO",181,28,"Cifras Revisadas"
"Registro Administrativo de la Industria Automotriz de Vehículos Ligeros. Venta de vehículos ","Nacional",2026,"01","Mitsubishi","L200","Camiones ligeros","Pick Ups","IMPORTADO",214,792,"Cifras Revisadas"
"Registro Administrativo de la Industria Automotriz de Vehículos Ligeros. Venta de vehículos ","Nacional",2026,"01","Mitsubishi","Mirage G4","Automóviles","Subcompactos","IMPORTADO",214,89,"Cifras Revisadas"
"Registro Administrativo de la Industria Automotriz de Vehículos Ligeros. Venta de vehículos ","Nacional",2026,"01","Mitsubishi","Montero Limited","Camiones ligeros","SUV's","IMPORTADO",126,8,"Cifras Revisadas"
"Registro Administrativo de la Industria Automotriz de Vehículos Ligeros. Venta de vehículos ","Nacional",2026,"01","Mitsubishi","Outlander","Camiones ligeros","SUV's","IMPORTADO",126,139,"Cifras Revisadas"
"Registro Administrativo de la Industria Automotriz de Vehículos Ligeros. Venta de vehículos ","Nacional",2026,"01","Mitsubishi","Outlander PHEV","Camiones ligeros","SUV's","IMPORTADO",126,31,"Cifras Revisadas"
"Registro Administrativo de la Industria Automotriz de Vehículos Ligeros. Venta de vehículos ","Nacional",2026,"01","Mitsubishi","Outlander Sport","Camiones ligeros","SUV's","IMPORTADO",96,555,"Cifras Revisadas"
"Registro Administrativo de la Industria Automotriz de Vehículos Ligeros. Venta de vehículos ","Nacional",2026,"01","Mitsubishi","Xpander","Camiones ligeros","SUV's","IMPORTADO",96,493,"Cifras Revisadas"
"Registro Administrativo de la Industria Automotriz de Vehículos Ligeros. Venta de vehículos ","Nacional",2026,"01","MOTORNATION","BAIC BJ20","Camiones ligeros","SUV's","NACIONAL",1,0,"Cifras Revisadas"
"Registro Administrativo de la Industria Automotriz de Vehículos Ligeros. Venta de vehículos ","Nacional",2026,"01","MOTORNATION","BAIC BJ40","Camiones ligeros","SUV's","IMPORTADO",43,0,"Cifras Revisadas"
"Registro Administrativo de la Industria Automotriz de Vehículos Ligeros. Venta de vehículos ","Nacional",2026,"01","MOTORNATION","BAIC D20","Automóviles","Subcompactos","NACIONAL",1,0,"Cifras Revisadas"
"Registro Administrativo de la Industria Automotriz de Vehículos Ligeros. Venta de vehículos ","Nacional",2026,"01","MOTORNATION","BAIC EU5","Automóviles","Compactos","IMPORTADO",43,1,"Cifras Revisadas"
"Registro Administrativo de la Industria Automotriz de Vehículos Ligeros. Venta de vehículos ","Nacional",2026,"01","MOTORNATION","BAIC M50S","Camiones ligeros","Minivans","IMPORTADO",43,0,"Cifras Revisadas"
"Registro Administrativo de la Industria Automotriz de Vehículos Ligeros. Venta de vehículos ","Nacional",2026,"01","MOTORNATION","BAIC U5","Automóviles","Compactos","IMPORTADO",43,5,"Cifras Revisadas"
"Registro Administrativo de la Industria Automotriz de Vehículos Ligeros. Venta de vehículos ","Nacional",2026,"01","MOTORNATION","BAIC X25","Automóviles","Subcompactos","NACIONAL",1,0,"Cifras Revisadas"
"Registro Administrativo de la Industria Automotriz de Vehículos Ligeros. Venta de vehículos ","Nacional",2026,"01","MOTORNATION","BAIC X30","Camiones ligeros","SUV's","IMPORTADO",43,0,"Cifras Revisadas"
"Registro Administrativo de la Industria Automotriz de Vehículos Ligeros. Venta de vehículos ","Nacional",2026,"01","MOTORNATION","BAIC X35","Camiones ligeros","SUV's","IMPORTADO",999,3,"Cifras Revisadas"
"Registro Administrativo de la Industria Automotriz de Vehículos Ligeros. Venta de vehículos ","Nacional",2026,"01","MOTORNATION","BAIC X55","Camiones ligeros","SUV's","IMPORTADO",43,1,"Cifras Revisadas"
"Registro Administrativo de la Industria Automotriz de Vehículos Ligeros. Venta de vehículos ","Nacional",2026,"01","MOTORNATION","BAIC X65","Camiones ligeros","SUV's","IMPORTADO",43,0,"Cifras Revisadas"
"Registro Administrativo de la Industria Automotriz de Vehículos Ligeros. Venta de vehículos ","Nacional",2026,"01","MOTORNATION","CHANGAN ALSVIN","Automóviles","Subcompactos","IMPORTADO",43,18,"Cifras Revisadas"
"Registro Administrativo de la Industria Automotriz de Vehículos Ligeros. Venta de vehículos ","Nacional",2026,"01","MOTORNATION","CHANGAN CS35PLUS","Camiones ligeros","SUV's","IMPORTADO",43,8,"Cifras Revisadas"
"Registro Administrativo de la Industria Automotriz de Vehículos Ligeros. Venta de vehículos ","Nacional",2026,"01","MOTORNATION","CHANGAN CS55PLUS","Camiones ligeros","SUV's","IMPORTADO",43,7,"Cifras Revisadas"
"Registro Administrativo de la Industria Automotriz de Vehículos Ligeros. Venta de vehículos ","Nacional",2026,"01","MOTORNATION","CHANGAN CS75PLUS","Camiones ligeros","SUV's","IMPORTADO",43,0,"Cifras Revisadas"
"Registro Administrativo de la Industria Automotriz de Vehículos Ligeros. Venta de vehículos ","Nacional",2026,"01","MOTORNATION","CHANGAN HUNTER","Camiones ligeros","Pick Ups","IMPORTADO",43,4,"Cifras Revisadas"
"Registro Administrativo de la Industria Automotriz de Vehículos Ligeros. Venta de vehículos ","Nacional",2026,"01","MOTORNATION","CHANGAN UNI-K ","Camiones ligeros","SUV's","IMPORTADO",43,25,"Cifras Revisadas"
"Registro Administrativo de la Industria Automotriz de Vehículos Ligeros. Venta de vehículos ","Nacional",2026,"01","MOTORNATION","CHANGAN UNI-T","Camiones ligeros","SUV's","IMPORTADO",43,0,"Cifras Revisadas"
"Registro Administrativo de la Industria Automotriz de Vehículos Ligeros. Venta de vehículos ","Nacional",2026,"01","MOTORNATION","DFSK EC35","Camiones ligeros","Minivans","IMPORTADO",43,0,"Cifras Revisadas"
"Registro Administrativo de la Industria Automotriz de Vehículos Ligeros. Venta de vehículos ","Nacional",2026,"01","MOTORNATION","DFSK E5","Camiones ligeros","SUV's","IMPORTADO",43,1,"Cifras Revisadas"
"Registro Administrativo de la Industria Automotriz de Vehículos Ligeros. Venta de vehículos ","Nacional",2026,"01","MOTORNATION","DFSK 500","Camiones ligeros","SUV's","IMPORTADO",43,9,"Cifras Revisadas"
"Registro Administrativo de la Industria Automotriz de Vehículos Ligeros. Venta de vehículos ","Nacional",2026,"01","MOTORNATION","DFSK 600","Camiones ligeros","SUV's","IMPORTADO",43,1,"Cifras Revisadas"
"Registro Administrativo de la Industria Automotriz de Vehículos Ligeros. Venta de vehículos ","Nacional",2026,"01","MOTORNATION","JMC EV-BLACK","Automóviles","Subcompactos","IMPORTADO",43,0,"Cifras Revisadas"
"Registro Administrativo de la Industria Automotriz de Vehículos Ligeros. Venta de vehículos ","Nacional",2026,"01","MOTORNATION","JMC GRAND AVENUE","Camiones ligeros","Pick Ups","IMPORTADO",43,17,"Cifras Revisadas"
"Registro Administrativo de la Industria Automotriz de Vehículos Ligeros. Venta de vehículos ","Nacional",2026,"01","MOTORNATION","JMC VIGUS","Camiones ligeros","Pick Ups","IMPORTADO",43,16,"Cifras Revisadas"
"Registro Administrativo de la Industria Automotriz de Vehículos Ligeros. Venta de vehículos ","Nacional",2026,"01","MOTORNATION","SERES 5 EV","Camiones ligeros","SUV's","IMPORTADO",43,0,"Cifras Revisadas"
"Registro Administrativo de la Industria Automotriz de Vehículos Ligeros. Venta de vehículos ","Nacional",2026,"01","MOTORNATION","SERES 5 MAX ","Camiones ligeros","Pick Ups","IMPORTADO",43,2,"Cifras Revisadas"
"Registro Administrativo de la Industria Automotriz de Vehículos Ligeros. Venta de vehículos ","Nacional",2026,"01","MOTORNATION","STAR TRUCK","Camiones ligeros","Pick Ups","IMPORTADO",43,0,"Cifras Revisadas"
"Registro Administrativo de la Industria Automotriz de Vehículos Ligeros. Venta de vehículos ","Nacional",2026,"01","Nissan","Altima","Automóviles","De Lujo","IMPORTADO",66,0,"Cifras Revisadas"
"Registro Administrativo de la Industria Automotriz de Vehículos Ligeros. Venta de vehículos ","Nacional",2026,"01","Nissan","Armada","Camiones ligeros","SUV's","IMPORTADO",66,0,"Cifras Revisadas"
"Registro Administrativo de la Industria Automotriz de Vehículos Ligeros. Venta de vehículos ","Nacional",2026,"01","Nissan","Cabstar Mediano","Camiones ligeros","Pick Ups","IMPORTADO",64,0,"Cifras Revisadas"
"Registro Administrativo de la Industria Automotriz de Vehículos Ligeros. Venta de vehículos ","Nacional",2026,"01","Nissan","Frontier V6","Camiones ligeros","Pick Ups","IMPORTADO",66,35,"Cifras Revisadas"
"Registro Administrativo de la Industria Automotriz de Vehículos Ligeros. Venta de vehículos ","Nacional",2026,"01","Nissan","GT-R","Automóviles","Deportivos","IMPORTADO",126,0,"Cifras Revisadas"
"Registro Administrativo de la Industria Automotriz de Vehículos Ligeros. Venta de vehículos ","Nacional",2026,"01","Nissan","Juke","Automóviles","Compactos","IMPORTADO",126,0,"Cifras Revisadas"
"Registro Administrativo de la Industria Automotriz de Vehículos Ligeros. Venta de vehículos ","Nacional",2026,"01","Nissan","Kicks","Camiones ligeros","SUV's","NACIONAL",1,1570,"Cifras Revisadas"
"Registro Administrativo de la Industria Automotriz de Vehículos Ligeros. Venta de vehículos ","Nacional",2026,"01","Nissan","Leaf","Automóviles","Compactos","IMPORTADO",126,0,"Cifras Revisadas"
"Registro Administrativo de la Industria Automotriz de Vehículos Ligeros. Venta de vehículos ","Nacional",2026,"01","Nissan","Magnite","Camiones ligeros","SUV's","IMPORTADO",95,2326,"Cifras Revisadas"
"Registro Administrativo de la Industria Automotriz de Vehículos Ligeros. Venta de vehículos ","Nacional",2026,"01","Nissan","March","Automóviles","Subcompactos","NACIONAL",1,2706,"Cifras Revisadas"
"Registro Administrativo de la Industria Automotriz de Vehículos Ligeros. Venta de vehículos ","Nacional",2026,"01","Nissan","Maxima","Automóviles","De Lujo","IMPORTADO",126,0,"Cifras Revisadas"
"Registro Administrativo de la Industria Automotriz de Vehículos Ligeros. Venta de vehículos ","Nacional",2026,"01","Nissan","Murano","Camiones ligeros","SUV's","IMPORTADO",126,0,"Cifras Revisadas"
"Registro Administrativo de la Industria Automotriz de Vehículos Ligeros. Venta de vehículos ","Nacional",2026,"01","Nissan","Note","Automóviles","Compactos","NACIONAL",1,0,"Cifras Revisadas"
"Registro Administrativo de la Industria Automotriz de Vehículos Ligeros. Venta de vehículos ","Nacional",2026,"01","Nissan","NP300","Camiones ligeros","Pick Ups","NACIONAL",1,3779,"Cifras Revisadas"
"Registro Administrativo de la Industria Automotriz de Vehículos Ligeros. Venta de vehículos ","Nacional",2026,"01","Nissan","NV 200 Cargo","Camiones ligeros","SUV's","NACIONAL",1,0,"Cifras Revisadas"
"Registro Administrativo de la Industria Automotriz de Vehículos Ligeros. Venta de vehículos ","Nacional",2026,"01","Nissan","NV 200 NY TAXI","Camiones ligeros","SUV's","NACIONAL",1,0,"Cifras Revisadas"
"Registro Administrativo de la Industria Automotriz de Vehículos Ligeros. Venta de vehículos ","Nacional",2026,"01","Nissan","NV2500 V6 Toldo Alto","Camiones ligeros","Minivans","IMPORTADO",66,0,"Cifras Revisadas"
"Registro Administrativo de la Industria Automotriz de Vehículos Ligeros. Venta de vehículos ","Nacional",2026,"01","Nissan","Pathfinder","Camiones ligeros","SUV's","IMPORTADO",126,11,"Cifras Revisadas"
"Registro Administrativo de la Industria Automotriz de Vehículos Ligeros. Venta de vehículos ","Nacional",2026,"01","Nissan","Sentra","Automóviles","Compactos","NACIONAL",1,3432,"Cifras Revisadas"
"Registro Administrativo de la Industria Automotriz de Vehículos Ligeros. Venta de vehículos ","Nacional",2026,"01","Nissan","Tiida Sedan","Automóviles","Compactos","NACIONAL",1,0,"Cifras Revisadas"
"Registro Administrativo de la Industria Automotriz de Vehículos Ligeros. Venta de vehículos ","Nacional",2026,"01","Nissan","Titan","Camiones ligeros","Pick Ups","IMPORTADO",66,0,"Cifras Revisadas"
"Registro Administrativo de la Industria Automotriz de Vehículos Ligeros. Venta de vehículos ","Nacional",2026,"01","Nissan","Urvan Panel","Camiones ligeros","SUV's","IMPORTADO",126,107,"Cifras Revisadas"
"Registro Administrativo de la Industria Automotriz de Vehículos Ligeros. Venta de vehículos ","Nacional",2026,"01","Nissan","Urvan Pasajeros","Camiones ligeros","SUV's","IMPORTADO",126,481,"Cifras Revisadas"
"Registro Administrativo de la Industria Automotriz de Vehículos Ligeros. Venta de vehículos ","Nacional",2026,"01","Nissan","Versa","Automóviles","Compactos","NACIONAL",1,9016,"Cifras Revisadas"
"Registro Administrativo de la Industria Automotriz de Vehículos Ligeros. Venta de vehículos ","Nacional",2026,"01","Nissan","Xtrail","Camiones ligeros","SUV's","IMPORTADO",126,1230,"Cifras Revisadas"
"Registro Administrativo de la Industria Automotriz de Vehículos Ligeros. Venta de vehículos ","Nacional",2026,"01","Nissan","Z","Automóviles","Deportivos","IMPORTADO",126,2,"Cifras Revisadas"
"Registro Administrativo de la Industria Automotriz de Vehículos Ligeros. Venta de vehículos ","Nacional",2026,"01","Nissan","370 Z","Automóviles","Deportivos","IMPORTADO",126,0,"Cifras Revisadas"
"Registro Administrativo de la Industria Automotriz de Vehículos Ligeros. Venta de vehículos ","Nacional",2026,"01","Peugeot","E-Partner","Camiones ligeros","Minivans","IMPORTADO",64,18,"Cifras Revisadas"
"Registro Administrativo de la Industria Automotriz de Vehículos Ligeros. Venta de vehículos ","Nacional",2026,"01","Peugeot","Expert Cargo Van","Camiones ligeros","Pick Ups","IMPORTADO",74,82,"Cifras Revisadas"
"Registro Administrativo de la Industria Automotriz de Vehículos Ligeros. Venta de vehículos ","Nacional",2026,"01","Peugeot","LANDTREK","Camiones ligeros","Pick Ups","IMPORTADO",43,1,"Cifras Revisadas"
"Registro Administrativo de la Industria Automotriz de Vehículos Ligeros. Venta de vehículos ","Nacional",2026,"01","Peugeot","Manager Hdi","Camiones ligeros","Pick Ups","IMPORTADO",124,82,"Cifras Revisadas"
"Registro Administrativo de la Industria Automotriz de Vehículos Ligeros. Venta de vehículos ","Nacional",2026,"01","Peugeot","Nuevo 207","Automóviles","Subcompactos","IMPORTADO",74,0,"Cifras Revisadas"
"Registro Administrativo de la Industria Automotriz de Vehículos Ligeros. Venta de vehículos ","Nacional",2026,"01","Peugeot","Partner","Camiones ligeros","Pick Ups","IMPORTADO",64,297,"Cifras Revisadas"
"Registro Administrativo de la Industria Automotriz de Vehículos Ligeros. Venta de vehículos ","Nacional",2026,"01","Peugeot","Partner Rapid","Camiones ligeros","Minivans","IMPORTADO",31,334,"Cifras Revisadas"
"Registro Administrativo de la Industria Automotriz de Vehículos Ligeros. Venta de vehículos ","Nacional",2026,"01","Peugeot","Partner Tepee Outdoor","Camiones ligeros","Pick Ups","IMPORTADO",74,0,"Cifras Revisadas"
"Registro Administrativo de la Industria Automotriz de Vehículos Ligeros. Venta de vehículos ","Nacional",2026,"01","Peugeot","Rcz","Automóviles","De Lujo","IMPORTADO",17,0,"Cifras Revisadas"
"Registro Administrativo de la Industria Automotriz de Vehículos Ligeros. Venta de vehículos ","Nacional",2026,"01","Peugeot","RIFTER","Camiones ligeros","Pick Ups","IMPORTADO",64,187,"Cifras Revisadas"
"Registro Administrativo de la Industria Automotriz de Vehículos Ligeros. Venta de vehículos ","Nacional",2026,"01","Peugeot","2008","Camiones ligeros","SUV's","IMPORTADO",74,188,"Cifras Revisadas"
"Registro Administrativo de la Industria Automotriz de Vehículos Ligeros. Venta de vehículos ","Nacional",2026,"01","Peugeot","207 CC","Automóviles","Compactos","IMPORTADO",74,0,"Cifras Revisadas"
"Registro Administrativo de la Industria Automotriz de Vehículos Ligeros. Venta de vehículos ","Nacional",2026,"01","Peugeot","208","Automóviles","Subcompactos","IMPORTADO",74,0,"Cifras Revisadas"
"Registro Administrativo de la Industria Automotriz de Vehículos Ligeros. Venta de vehículos ","Nacional",2026,"01","Peugeot","3008","Camiones ligeros","SUV's","IMPORTADO",74,80,"Cifras Revisadas"
"Registro Administrativo de la Industria Automotriz de Vehículos Ligeros. Venta de vehículos ","Nacional",2026,"01","Peugeot","301","Automóviles","Subcompactos","IMPORTADO",64,0,"Cifras Revisadas"
"Registro Administrativo de la Industria Automotriz de Vehículos Ligeros. Venta de vehículos ","Nacional",2026,"01","Peugeot","308","Automóviles","Compactos","IMPORTADO",74,0,"Cifras Revisadas"
"Registro Administrativo de la Industria Automotriz de Vehículos Ligeros. Venta de vehículos ","Nacional",2026,"01","Peugeot","308 Cc","Automóviles","Compactos","IMPORTADO",74,0,"Cifras Revisadas"
"Registro Administrativo de la Industria Automotriz de Vehículos Ligeros. Venta de vehículos ","Nacional",2026,"01","Peugeot","5008","Camiones ligeros","SUV's","IMPORTADO",74,28,"Cifras Revisadas"
"Registro Administrativo de la Industria Automotriz de Vehículos Ligeros. Venta de vehículos ","Nacional",2026,"01","Peugeot","508","Automóviles","De Lujo","IMPORTADO",74,0,"Cifras Revisadas"
"Registro Administrativo de la Industria Automotriz de Vehículos Ligeros. Venta de vehículos ","Nacional",2026,"01","Porsche","Cayenne","Camiones ligeros","SUV's","IMPORTADO",4,66,"Cifras Revisadas"
"Registro Administrativo de la Industria Automotriz de Vehículos Ligeros. Venta de vehículos ","Nacional",2026,"01","Porsche","Cayman","Automóviles","De Lujo","IMPORTADO",4,0,"Cifras Revisadas"
"Registro Administrativo de la Industria Automotriz de Vehículos Ligeros. Venta de vehículos ","Nacional",2026,"01","Porsche","Macan","Camiones ligeros","SUV's","IMPORTADO",4,65,"Cifras Revisadas"
"Registro Administrativo de la Industria Automotriz de Vehículos Ligeros. Venta de vehículos ","Nacional",2026,"01","Porsche","Panamera","Automóviles","De Lujo","IMPORTADO",4,6,"Cifras Revisadas"
"Registro Administrativo de la Industria Automotriz de Vehículos Ligeros. Venta de vehículos ","Nacional",2026,"01","Porsche","Taycan","Automóviles","Deportivos","IMPORTADO",4,4,"Cifras Revisadas"
"Registro Administrativo de la Industria Automotriz de Vehículos Ligeros. Venta de vehículos ","Nacional",2026,"01","Porsche","718 Boxster","Automóviles","Deportivos","IMPORTADO",4,0,"Cifras Revisadas"
"Registro Administrativo de la Industria Automotriz de Vehículos Ligeros. Venta de vehículos ","Nacional",2026,"01","Porsche","911 Carrera / Turbo / GT","Automóviles","Deportivos","IMPORTADO",4,136,"Cifras Revisadas"
"Registro Administrativo de la Industria Automotriz de Vehículos Ligeros. Venta de vehículos ","Nacional",2026,"01","Renault","Arkana","Camiones ligeros","SUV's","IMPORTADO",48,230,"Cifras Revisadas"
"Registro Administrativo de la Industria Automotriz de Vehículos Ligeros. Venta de vehículos ","Nacional",2026,"01","Renault","Duster","Camiones ligeros","SUV's","IMPORTADO",46,89,"Cifras Revisadas"
"Registro Administrativo de la Industria Automotriz de Vehículos Ligeros. Venta de vehículos ","Nacional",2026,"01","Renault","Kangoo","Camiones ligeros","Pick Ups","IMPORTADO",12,173,"Cifras Revisadas"
"Registro Administrativo de la Industria Automotriz de Vehículos Ligeros. Venta de vehículos ","Nacional",2026,"01","Renault","Kardian","Automóviles","Compactos","IMPORTADO",31,91,"Cifras Revisadas"
"Registro Administrativo de la Industria Automotriz de Vehículos Ligeros. Venta de vehículos ","Nacional",2026,"01","Renault","Koleos","Camiones ligeros","SUV's","IMPORTADO",48,8,"Cifras Revisadas"
"Registro Administrativo de la Industria Automotriz de Vehículos Ligeros. Venta de vehículos ","Nacional",2026,"01","Renault","Kwid","Automóviles","Subcompactos","IMPORTADO",31,1668,"Cifras Revisadas"
"Registro Administrativo de la Industria Automotriz de Vehículos Ligeros. Venta de vehículos ","Nacional",2026,"01","Renault","Kwid e-Tech","Automóviles","Subcompactos","IMPORTADO",43,8,"Cifras Revisadas"
"Registro Administrativo de la Industria Automotriz de Vehículos Ligeros. Venta de vehículos ","Nacional",2026,"01","Renault","Master","Camiones ligeros","Minivans","IMPORTADO",74,40,"Cifras Revisadas"
"Registro Administrativo de la Industria Automotriz de Vehículos Ligeros. Venta de vehículos ","Nacional",2026,"01","Renault","Master E- Tech eléctrico","Camiones ligeros","Minivans","IMPORTADO",74,2,"Cifras Revisadas"
"Registro Administrativo de la Industria Automotriz de Vehículos Ligeros. Venta de vehículos ","Nacional",2026,"01","Renault","MEGANE E-TECH","Automóviles","Subcompactos","IMPORTADO",74,2,"Cifras Revisadas"
"Registro Administrativo de la Industria Automotriz de Vehículos Ligeros. Venta de vehículos ","Nacional",2026,"01","Renault","Nueva Koleos","Camiones ligeros","SUV's","IMPORTADO",48,124,"Cifras Revisadas"
"Registro Administrativo de la Industria Automotriz de Vehículos Ligeros. Venta de vehículos ","Nacional",2026,"01","Renault","Oroch","Camiones ligeros","Pick Ups","IMPORTADO",31,201,"Cifras Revisadas"
"Registro Administrativo de la Industria Automotriz de Vehículos Ligeros. Venta de vehículos ","Nacional",2026,"01","SEAT","Arona","Camiones ligeros","SUV's","IMPORTADO",64,117,"Cifras Revisadas"
"Registro Administrativo de la Industria Automotriz de Vehículos Ligeros. Venta de vehículos ","Nacional",2026,"01","SEAT","Ateca","Camiones ligeros","SUV's","IMPORTADO",184,42,"Cifras Revisadas"
"Registro Administrativo de la Industria Automotriz de Vehículos Ligeros. Venta de vehículos ","Nacional",2026,"01","SEAT","CUPRA Formentor","Camiones ligeros","SUV's","IMPORTADO",64,285,"Cifras Revisadas"
"Registro Administrativo de la Industria Automotriz de Vehículos Ligeros. Venta de vehículos ","Nacional",2026,"01","SEAT","CUPRA Terramar","Camiones ligeros","SUV's","IMPORTADO",94,211,"Cifras Revisadas"
"Registro Administrativo de la Industria Automotriz de Vehículos Ligeros. Venta de vehículos ","Nacional",2026,"01","SEAT","Ibiza 4 Ptas","Automóviles","Subcompactos","IMPORTADO",64,1040,"Cifras Revisadas"
"Registro Administrativo de la Industria Automotriz de Vehículos Ligeros. Venta de vehículos ","Nacional",2026,"01","SEAT","Leon","Automóviles","Deportivos","IMPORTADO",64,310,"Cifras Revisadas"
"Registro Administrativo de la Industria Automotriz de Vehículos Ligeros. Venta de vehículos ","Nacional",2026,"01","Subaru","Crosstrek","Camiones ligeros","SUV's","IMPORTADO",126,163,"Cifras Revisadas"
"Registro Administrativo de la Industria Automotriz de Vehículos Ligeros. Venta de vehículos ","Nacional",2026,"01","Subaru","Crosstrek MHEV","Camiones ligeros","SUV's","IMPORTADO",126,7,"Cifras Revisadas"
"Registro Administrativo de la Industria Automotriz de Vehículos Ligeros. Venta de vehículos ","Nacional",2026,"01","Subaru","Forester","Camiones ligeros","SUV's","IMPORTADO",126,170,"Cifras Revisadas"
"Registro Administrativo de la Industria Automotriz de Vehículos Ligeros. Venta de vehículos ","Nacional",2026,"01","Subaru","Outback","Camiones ligeros","SUV's","IMPORTADO",126,8,"Cifras Revisadas"
"Registro Administrativo de la Industria Automotriz de Vehículos Ligeros. Venta de vehículos ","Nacional",2026,"01","Subaru","Subaru BRZ","Automóviles","Deportivos","IMPORTADO",126,20,"Cifras Revisadas"
"Registro Administrativo de la Industria Automotriz de Vehículos Ligeros. Venta de vehículos ","Nacional",2026,"01","Subaru","WRX","Automóviles","Deportivos","IMPORTADO",126,32,"Cifras Revisadas"
"Registro Administrativo de la Industria Automotriz de Vehículos Ligeros. Venta de vehículos ","Nacional",2026,"01","Subaru","WRX STI","Automóviles","Deportivos","IMPORTADO",126,0,"Cifras Revisadas"
"Registro Administrativo de la Industria Automotriz de Vehículos Ligeros. Venta de vehículos ","Nacional",2026,"01","Subaru","XV","Camiones ligeros","SUV's","IMPORTADO",126,0,"Cifras Revisadas"
"Registro Administrativo de la Industria Automotriz de Vehículos Ligeros. Venta de vehículos ","Nacional",2026,"01","Suzuki","Baleno","Automóviles","Subcompactos","IMPORTADO",95,257,"Cifras Revisadas"
"Registro Administrativo de la Industria Automotriz de Vehículos Ligeros. Venta de vehículos ","Nacional",2026,"01","Suzuki","Ciaz","Automóviles","Compactos","IMPORTADO",95,0,"Cifras Revisadas"
"Registro Administrativo de la Industria Automotriz de Vehículos Ligeros. Venta de vehículos ","Nacional",2026,"01","Suzuki","DZIRE","Automóviles","Subcompactos","IMPORTADO",95,215,"Cifras Revisadas"
"Registro Administrativo de la Industria Automotriz de Vehículos Ligeros. Venta de vehículos ","Nacional",2026,"01","Suzuki","Ertiga","Automóviles","Compactos","IMPORTADO",96,446,"Cifras Revisadas"
"Registro Administrativo de la Industria Automotriz de Vehículos Ligeros. Venta de vehículos ","Nacional",2026,"01","Suzuki","FRONX","Camiones ligeros","SUV's","IMPORTADO",95,329,"Cifras Revisadas"
"Registro Administrativo de la Industria Automotriz de Vehículos Ligeros. Venta de vehículos ","Nacional",2026,"01","Suzuki","Grand Vitara","Camiones ligeros","SUV's","IMPORTADO",95,1,"Cifras Revisadas"
"Registro Administrativo de la Industria Automotriz de Vehículos Ligeros. Venta de vehículos ","Nacional",2026,"01","Suzuki","Ignis","Automóviles","Subcompactos","IMPORTADO",126,3,"Cifras Revisadas"
"Registro Administrativo de la Industria Automotriz de Vehículos Ligeros. Venta de vehículos ","Nacional",2026,"01","Suzuki","JIMNY","Camiones ligeros","SUV's","IMPORTADO",126,562,"Cifras Revisadas"
"Registro Administrativo de la Industria Automotriz de Vehículos Ligeros. Venta de vehículos ","Nacional",2026,"01","Suzuki","S Cross","Camiones ligeros","SUV's","IMPORTADO",94,0,"Cifras Revisadas"
"Registro Administrativo de la Industria Automotriz de Vehículos Ligeros. Venta de vehículos ","Nacional",2026,"01","Suzuki","Swift","Automóviles","Subcompactos","IMPORTADO",126,1435,"Cifras Revisadas"
"Registro Administrativo de la Industria Automotriz de Vehículos Ligeros. Venta de vehículos ","Nacional",2026,"01","Suzuki","SWIFT BG","Automóviles","Subcompactos","IMPORTADO",126,0,"Cifras Revisadas"
"Registro Administrativo de la Industria Automotriz de Vehículos Ligeros. Venta de vehículos ","Nacional",2026,"01","Suzuki","Vitara","Camiones ligeros","SUV's","IMPORTADO",94,0,"Cifras Revisadas"
"Registro Administrativo de la Industria Automotriz de Vehículos Ligeros. Venta de vehículos ","Nacional",2026,"01","Toyota","Avanza","Automóviles","Compactos","IMPORTADO",96,1570,"Cifras Revisadas"
"Registro Administrativo de la Industria Automotriz de Vehículos Ligeros. Venta de vehículos ","Nacional",2026,"01","Toyota","Camry","Automóviles","De Lujo","IMPORTADO",66,403,"Cifras Revisadas"
"Registro Administrativo de la Industria Automotriz de Vehículos Ligeros. Venta de vehículos ","Nacional",2026,"01","Toyota","C-HR","Camiones ligeros","SUV's","IMPORTADO",227,0,"Cifras Revisadas"
"Registro Administrativo de la Industria Automotriz de Vehículos Ligeros. Venta de vehículos ","Nacional",2026,"01","Toyota","Corolla","Automóviles","Compactos","IMPORTADO",66,893,"Cifras Revisadas"
"Registro Administrativo de la Industria Automotriz de Vehículos Ligeros. Venta de vehículos ","Nacional",2026,"01","Toyota","Corolla Cross","Camiones ligeros","SUV's","IMPORTADO",66,432,"Cifras Revisadas"
"Registro Administrativo de la Industria Automotriz de Vehículos Ligeros. Venta de vehículos ","Nacional",2026,"01","Toyota","GR Corolla","Automóviles","Deportivos","IMPORTADO",126,14,"Cifras Revisadas"
"Registro Administrativo de la Industria Automotriz de Vehículos Ligeros. Venta de vehículos ","Nacional",2026,"01","Toyota","GR Supra","Automóviles","De Lujo","IMPORTADO",17,11,"Cifras Revisadas"
"Registro Administrativo de la Industria Automotriz de Vehículos Ligeros. Venta de vehículos ","Nacional",2026,"01","Toyota","GR Yaris","Automóviles","Deportivos","IMPORTADO",126,14,"Cifras Revisadas"
"Registro Administrativo de la Industria Automotriz de Vehículos Ligeros. Venta de vehículos ","Nacional",2026,"01","Toyota","Hiace P","Camiones ligeros","SUV's","IMPORTADO",126,160,"Cifras Revisadas"
"Registro Administrativo de la Industria Automotriz de Vehículos Ligeros. Venta de vehículos ","Nacional",2026,"01","Toyota","Hiace V","Camiones ligeros","SUV's","IMPORTADO",126,134,"Cifras Revisadas"
"Registro Administrativo de la Industria Automotriz de Vehículos Ligeros. Venta de vehículos ","Nacional",2026,"01","Toyota","Highlander","Camiones ligeros","SUV's","IMPORTADO",66,493,"Cifras Revisadas"
"Registro Administrativo de la Industria Automotriz de Vehículos Ligeros. Venta de vehículos ","Nacional",2026,"01","Toyota","Hilux Dc","Camiones ligeros","Pick Ups","IMPORTADO",214,1761,"Cifras Revisadas"
"Registro Administrativo de la Industria Automotriz de Vehículos Ligeros. Venta de vehículos ","Nacional",2026,"01","Toyota","Lcruiser","Camiones ligeros","SUV's","IMPORTADO",126,0,"Cifras Revisadas"
"Registro Administrativo de la Industria Automotriz de Vehículos Ligeros. Venta de vehículos ","Nacional",2026,"01","Toyota","Prius","Automóviles","De Lujo","IMPORTADO",126,704,"Cifras Revisadas"
"Registro Administrativo de la Industria Automotriz de Vehículos Ligeros. Venta de vehículos ","Nacional",2026,"01","Toyota","Prius-C","Automóviles","Subcompactos","IMPORTADO",126,0,"Cifras Revisadas"
"Registro Administrativo de la Industria Automotriz de Vehículos Ligeros. Venta de vehículos ","Nacional",2026,"01","Toyota","RAIZE","Camiones ligeros","SUV's","IMPORTADO",96,914,"Cifras Revisadas"
"Registro Administrativo de la Industria Automotriz de Vehículos Ligeros. Venta de vehículos ","Nacional",2026,"01","Toyota","Rav4","Camiones ligeros","SUV's","IMPORTADO",40,4,"Cifras Revisadas"
"Registro Administrativo de la Industria Automotriz de Vehículos Ligeros. Venta de vehículos ","Nacional",2026,"01","Toyota","Sequoia","Camiones ligeros","SUV's","IMPORTADO",66,61,"Cifras Revisadas"
"Registro Administrativo de la Industria Automotriz de Vehículos Ligeros. Venta de vehículos ","Nacional",2026,"01","Toyota","Sienna","Camiones ligeros","Minivans","IMPORTADO",66,780,"Cifras Revisadas"
"Registro Administrativo de la Industria Automotriz de Vehículos Ligeros. Venta de vehículos ","Nacional",2026,"01","Toyota","Tacoma","Camiones ligeros","Pick Ups","NACIONAL",1,0,"Cifras Revisadas"
"Registro Administrativo de la Industria Automotriz de Vehículos Ligeros. Venta de vehículos ","Nacional",2026,"01","Toyota","Tacoma-","Camiones ligeros","Pick Ups","NACIONAL",1,861,"Cifras Revisadas"
"Registro Administrativo de la Industria Automotriz de Vehículos Ligeros. Venta de vehículos ","Nacional",2026,"01","Toyota","Tundra","Camiones ligeros","Pick Ups","IMPORTADO",66,63,"Cifras Revisadas"
"Registro Administrativo de la Industria Automotriz de Vehículos Ligeros. Venta de vehículos ","Nacional",2026,"01","Toyota","Yaris Hatchback","Automóviles","Subcompactos","IMPORTADO",214,120,"Cifras Revisadas"
"Registro Administrativo de la Industria Automotriz de Vehículos Ligeros. Venta de vehículos ","Nacional",2026,"01","Toyota","Yaris Sedan","Automóviles","Subcompactos","IMPORTADO",214,1919,"Cifras Revisadas"
"Registro Administrativo de la Industria Automotriz de Vehículos Ligeros. Venta de vehículos ","Nacional",2026,"01","Toyota","Yaris-R","Automóviles","Subcompactos","NACIONAL",1,0,"Cifras Revisadas"
"Registro Administrativo de la Industria Automotriz de Vehículos Ligeros. Venta de vehículos ","Nacional",2026,"01","Toyota","4Runner","Camiones ligeros","SUV's","IMPORTADO",126,358,"Cifras Revisadas"
"Registro Administrativo de la Industria Automotriz de Vehículos Ligeros. Venta de vehículos ","Nacional",2026,"01","Volkswagen","Amarok","Camiones ligeros","Pick Ups","IMPORTADO",12,66,"Cifras Revisadas"
"Registro Administrativo de la Industria Automotriz de Vehículos Ligeros. Venta de vehículos ","Nacional",2026,"01","Volkswagen","Beetle","Automóviles","Compactos","NACIONAL",1,0,"Cifras Revisadas"
"Registro Administrativo de la Industria Automotriz de Vehículos Ligeros. Venta de vehículos ","Nacional",2026,"01","Volkswagen","Beetle Cabrio","Automóviles","Compactos","NACIONAL",1,0,"Cifras Revisadas"
"Registro Administrativo de la Industria Automotriz de Vehículos Ligeros. Venta de vehículos ","Nacional",2026,"01","Volkswagen","Crafter","Camiones ligeros","Pick Ups","IMPORTADO",4,96,"Cifras Revisadas"
"Registro Administrativo de la Industria Automotriz de Vehículos Ligeros. Venta de vehículos ","Nacional",2026,"01","Volkswagen","Crafter chasis","Camiones ligeros","SUV's","IMPORTADO",177,1,"Cifras Revisadas"
"Registro Administrativo de la Industria Automotriz de Vehículos Ligeros. Venta de vehículos ","Nacional",2026,"01","Volkswagen","Cross Sport","Camiones ligeros","SUV's","IMPORTADO",66,0,"Cifras Revisadas"
"Registro Administrativo de la Industria Automotriz de Vehículos Ligeros. Venta de vehículos ","Nacional",2026,"01","Volkswagen","Crossfox","Automóviles","Subcompactos","IMPORTADO",31,0,"Cifras Revisadas"
"Registro Administrativo de la Industria Automotriz de Vehículos Ligeros. Venta de vehículos ","Nacional",2026,"01","Volkswagen","e-Crafter","Camiones ligeros","SUV's","IMPORTADO",177,4,"Cifras Revisadas"
"Registro Administrativo de la Industria Automotriz de Vehículos Ligeros. Venta de vehículos ","Nacional",2026,"01","Volkswagen","Gol","Automóviles","Subcompactos","IMPORTADO",31,0,"Cifras Revisadas"
"Registro Administrativo de la Industria Automotriz de Vehículos Ligeros. Venta de vehículos ","Nacional",2026,"01","Volkswagen","Gol Sedan","Automóviles","Subcompactos","IMPORTADO",31,0,"Cifras Revisadas"
"Registro Administrativo de la Industria Automotriz de Vehículos Ligeros. Venta de vehículos ","Nacional",2026,"01","Volkswagen","Golf","Automóviles","Compactos","IMPORTADO",31,0,"Cifras Revisadas"
"Registro Administrativo de la Industria Automotriz de Vehículos Ligeros. Venta de vehículos ","Nacional",2026,"01","Volkswagen","Golf-","Automóviles","Compactos","NACIONAL",1,0,"Cifras Revisadas"
"Registro Administrativo de la Industria Automotriz de Vehículos Ligeros. Venta de vehículos ","Nacional",2026,"01","Volkswagen","Golf Variant-/Crossgolf","Automóviles","Compactos","NACIONAL",1,0,"Cifras Revisadas"
"Registro Administrativo de la Industria Automotriz de Vehículos Ligeros. Venta de vehículos ","Nacional",2026,"01","Volkswagen","GTI","Automóviles","Deportivos","IMPORTADO",4,104,"Cifras Revisadas"
"Registro Administrativo de la Industria Automotriz de Vehículos Ligeros. Venta de vehículos ","Nacional",2026,"01","Volkswagen","ID.4","Camiones ligeros","SUV's","IMPORTADO",66,4,"Cifras Revisadas"
"Registro Administrativo de la Industria Automotriz de Vehículos Ligeros. Venta de vehículos ","Nacional",2026,"01","Volkswagen","Jetta","Automóviles","Compactos","NACIONAL",1,0,"Cifras Revisadas"
"Registro Administrativo de la Industria Automotriz de Vehículos Ligeros. Venta de vehículos ","Nacional",2026,"01","Volkswagen","Nivus","Camiones ligeros","SUV's","IMPORTADO",31,141,"Cifras Revisadas"
"Registro Administrativo de la Industria Automotriz de Vehículos Ligeros. Venta de vehículos ","Nacional",2026,"01","Volkswagen","Nuevo Jetta","Automóviles","Compactos","NACIONAL",1,1254,"Cifras Revisadas"
"Registro Administrativo de la Industria Automotriz de Vehículos Ligeros. Venta de vehículos ","Nacional",2026,"01","Volkswagen","Nuevo Jetta TDI","Automóviles","Compactos","NACIONAL",1,0,"Cifras Revisadas"
"Registro Administrativo de la Industria Automotriz de Vehículos Ligeros. Venta de vehículos ","Nacional",2026,"01","Volkswagen","Passat","Automóviles","De Lujo","IMPORTADO",66,0,"Cifras Revisadas"
"Registro Administrativo de la Industria Automotriz de Vehículos Ligeros. Venta de vehículos ","Nacional",2026,"01","Volkswagen","Polo 4 Ptas","Automóviles","Subcompactos","IMPORTADO",95,0,"Cifras Revisadas"
"Registro Administrativo de la Industria Automotriz de Vehículos Ligeros. Venta de vehículos ","Nacional",2026,"01","Volkswagen","Polo 4 Ptas","Automóviles","Subcompactos","IMPORTADO",31,204,"Cifras Revisadas"
"Registro Administrativo de la Industria Automotriz de Vehículos Ligeros. Venta de vehículos ","Nacional",2026,"01","Volkswagen","Saveiro","Camiones ligeros","Pick Ups","IMPORTADO",31,1026,"Cifras Revisadas"
"Registro Administrativo de la Industria Automotriz de Vehículos Ligeros. Venta de vehículos ","Nacional",2026,"01","Volkswagen","Taigun","Camiones ligeros","SUV's","IMPORTADO",95,901,"Cifras Revisadas"
"Registro Administrativo de la Industria Automotriz de Vehículos Ligeros. Venta de vehículos ","Nacional",2026,"01","Volkswagen","Taos","Camiones ligeros","SUV's","NACIONAL",1,1795,"Cifras Revisadas"
"Registro Administrativo de la Industria Automotriz de Vehículos Ligeros. Venta de vehículos ","Nacional",2026,"01","Volkswagen","T-Cross","Camiones ligeros","SUV's","IMPORTADO",31,0,"Cifras Revisadas"
"Registro Administrativo de la Industria Automotriz de Vehículos Ligeros. Venta de vehículos ","Nacional",2026,"01","Volkswagen","Teramont","Camiones ligeros","SUV's","IMPORTADO",66,453,"Cifras Revisadas"
"Registro Administrativo de la Industria Automotriz de Vehículos Ligeros. Venta de vehículos ","Nacional",2026,"01","Volkswagen","Tiguan-","Camiones ligeros","SUV's","NACIONAL",1,1663,"Cifras Revisadas"
"Registro Administrativo de la Industria Automotriz de Vehículos Ligeros. Venta de vehículos ","Nacional",2026,"01","Volkswagen","Touareg","Camiones ligeros","SUV's","IMPORTADO",62,0,"Cifras Revisadas"
"Registro Administrativo de la Industria Automotriz de Vehículos Ligeros. Venta de vehículos ","Nacional",2026,"01","Volkswagen","Transporter Carga","Camiones ligeros","SUV's","IMPORTADO",4,79,"Cifras Revisadas"
"Registro Administrativo de la Industria Automotriz de Vehículos Ligeros. Venta de vehículos ","Nacional",2026,"01","Volkswagen","Transporter Pasajeros","Camiones ligeros","SUV's","IMPORTADO",4,41,"Cifras Revisadas"
"Registro Administrativo de la Industria Automotriz de Vehículos Ligeros. Venta de vehículos ","Nacional",2026,"01","Volkswagen","UP!","Automóviles","Subcompactos","IMPORTADO",31,0,"Cifras Revisadas"
"Registro Administrativo de la Industria Automotriz de Vehículos Ligeros. Venta de vehículos ","Nacional",2026,"01","Volkswagen","Vento","Automóviles","Subcompactos","IMPORTADO",95,0,"Cifras Revisadas"
"Registro Administrativo de la Industria Automotriz de Vehículos Ligeros. Venta de vehículos ","Nacional",2026,"01","Volkswagen","Virtus","Automóviles","Subcompactos","IMPORTADO",95,2161,"Cifras Revisadas"
"Registro Administrativo de la Industria Automotriz de Vehículos Ligeros. Venta de vehículos ","Nacional",2026,"01","Volkswagen","Volkswagen Caddy","Camiones ligeros","Pick Ups","IMPORTADO",177,55,"Cifras Revisadas"
"Registro Administrativo de la Industria Automotriz de Vehículos Ligeros. Venta de vehículos ","Nacional",2026,"01","Volkswagen","Volkswagen Tera","Automóviles","Subcompactos","IMPORTADO",31,1147,"Cifras Revisadas"
"Registro Administrativo de la Industria Automotriz de Vehículos Ligeros. Venta de vehículos ","Nacional",2026,"01","Volvo","C40","Automóviles","De Lujo","IMPORTADO",23,22,"Cifras Revisadas"
"Registro Administrativo de la Industria Automotriz de Vehículos Ligeros. Venta de vehículos ","Nacional",2026,"01","Volvo","EX30","Camiones ligeros","SUV's","IMPORTADO",43,130,"Cifras Revisadas"
"Registro Administrativo de la Industria Automotriz de Vehículos Ligeros. Venta de vehículos ","Nacional",2026,"01","Volvo","EX90","Camiones ligeros","SUV's","IMPORTADO",66,0,"Cifras Revisadas"
"Registro Administrativo de la Industria Automotriz de Vehículos Ligeros. Venta de vehículos ","Nacional",2026,"01","Volvo","S60 III","Automóviles","De Lujo","IMPORTADO",66,0,"Cifras Revisadas"
"Registro Administrativo de la Industria Automotriz de Vehículos Ligeros. Venta de vehículos ","Nacional",2026,"01","Volvo","XC40","Automóviles","De Lujo","IMPORTADO",23,34,"Cifras Revisadas"
"Registro Administrativo de la Industria Automotriz de Vehículos Ligeros. Venta de vehículos ","Nacional",2026,"01","Volvo","XC60 II","Camiones ligeros","SUV's","IMPORTADO",209,96,"Cifras Revisadas"
"Registro Administrativo de la Industria Automotriz de Vehículos Ligeros. Venta de vehículos ","Nacional",2026,"01","Volvo","XC90 II","Camiones ligeros","SUV's","IMPORTADO",209,46,"Cifras Revisadas"
"Registro Administrativo de la Industria Automotriz de Vehículos Ligeros. Venta de vehículos ","Nacional",2026,"01","Zeekr","X","Automóviles","De Lujo","IMPORTADO",43,19,"Cifras Revisadas"
"Registro Administrativo de la Industria Automotriz de Vehículos Ligeros. Venta de vehículos ","Nacional",2026,"01","Zeekr","001","Automóviles","De Lujo","IMPORTADO",43,27,"Cifras Revisadas"
"Registro Administrativo de la Industria Automotriz de Vehículos Ligeros. Venta de vehículos ","Nacional",2026,"01","Zeekr","7X","Automóviles","De Lujo","IMPORTADO",43,102,"Cifras Revisadas"
"Registro Administrativo de la Industria Automotriz de Vehículos Ligeros. Venta de vehículos ","Nacional",2026,"02","Acura","ADX","Camiones ligeros","SUV's","NACIONAL",1,29,"Cifras Revisadas"
"Registro Administrativo de la Industria Automotriz de Vehículos Ligeros. Venta de vehículos ","Nacional",2026,"02","Acura","INTEGRA","Automóviles","De Lujo","IMPORTADO",66,9,"Cifras Revisadas"
"Registro Administrativo de la Industria Automotriz de Vehículos Ligeros. Venta de vehículos ","Nacional",2026,"02","Acura","Mdx","Camiones ligeros","SUV's","IMPORTADO",40,6,"Cifras Revisadas"
"Registro Administrativo de la Industria Automotriz de Vehículos Ligeros. Venta de vehículos ","Nacional",2026,"02","Acura","NSX","Automóviles","Deportivos","IMPORTADO",66,0,"Cifras Revisadas"
"Registro Administrativo de la Industria Automotriz de Vehículos Ligeros. Venta de vehículos ","Nacional",2026,"02","Acura","Rdx","Camiones ligeros","SUV's","IMPORTADO",66,20,"Cifras Revisadas"
"Registro Administrativo de la Industria Automotriz de Vehículos Ligeros. Venta de vehículos ","Nacional",2026,"02","Acura","TLX","Automóviles","De Lujo","IMPORTADO",66,0,"Cifras Revisadas"
"Registro Administrativo de la Industria Automotriz de Vehículos Ligeros. Venta de vehículos ","Nacional",2026,"02","Alfa Romeo","Giulia","Automóviles","De Lujo","IMPORTADO",124,8,"Cifras Revisadas"
"Registro Administrativo de la Industria Automotriz de Vehículos Ligeros. Venta de vehículos ","Nacional",2026,"02","Alfa Romeo","Stelvio","Automóviles","De Lujo","IMPORTADO",124,7,"Cifras Revisadas"
"Registro Administrativo de la Industria Automotriz de Vehículos Ligeros. Venta de vehículos ","Nacional",2026,"02","Alfa Romeo","TONALE","Camiones ligeros","SUV's","IMPORTADO",124,7,"Cifras Revisadas"
"Registro Administrativo de la Industria Automotriz de Vehículos Ligeros. Venta de vehículos ","Nacional",2026,"02","Audi","A1*","Automóviles","De Lujo","IMPORTADO",64,51,"Cifras Revisadas"
"Registro Administrativo de la Industria Automotriz de Vehículos Ligeros. Venta de vehículos ","Nacional",2026,"02","Audi","A3-","Automóviles","De Lujo","IMPORTADO",4,141,"Cifras Revisadas"
"Registro Administrativo de la Industria Automotriz de Vehículos Ligeros. Venta de vehículos ","Nacional",2026,"02","Audi","A4","Automóviles","De Lujo","IMPORTADO",4,1,"Cifras Revisadas"
"Registro Administrativo de la Industria Automotriz de Vehículos Ligeros. Venta de vehículos ","Nacional",2026,"02","Audi","A5 Coupe","Automóviles","De Lujo","IMPORTADO",4,0,"Cifras Revisadas"
"Registro Administrativo de la Industria Automotriz de Vehículos Ligeros. Venta de vehículos ","Nacional",2026,"02","Audi","A5 Sedán","Automóviles","De Lujo","IMPORTADO",4,95,"Cifras Revisadas"
"Registro Administrativo de la Industria Automotriz de Vehículos Ligeros. Venta de vehículos ","Nacional",2026,"02","Audi","A5 Sportback","Automóviles","Deportivos","IMPORTADO",4,2,"Cifras Revisadas"
"Registro Administrativo de la Industria Automotriz de Vehículos Ligeros. Venta de vehículos ","Nacional",2026,"02","Audi","A6","Automóviles","De Lujo","IMPORTADO",4,13,"Cifras Revisadas"
"Registro Administrativo de la Industria Automotriz de Vehículos Ligeros. Venta de vehículos ","Nacional",2026,"02","Audi","A8","Automóviles","De Lujo","IMPORTADO",4,1,"Cifras Revisadas"
"Registro Administrativo de la Industria Automotriz de Vehículos Ligeros. Venta de vehículos ","Nacional",2026,"02","Audi","Q 3","Camiones ligeros","SUV's","IMPORTADO",94,48,"Cifras Revisadas"
"Registro Administrativo de la Industria Automotriz de Vehículos Ligeros. Venta de vehículos ","Nacional",2026,"02","Audi","Q2","Automóviles","De Lujo","IMPORTADO",62,40,"Cifras Revisadas"
"Registro Administrativo de la Industria Automotriz de Vehículos Ligeros. Venta de vehículos ","Nacional",2026,"02","Audi","Q3 SB","Camiones ligeros","SUV's","IMPORTADO",94,130,"Cifras Revisadas"
"Registro Administrativo de la Industria Automotriz de Vehículos Ligeros. Venta de vehículos ","Nacional",2026,"02","Audi","Q5","Camiones ligeros","SUV's","NACIONAL",1,132,"Cifras Revisadas"
"Registro Administrativo de la Industria Automotriz de Vehículos Ligeros. Venta de vehículos ","Nacional",2026,"02","Audi","Q6 etron","Automóviles","De Lujo","IMPORTADO",4,14,"Cifras Revisadas"
"Registro Administrativo de la Industria Automotriz de Vehículos Ligeros. Venta de vehículos ","Nacional",2026,"02","Audi","Q7-","Camiones ligeros","SUV's","IMPORTADO",62,12,"Cifras Revisadas"
"Registro Administrativo de la Industria Automotriz de Vehículos Ligeros. Venta de vehículos ","Nacional",2026,"02","Audi","Q8","Camiones ligeros","SUV's","IMPORTADO",4,39,"Cifras Revisadas"
"Registro Administrativo de la Industria Automotriz de Vehículos Ligeros. Venta de vehículos ","Nacional",2026,"02","Auteco","D2S 150","Automóviles","Subcompactos","IMPORTADO",43,0,"Cifras Revisadas"
"Registro Administrativo de la Industria Automotriz de Vehículos Ligeros. Venta de vehículos ","Nacional",2026,"02","Auteco","D2S 250","Automóviles","Subcompactos","IMPORTADO",43,0,"Cifras Revisadas"
"Registro Administrativo de la Industria Automotriz de Vehículos Ligeros. Venta de vehículos ","Nacional",2026,"02","Auteco","E-TRUCK B2.0T","Camiones ligeros","Pick Ups","IMPORTADO",43,0,"Cifras Revisadas"
"Registro Administrativo de la Industria Automotriz de Vehículos Ligeros. Venta de vehículos ","Nacional",2026,"02","Auteco","E-VAN S1.0T PRO","Camiones ligeros","Minivans","IMPORTADO",43,0,"Cifras Revisadas"
"Registro Administrativo de la Industria Automotriz de Vehículos Ligeros. Venta de vehículos ","Nacional",2026,"02","Auteco","RICH 6 EV","Camiones ligeros","Pick Ups","IMPORTADO",43,0,"Cifras Revisadas"
"Registro Administrativo de la Industria Automotriz de Vehículos Ligeros. Venta de vehículos ","Nacional",2026,"02","Bentley","Bentayga","Automóviles","De Lujo","IMPORTADO",181,1,"Cifras Revisadas"
"Registro Administrativo de la Industria Automotriz de Vehículos Ligeros. Venta de vehículos ","Nacional",2026,"02","Bentley","Continental","Automóviles","De Lujo","IMPORTADO",181,2,"Cifras Revisadas"
"Registro Administrativo de la Industria Automotriz de Vehículos Ligeros. Venta de vehículos ","Nacional",2026,"02","BMW","iX","Camiones ligeros","SUV's","IMPORTADO",4,28,"Cifras Revisadas"
"Registro Administrativo de la Industria Automotriz de Vehículos Ligeros. Venta de vehículos ","Nacional",2026,"02","BMW","iX1","Automóviles","De Lujo","IMPORTADO",4,23,"Cifras Revisadas"
"Registro Administrativo de la Industria Automotriz de Vehículos Ligeros. Venta de vehículos ","Nacional",2026,"02","BMW","iX2","Camiones ligeros","SUV's","IMPORTADO",4,18,"Cifras Revisadas"
"Registro Administrativo de la Industria Automotriz de Vehículos Ligeros. Venta de vehículos ","Nacional",2026,"02","BMW","i4","Automóviles","De Lujo","IMPORTADO",4,7,"Cifras Revisadas"
"Registro Administrativo de la Industria Automotriz de Vehículos Ligeros. Venta de vehículos ","Nacional",2026,"02","BMW","i5","Automóviles","De Lujo","IMPORTADO",4,7,"Cifras Revisadas"
"Registro Administrativo de la Industria Automotriz de Vehículos Ligeros. Venta de vehículos ","Nacional",2026,"02","BMW","Serie 1 Hatch","Automóviles","De Lujo","IMPORTADO",4,21,"Cifras Revisadas"
"Registro Administrativo de la Industria Automotriz de Vehículos Ligeros. Venta de vehículos ","Nacional",2026,"02","BMW","Serie 2","Automóviles","De Lujo","IMPORTADO",4,114,"Cifras Revisadas"
"Registro Administrativo de la Industria Automotriz de Vehículos Ligeros. Venta de vehículos ","Nacional",2026,"02","BMW","Serie 3","Automóviles","De Lujo","IMPORTADO",4,105,"Cifras Revisadas"
"Registro Administrativo de la Industria Automotriz de Vehículos Ligeros. Venta de vehículos ","Nacional",2026,"02","BMW","Serie 4","Automóviles","De Lujo","IMPORTADO",4,52,"Cifras Revisadas"
"Registro Administrativo de la Industria Automotriz de Vehículos Ligeros. Venta de vehículos ","Nacional",2026,"02","BMW","Serie 5","Automóviles","De Lujo","IMPORTADO",4,13,"Cifras Revisadas"
"Registro Administrativo de la Industria Automotriz de Vehículos Ligeros. Venta de vehículos ","Nacional",2026,"02","BMW","Serie 7","Automóviles","De Lujo","IMPORTADO",4,4,"Cifras Revisadas"
"Registro Administrativo de la Industria Automotriz de Vehículos Ligeros. Venta de vehículos ","Nacional",2026,"02","BMW","XM","Automóviles","De Lujo","IMPORTADO",66,6,"Cifras Revisadas"
"Registro Administrativo de la Industria Automotriz de Vehículos Ligeros. Venta de vehículos ","Nacional",2026,"02","BMW","X1","Camiones ligeros","SUV's","IMPORTADO",4,147,"Cifras Revisadas"
"Registro Administrativo de la Industria Automotriz de Vehículos Ligeros. Venta de vehículos ","Nacional",2026,"02","BMW","X2","Camiones ligeros","SUV's","IMPORTADO",4,83,"Cifras Revisadas"
"Registro Administrativo de la Industria Automotriz de Vehículos Ligeros. Venta de vehículos ","Nacional",2026,"02","BMW","X3","Camiones ligeros","SUV's","IMPORTADO",66,204,"Cifras Revisadas"
"Registro Administrativo de la Industria Automotriz de Vehículos Ligeros. Venta de vehículos ","Nacional",2026,"02","BMW","X4","Camiones ligeros","SUV's","IMPORTADO",66,17,"Cifras Revisadas"
"Registro Administrativo de la Industria Automotriz de Vehículos Ligeros. Venta de vehículos ","Nacional",2026,"02","BMW","X5","Camiones ligeros","SUV's","IMPORTADO",66,111,"Cifras Revisadas"
"Registro Administrativo de la Industria Automotriz de Vehículos Ligeros. Venta de vehículos ","Nacional",2026,"02","BMW","X6","Camiones ligeros","SUV's","IMPORTADO",66,91,"Cifras Revisadas"
"Registro Administrativo de la Industria Automotriz de Vehículos Ligeros. Venta de vehículos ","Nacional",2026,"02","BMW","X7","Camiones ligeros","SUV's","IMPORTADO",66,27,"Cifras Revisadas"
"Registro Administrativo de la Industria Automotriz de Vehículos Ligeros. Venta de vehículos ","Nacional",2026,"02","BMW","Z4-","Automóviles","De Lujo","IMPORTADO",4,15,"Cifras Revisadas"
"Registro Administrativo de la Industria Automotriz de Vehículos Ligeros. Venta de vehículos ","Nacional",2026,"02","Changan","ALSVIN","Automóviles","Subcompactos","IMPORTADO",43,279,"Cifras Revisadas"
"Registro Administrativo de la Industria Automotriz de Vehículos Ligeros. Venta de vehículos ","Nacional",2026,"02","Changan","CS35 PLUS","Camiones ligeros","SUV's","IMPORTADO",43,220,"Cifras Revisadas"
"Registro Administrativo de la Industria Automotriz de Vehículos Ligeros. Venta de vehículos ","Nacional",2026,"02","Changan","CS55 PLUS","Camiones ligeros","SUV's","IMPORTADO",43,149,"Cifras Revisadas"
"Registro Administrativo de la Industria Automotriz de Vehículos Ligeros. Venta de vehículos ","Nacional",2026,"02","Changan","CS55 Plus IDD","Camiones ligeros","SUV's","IMPORTADO",43,132,"Cifras Revisadas"
"Registro Administrativo de la Industria Automotriz de Vehículos Ligeros. Venta de vehículos ","Nacional",2026,"02","Changan","CS75","Camiones ligeros","SUV's","IMPORTADO",43,135,"Cifras Revisadas"
"Registro Administrativo de la Industria Automotriz de Vehículos Ligeros. Venta de vehículos ","Nacional",2026,"02","Changan","CS95","Camiones ligeros","SUV's","IMPORTADO",43,8,"Cifras Revisadas"
"Registro Administrativo de la Industria Automotriz de Vehículos Ligeros. Venta de vehículos ","Nacional",2026,"02","Changan","DEEPAL S07 BEV","Camiones ligeros","SUV's","IMPORTADO",43,79,"Cifras Revisadas"
"Registro Administrativo de la Industria Automotriz de Vehículos Ligeros. Venta de vehículos ","Nacional",2026,"02","Changan","DEEPAL S07 REEV","Camiones ligeros","SUV's","IMPORTADO",43,2,"Cifras Revisadas"
"Registro Administrativo de la Industria Automotriz de Vehículos Ligeros. Venta de vehículos ","Nacional",2026,"02","Changan","Eado Plus","Automóviles","Compactos","IMPORTADO",43,112,"Cifras Revisadas"
"Registro Administrativo de la Industria Automotriz de Vehículos Ligeros. Venta de vehículos ","Nacional",2026,"02","Changan","Eado Plus IDD","Automóviles","Compactos","IMPORTADO",43,109,"Cifras Revisadas"
"Registro Administrativo de la Industria Automotriz de Vehículos Ligeros. Venta de vehículos ","Nacional",2026,"02","Changan","HONOR S","Camiones ligeros","Minivans","IMPORTADO",43,100,"Cifras Revisadas"
"Registro Administrativo de la Industria Automotriz de Vehículos Ligeros. Venta de vehículos ","Nacional",2026,"02","Changan","HUNTER CHASIS","Camiones ligeros","Pick Ups","IMPORTADO",43,8,"Cifras Revisadas"
"Registro Administrativo de la Industria Automotriz de Vehículos Ligeros. Venta de vehículos ","Nacional",2026,"02","Changan","HUNTER PLUS","Camiones ligeros","Pick Ups","IMPORTADO",43,109,"Cifras Revisadas"
"Registro Administrativo de la Industria Automotriz de Vehículos Ligeros. Venta de vehículos ","Nacional",2026,"02","Changan","HUNTER WORK","Camiones ligeros","Pick Ups","IMPORTADO",43,5,"Cifras Revisadas"
"Registro Administrativo de la Industria Automotriz de Vehículos Ligeros. Venta de vehículos ","Nacional",2026,"02","Changan","NEW STAR TRUCK","Camiones ligeros","Pick Ups","IMPORTADO",43,226,"Cifras Revisadas"
"Registro Administrativo de la Industria Automotriz de Vehículos Ligeros. Venta de vehículos ","Nacional",2026,"02","Changan","UNI-K","Camiones ligeros","SUV's","IMPORTADO",43,39,"Cifras Revisadas"
"Registro Administrativo de la Industria Automotriz de Vehículos Ligeros. Venta de vehículos ","Nacional",2026,"02","Chrysler","Attitude","Automóviles","Subcompactos","IMPORTADO",214,0,"Cifras Revisadas"
"Registro Administrativo de la Industria Automotriz de Vehículos Ligeros. Venta de vehículos ","Nacional",2026,"02","Chrysler","Challenger","Automóviles","Deportivos","IMPORTADO",40,0,"Cifras Revisadas"
"Registro Administrativo de la Industria Automotriz de Vehículos Ligeros. Venta de vehículos ","Nacional",2026,"02","Chrysler","Charger","Automóviles","De Lujo","IMPORTADO",40,0,"Cifras Revisadas"
"Registro Administrativo de la Industria Automotriz de Vehículos Ligeros. Venta de vehículos ","Nacional",2026,"02","Chrysler","Cherokee","Camiones ligeros","SUV's","IMPORTADO",66,30,"Cifras Revisadas"
"Registro Administrativo de la Industria Automotriz de Vehículos Ligeros. Venta de vehículos ","Nacional",2026,"02","Chrysler","Chrysler Pacifica","Camiones ligeros","Minivans","IMPORTADO",40,0,"Cifras Revisadas"
"Registro Administrativo de la Industria Automotriz de Vehículos Ligeros. Venta de vehículos ","Nacional",2026,"02","Chrysler","Chrysler 200","Automóviles","De Lujo","IMPORTADO",66,0,"Cifras Revisadas"
"Registro Administrativo de la Industria Automotriz de Vehículos Ligeros. Venta de vehículos ","Nacional",2026,"02","Chrysler","Chrysler 300","Automóviles","De Lujo","IMPORTADO",40,0,"Cifras Revisadas"
"Registro Administrativo de la Industria Automotriz de Vehículos Ligeros. Venta de vehículos ","Nacional",2026,"02","Chrysler","CHRYSLER 300C","Automóviles","De Lujo","IMPORTADO",40,0,"Cifras Revisadas"
"Registro Administrativo de la Industria Automotriz de Vehículos Ligeros. Venta de vehículos ","Nacional",2026,"02","Chrysler","Commander","Camiones ligeros","SUV's","IMPORTADO",31,52,"Cifras Revisadas"
"Registro Administrativo de la Industria Automotriz de Vehículos Ligeros. Venta de vehículos ","Nacional",2026,"02","Chrysler","Crew Cab-","Camiones ligeros","Pick Ups","NACIONAL",1,160,"Cifras Revisadas"
"Registro Administrativo de la Industria Automotriz de Vehículos Ligeros. Venta de vehículos ","Nacional",2026,"02","Chrysler","Dodge Neon","Automóviles","Compactos","IMPORTADO",227,0,"Cifras Revisadas"
"Registro Administrativo de la Industria Automotriz de Vehículos Ligeros. Venta de vehículos ","Nacional",2026,"02","Chrysler","Durango","Camiones ligeros","SUV's","IMPORTADO",66,162,"Cifras Revisadas"
"Registro Administrativo de la Industria Automotriz de Vehículos Ligeros. Venta de vehículos ","Nacional",2026,"02","Chrysler","Grand Caravan","Camiones ligeros","Minivans","IMPORTADO",40,0,"Cifras Revisadas"
"Registro Administrativo de la Industria Automotriz de Vehículos Ligeros. Venta de vehículos ","Nacional",2026,"02","Chrysler","Grand Cherokee","Camiones ligeros","SUV's","IMPORTADO",66,157,"Cifras Revisadas"
"Registro Administrativo de la Industria Automotriz de Vehículos Ligeros. Venta de vehículos ","Nacional",2026,"02","Chrysler","Jeep Compass","Camiones ligeros","SUV's","IMPORTADO",66,140,"Cifras Revisadas"
"Registro Administrativo de la Industria Automotriz de Vehículos Ligeros. Venta de vehículos ","Nacional",2026,"02","Chrysler","Jeep Compass-","Camiones ligeros","SUV's","NACIONAL",1,92,"Cifras Revisadas"
"Registro Administrativo de la Industria Automotriz de Vehículos Ligeros. Venta de vehículos ","Nacional",2026,"02","Chrysler","Journey","Camiones ligeros","SUV's","IMPORTADO",43,14,"Cifras Revisadas"
"Registro Administrativo de la Industria Automotriz de Vehículos Ligeros. Venta de vehículos ","Nacional",2026,"02","Chrysler","Journey","Camiones ligeros","SUV's","NACIONAL",1,0,"Cifras Revisadas"
"Registro Administrativo de la Industria Automotriz de Vehículos Ligeros. Venta de vehículos ","Nacional",2026,"02","Chrysler","JT ","Camiones ligeros","Pick Ups","IMPORTADO",66,130,"Cifras Revisadas"
"Registro Administrativo de la Industria Automotriz de Vehículos Ligeros. Venta de vehículos ","Nacional",2026,"02","Chrysler","Nuevo Attitude","Automóviles","Compactos","IMPORTADO",43,580,"Cifras Revisadas"
"Registro Administrativo de la Industria Automotriz de Vehículos Ligeros. Venta de vehículos ","Nacional",2026,"02","Chrysler","Patriot","Camiones ligeros","SUV's","IMPORTADO",66,0,"Cifras Revisadas"
"Registro Administrativo de la Industria Automotriz de Vehículos Ligeros. Venta de vehículos ","Nacional",2026,"02","Chrysler","Promaster","Camiones ligeros","SUV's","NACIONAL",1,5,"Cifras Revisadas"
"Registro Administrativo de la Industria Automotriz de Vehículos Ligeros. Venta de vehículos ","Nacional",2026,"02","Chrysler","Promaster Rapid","Camiones ligeros","Pick Ups","IMPORTADO",31,0,"Cifras Revisadas"
"Registro Administrativo de la Industria Automotriz de Vehículos Ligeros. Venta de vehículos ","Nacional",2026,"02","Chrysler","RAM DS","Camiones ligeros","Pick Ups","IMPORTADO",66,2,"Cifras Revisadas"
"Registro Administrativo de la Industria Automotriz de Vehículos Ligeros. Venta de vehículos ","Nacional",2026,"02","Chrysler","RAM 1200","Camiones ligeros","Pick Ups","NACIONAL",1,2331,"Cifras Revisadas"
"Registro Administrativo de la Industria Automotriz de Vehículos Ligeros. Venta de vehículos ","Nacional",2026,"02","Chrysler","RAM 1500-","Camiones ligeros","Pick Ups","NACIONAL",1,0,"Cifras Revisadas"
"Registro Administrativo de la Industria Automotriz de Vehículos Ligeros. Venta de vehículos ","Nacional",2026,"02","Chrysler","RAM 2500-","Camiones ligeros","Pick Ups","NACIONAL",1,0,"Cifras Revisadas"
"Registro Administrativo de la Industria Automotriz de Vehículos Ligeros. Venta de vehículos ","Nacional",2026,"02","Chrysler","RAM 4000","Camiones ligeros","Pick Ups","NACIONAL",1,214,"Cifras Revisadas"
"Registro Administrativo de la Industria Automotriz de Vehículos Ligeros. Venta de vehículos ","Nacional",2026,"02","Chrysler","RAM 4000 Diesel","Camiones ligeros","Pick Ups","NACIONAL",1,0,"Cifras Revisadas"
"Registro Administrativo de la Industria Automotriz de Vehículos Ligeros. Venta de vehículos ","Nacional",2026,"02","Chrysler","RAM 700","Camiones ligeros","Pick Ups","IMPORTADO",31,1654,"Cifras Revisadas"
"Registro Administrativo de la Industria Automotriz de Vehículos Ligeros. Venta de vehículos ","Nacional",2026,"02","Chrysler","Renegade","Camiones ligeros","SUV's","IMPORTADO",31,239,"Cifras Revisadas"
"Registro Administrativo de la Industria Automotriz de Vehículos Ligeros. Venta de vehículos ","Nacional",2026,"02","Chrysler","Viper","Automóviles","Deportivos","IMPORTADO",66,0,"Cifras Revisadas"
"Registro Administrativo de la Industria Automotriz de Vehículos Ligeros. Venta de vehículos ","Nacional",2026,"02","Chrysler","Vision","Automóviles","Subcompactos","IMPORTADO",31,0,"Cifras Revisadas"
"Registro Administrativo de la Industria Automotriz de Vehículos Ligeros. Venta de vehículos ","Nacional",2026,"02","Chrysler","Voyager Town&Country LTD","Camiones ligeros","Minivans","IMPORTADO",40,0,"Cifras Revisadas"
"Registro Administrativo de la Industria Automotriz de Vehículos Ligeros. Venta de vehículos ","Nacional",2026,"02","Chrysler","Voyager Town&Country LX","Camiones ligeros","Minivans","IMPORTADO",40,0,"Cifras Revisadas"
"Registro Administrativo de la Industria Automotriz de Vehículos Ligeros. Venta de vehículos ","Nacional",2026,"02","Chrysler","Wagoneer","Camiones ligeros","SUV's","IMPORTADO",66,10,"Cifras Revisadas"
"Registro Administrativo de la Industria Automotriz de Vehículos Ligeros. Venta de vehículos ","Nacional",2026,"02","Chrysler","Wrangler","Camiones ligeros","SUV's","IMPORTADO",66,174,"Cifras Revisadas"
"Registro Administrativo de la Industria Automotriz de Vehículos Ligeros. Venta de vehículos ","Nacional",2026,"02","Fiat","Argo","Automóviles","Subcompactos","IMPORTADO",31,19,"Cifras Revisadas"
"Registro Administrativo de la Industria Automotriz de Vehículos Ligeros. Venta de vehículos ","Nacional",2026,"02","Fiat","FASTBACK","Camiones ligeros","SUV's","IMPORTADO",31,90,"Cifras Revisadas"
"Registro Administrativo de la Industria Automotriz de Vehículos Ligeros. Venta de vehículos ","Nacional",2026,"02","Fiat","Pulse","Camiones ligeros","SUV's","IMPORTADO",31,136,"Cifras Revisadas"
"Registro Administrativo de la Industria Automotriz de Vehículos Ligeros. Venta de vehículos ","Nacional",2026,"02","Ford Motor","Bronco","Camiones ligeros","SUV's","IMPORTADO",66,85,"Cifras Revisadas"
"Registro Administrativo de la Industria Automotriz de Vehículos Ligeros. Venta de vehículos ","Nacional",2026,"02","Ford Motor","Bronco Sport","Camiones ligeros","SUV's","NACIONAL",1,153,"Cifras Revisadas"
"Registro Administrativo de la Industria Automotriz de Vehículos Ligeros. Venta de vehículos ","Nacional",2026,"02","Ford Motor","Edge","Camiones ligeros","SUV's","IMPORTADO",40,189,"Cifras Revisadas"
"Registro Administrativo de la Industria Automotriz de Vehículos Ligeros. Venta de vehículos ","Nacional",2026,"02","Ford Motor","E-Transit","Camiones ligeros","Pick Ups","IMPORTADO",66,3,"Cifras Revisadas"
"Registro Administrativo de la Industria Automotriz de Vehículos Ligeros. Venta de vehículos ","Nacional",2026,"02","Ford Motor","Expedition","Camiones ligeros","Minivans","IMPORTADO",66,78,"Cifras Revisadas"
"Registro Administrativo de la Industria Automotriz de Vehículos Ligeros. Venta de vehículos ","Nacional",2026,"02","Ford Motor","Explorer","Camiones ligeros","SUV's","IMPORTADO",66,126,"Cifras Revisadas"
"Registro Administrativo de la Industria Automotriz de Vehículos Ligeros. Venta de vehículos ","Nacional",2026,"02","Ford Motor","F 250 Super Duty","Camiones ligeros","Pick Ups","IMPORTADO",66,163,"Cifras Revisadas"
"Registro Administrativo de la Industria Automotriz de Vehículos Ligeros. Venta de vehículos ","Nacional",2026,"02","Ford Motor","F-350","Camiones ligeros","Pick Ups","IMPORTADO",66,218,"Cifras Revisadas"
"Registro Administrativo de la Industria Automotriz de Vehículos Ligeros. Venta de vehículos ","Nacional",2026,"02","Ford Motor","F-450","Camiones ligeros","Pick Ups","IMPORTADO",66,63,"Cifras Revisadas"
"Registro Administrativo de la Industria Automotriz de Vehículos Ligeros. Venta de vehículos ","Nacional",2026,"02","Ford Motor","F-550","Camiones ligeros","Pick Ups","IMPORTADO",66,47,"Cifras Revisadas"
"Registro Administrativo de la Industria Automotriz de Vehículos Ligeros. Venta de vehículos ","Nacional",2026,"02","Ford Motor","Lobo Crew Cab","Camiones ligeros","Pick Ups","IMPORTADO",66,0,"Cifras Revisadas"
"Registro Administrativo de la Industria Automotriz de Vehículos Ligeros. Venta de vehículos ","Nacional",2026,"02","Ford Motor","Lobo Regular Cab","Camiones ligeros","Pick Ups","IMPORTADO",66,333,"Cifras Revisadas"
"Registro Administrativo de la Industria Automotriz de Vehículos Ligeros. Venta de vehículos ","Nacional",2026,"02","Ford Motor","Maverick","Camiones ligeros","Pick Ups","NACIONAL",1,232,"Cifras Revisadas"
"Registro Administrativo de la Industria Automotriz de Vehículos Ligeros. Venta de vehículos ","Nacional",2026,"02","Ford Motor","Mustang","Automóviles","Deportivos","IMPORTADO",66,55,"Cifras Revisadas"
"Registro Administrativo de la Industria Automotriz de Vehículos Ligeros. Venta de vehículos ","Nacional",2026,"02","Ford Motor","Mustang Mach-E","Camiones ligeros","SUV's","NACIONAL",1,7,"Cifras Revisadas"
"Registro Administrativo de la Industria Automotriz de Vehículos Ligeros. Venta de vehículos ","Nacional",2026,"02","Ford Motor","New F150 / F-150","Camiones ligeros","Pick Ups","IMPORTADO",66,295,"Cifras Revisadas"
"Registro Administrativo de la Industria Automotriz de Vehículos Ligeros. Venta de vehículos ","Nacional",2026,"02","Ford Motor","Ranger","Camiones ligeros","Pick Ups","IMPORTADO",12,546,"Cifras Revisadas"
"Registro Administrativo de la Industria Automotriz de Vehículos Ligeros. Venta de vehículos ","Nacional",2026,"02","Ford Motor","Territory","Camiones ligeros","SUV's","IMPORTADO",43,1362,"Cifras Revisadas"
"Registro Administrativo de la Industria Automotriz de Vehículos Ligeros. Venta de vehículos ","Nacional",2026,"02","Ford Motor","Transit","Camiones ligeros","SUV's","IMPORTADO",181,288,"Cifras Revisadas"
"Registro Administrativo de la Industria Automotriz de Vehículos Ligeros. Venta de vehículos ","Nacional",2026,"02","Foton","HI VAN EV","Camiones ligeros","SUV's","IMPORTADO",43,0,"Cifras Revisadas"
"Registro Administrativo de la Industria Automotriz de Vehículos Ligeros. Venta de vehículos ","Nacional",2026,"02","Foton","HI-VAN","Camiones ligeros","SUV's","IMPORTADO",43,0,"Cifras Revisadas"
"Registro Administrativo de la Industria Automotriz de Vehículos Ligeros. Venta de vehículos ","Nacional",2026,"02","Foton","MILER","Camiones ligeros","Pick Ups","IMPORTADO",43,0,"Cifras Revisadas"
"Registro Administrativo de la Industria Automotriz de Vehículos Ligeros. Venta de vehículos ","Nacional",2026,"02","Foton","S3","Camiones ligeros","Pick Ups","IMPORTADO",43,25,"Cifras Revisadas"
"Registro Administrativo de la Industria Automotriz de Vehículos Ligeros. Venta de vehículos ","Nacional",2026,"02","Foton","S3 EV","Camiones ligeros","Pick Ups","IMPORTADO",43,29,"Cifras Revisadas"
"Registro Administrativo de la Industria Automotriz de Vehículos Ligeros. Venta de vehículos ","Nacional",2026,"02","Foton","TM EV","Camiones ligeros","Pick Ups","IMPORTADO",43,0,"Cifras Revisadas"
"Registro Administrativo de la Industria Automotriz de Vehículos Ligeros. Venta de vehículos ","Nacional",2026,"02","Foton","TM 3","Camiones ligeros","Pick Ups","IMPORTADO",43,1,"Cifras Revisadas"
"Registro Administrativo de la Industria Automotriz de Vehículos Ligeros. Venta de vehículos ","Nacional",2026,"02","Foton","TUNLAND","Camiones ligeros","Pick Ups","IMPORTADO",43,0,"Cifras Revisadas"
"Registro Administrativo de la Industria Automotriz de Vehículos Ligeros. Venta de vehículos ","Nacional",2026,"02","Foton","Tunland EV","Camiones ligeros","Pick Ups","IMPORTADO",43,2,"Cifras Revisadas"
"Registro Administrativo de la Industria Automotriz de Vehículos Ligeros. Venta de vehículos ","Nacional",2026,"02","Foton","VIEW","Camiones ligeros","SUV's","IMPORTADO",43,2,"Cifras Revisadas"
"Registro Administrativo de la Industria Automotriz de Vehículos Ligeros. Venta de vehículos ","Nacional",2026,"02","Foton","VIEW EV","Camiones ligeros","SUV's","IMPORTADO",43,0,"Cifras Revisadas"
"Registro Administrativo de la Industria Automotriz de Vehículos Ligeros. Venta de vehículos ","Nacional",2026,"02","Foton","Wonder EV","Camiones ligeros","Pick Ups","IMPORTADO",43,0,"Cifras Revisadas"
"Registro Administrativo de la Industria Automotriz de Vehículos Ligeros. Venta de vehículos ","Nacional",2026,"02","Geely","Cityray","Camiones ligeros","SUV's","IMPORTADO",43,176,"Cifras Revisadas"
"Registro Administrativo de la Industria Automotriz de Vehículos Ligeros. Venta de vehículos ","Nacional",2026,"02","Geely","Coolray","Camiones ligeros","SUV's","IMPORTADO",43,576,"Cifras Revisadas"
"Registro Administrativo de la Industria Automotriz de Vehículos Ligeros. Venta de vehículos ","Nacional",2026,"02","Geely","Emgrand","Automóviles","Subcompactos","IMPORTADO",43,1423,"Cifras Revisadas"
"Registro Administrativo de la Industria Automotriz de Vehículos Ligeros. Venta de vehículos ","Nacional",2026,"02","Geely","EX2","Camiones ligeros","SUV's","IMPORTADO",43,497,"Cifras Revisadas"
"Registro Administrativo de la Industria Automotriz de Vehículos Ligeros. Venta de vehículos ","Nacional",2026,"02","Geely","EX5","Camiones ligeros","SUV's","IMPORTADO",43,14,"Cifras Revisadas"
"Registro Administrativo de la Industria Automotriz de Vehículos Ligeros. Venta de vehículos ","Nacional",2026,"02","Geely","EX5 EM-i","Camiones ligeros","SUV's","IMPORTADO",43,329,"Cifras Revisadas"
"Registro Administrativo de la Industria Automotriz de Vehículos Ligeros. Venta de vehículos ","Nacional",2026,"02","Geely","Geometry C","Camiones ligeros","SUV's","IMPORTADO",43,0,"Cifras Revisadas"
"Registro Administrativo de la Industria Automotriz de Vehículos Ligeros. Venta de vehículos ","Nacional",2026,"02","Geely","Gx3 Pro","Camiones ligeros","SUV's","IMPORTADO",43,30,"Cifras Revisadas"
"Registro Administrativo de la Industria Automotriz de Vehículos Ligeros. Venta de vehículos ","Nacional",2026,"02","Geely","Monjaro","Camiones ligeros","SUV's","IMPORTADO",43,105,"Cifras Revisadas"
"Registro Administrativo de la Industria Automotriz de Vehículos Ligeros. Venta de vehículos ","Nacional",2026,"02","Geely","Okavango","Camiones ligeros","SUV's","IMPORTADO",43,5,"Cifras Revisadas"
"Registro Administrativo de la Industria Automotriz de Vehículos Ligeros. Venta de vehículos ","Nacional",2026,"02","Geely","Starray","Camiones ligeros","SUV's","IMPORTADO",43,52,"Cifras Revisadas"
"Registro Administrativo de la Industria Automotriz de Vehículos Ligeros. Venta de vehículos ","Nacional",2026,"02","General Motors","Acadia","Camiones ligeros","SUV's","IMPORTADO",66,78,"Cifras Revisadas"
"Registro Administrativo de la Industria Automotriz de Vehículos Ligeros. Venta de vehículos ","Nacional",2026,"02","General Motors","Ats 4p","Automóviles","De Lujo","IMPORTADO",66,0,"Cifras Revisadas"
"Registro Administrativo de la Industria Automotriz de Vehículos Ligeros. Venta de vehículos ","Nacional",2026,"02","General Motors","Avalanche UUV","Camiones ligeros","Pick Ups","NACIONAL",1,0,"Cifras Revisadas"
"Registro Administrativo de la Industria Automotriz de Vehículos Ligeros. Venta de vehículos ","Nacional",2026,"02","General Motors","Aveo","Automóviles","Subcompactos","IMPORTADO",43,5312,"Cifras Revisadas"
"Registro Administrativo de la Industria Automotriz de Vehículos Ligeros. Venta de vehículos ","Nacional",2026,"02","General Motors","Aveo-","Automóviles","Subcompactos","NACIONAL",1,0,"Cifras Revisadas"
"Registro Administrativo de la Industria Automotriz de Vehículos Ligeros. Venta de vehículos ","Nacional",2026,"02","General Motors","Aveo HB","Automóviles","Subcompactos","IMPORTADO",43,0,"Cifras Revisadas"
"Registro Administrativo de la Industria Automotriz de Vehículos Ligeros. Venta de vehículos ","Nacional",2026,"02","General Motors","Beat","Automóviles","Subcompactos","IMPORTADO",95,0,"Cifras Revisadas"
"Registro Administrativo de la Industria Automotriz de Vehículos Ligeros. Venta de vehículos ","Nacional",2026,"02","General Motors","Beat 4 PTAS.","Automóviles","Subcompactos","IMPORTADO",95,0,"Cifras Revisadas"
"Registro Administrativo de la Industria Automotriz de Vehículos Ligeros. Venta de vehículos ","Nacional",2026,"02","General Motors","Blazer","Camiones ligeros","SUV's","NACIONAL",1,19,"Cifras Revisadas"
"Registro Administrativo de la Industria Automotriz de Vehículos Ligeros. Venta de vehículos ","Nacional",2026,"02","General Motors","Blazer EV","Camiones ligeros","SUV's","NACIONAL",1,8,"Cifras Revisadas"
"Registro Administrativo de la Industria Automotriz de Vehículos Ligeros. Venta de vehículos ","Nacional",2026,"02","General Motors","Bolt","Automóviles","Subcompactos","IMPORTADO",66,0,"Cifras Revisadas"
"Registro Administrativo de la Industria Automotriz de Vehículos Ligeros. Venta de vehículos ","Nacional",2026,"02","General Motors","Bolt EUV","Camiones ligeros","SUV's","IMPORTADO",66,0,"Cifras Revisadas"
"Registro Administrativo de la Industria Automotriz de Vehículos Ligeros. Venta de vehículos ","Nacional",2026,"02","General Motors","Brightdrop","Camiones ligeros","Minivans","IMPORTADO",40,0,"Cifras Revisadas"
"Registro Administrativo de la Industria Automotriz de Vehículos Ligeros. Venta de vehículos ","Nacional",2026,"02","General Motors","Camaro","Automóviles","Deportivos","IMPORTADO",66,0,"Cifras Revisadas"
"Registro Administrativo de la Industria Automotriz de Vehículos Ligeros. Venta de vehículos ","Nacional",2026,"02","General Motors","Camaro Convertible","Automóviles","De Lujo","IMPORTADO",66,0,"Cifras Revisadas"
"Registro Administrativo de la Industria Automotriz de Vehículos Ligeros. Venta de vehículos ","Nacional",2026,"02","General Motors","Canyon Crew Cab 4x4","Camiones ligeros","Pick Ups","IMPORTADO",66,129,"Cifras Revisadas"
"Registro Administrativo de la Industria Automotriz de Vehículos Ligeros. Venta de vehículos ","Nacional",2026,"02","General Motors","Captiva Sport","Camiones ligeros","SUV's","NACIONAL",1,0,"Cifras Revisadas"
"Registro Administrativo de la Industria Automotriz de Vehículos Ligeros. Venta de vehículos ","Nacional",2026,"02","General Motors","Captiva SUV","Camiones ligeros","SUV's","IMPORTADO",43,1489,"Cifras Revisadas"
"Registro Administrativo de la Industria Automotriz de Vehículos Ligeros. Venta de vehículos ","Nacional",2026,"02","General Motors","Cavalier 4 Ptas","Automóviles","Compactos","IMPORTADO",43,10,"Cifras Revisadas"
"Registro Administrativo de la Industria Automotriz de Vehículos Ligeros. Venta de vehículos ","Nacional",2026,"02","General Motors","Chevrolet Express Cargo Van","Camiones ligeros","Minivans","IMPORTADO",66,0,"Cifras Revisadas"
"Registro Administrativo de la Industria Automotriz de Vehículos Ligeros. Venta de vehículos ","Nacional",2026,"02","General Motors","Chevrolet Express Cutaway","Camiones ligeros","Minivans","IMPORTADO",66,0,"Cifras Revisadas"
"Registro Administrativo de la Industria Automotriz de Vehículos Ligeros. Venta de vehículos ","Nacional",2026,"02","General Motors","Chevrolet Express MAX Cargo Van","Camiones ligeros","Minivans","IMPORTADO",43,161,"Cifras Revisadas"
"Registro Administrativo de la Industria Automotriz de Vehículos Ligeros. Venta de vehículos ","Nacional",2026,"02","General Motors","Chevrolet Express Passenger Van","Camiones ligeros","Minivans","IMPORTADO",66,0,"Cifras Revisadas"
"Registro Administrativo de la Industria Automotriz de Vehículos Ligeros. Venta de vehículos ","Nacional",2026,"02","General Motors","Chevy 3 Ptas","Automóviles","Subcompactos","NACIONAL",1,0,"Cifras Revisadas"
"Registro Administrativo de la Industria Automotriz de Vehículos Ligeros. Venta de vehículos ","Nacional",2026,"02","General Motors","Chevy 4 PTAS","Automóviles","Subcompactos","NACIONAL",1,0,"Cifras Revisadas"
"Registro Administrativo de la Industria Automotriz de Vehículos Ligeros. Venta de vehículos ","Nacional",2026,"02","General Motors","Cheyenne  Doble Cabina","Camiones ligeros","Pick Ups","NACIONAL",1,362,"Cifras Revisadas"
"Registro Administrativo de la Industria Automotriz de Vehículos Ligeros. Venta de vehículos ","Nacional",2026,"02","General Motors","Cheyenne Cabina Regular","Camiones ligeros","Pick Ups","NACIONAL",1,56,"Cifras Revisadas"
"Registro Administrativo de la Industria Automotriz de Vehículos Ligeros. Venta de vehículos ","Nacional",2026,"02","General Motors","Cheyenne Doble Cabina","Camiones ligeros","Pick Ups","IMPORTADO",66,0,"Cifras Revisadas"
"Registro Administrativo de la Industria Automotriz de Vehículos Ligeros. Venta de vehículos ","Nacional",2026,"02","General Motors","Colorado Doble Cabina","Camiones ligeros","Pick Ups","IMPORTADO",66,161,"Cifras Revisadas"
"Registro Administrativo de la Industria Automotriz de Vehículos Ligeros. Venta de vehículos ","Nacional",2026,"02","General Motors","Corvette","Automóviles","Deportivos","IMPORTADO",66,9,"Cifras Revisadas"
"Registro Administrativo de la Industria Automotriz de Vehículos Ligeros. Venta de vehículos ","Nacional",2026,"02","General Motors","Corvette 2  Pts. Convertible","Automóviles","De Lujo","IMPORTADO",66,3,"Cifras Revisadas"
"Registro Administrativo de la Industria Automotriz de Vehículos Ligeros. Venta de vehículos ","Nacional",2026,"02","General Motors","Cruze 4 PTAS-","Automóviles","Compactos","NACIONAL",1,0,"Cifras Revisadas"
"Registro Administrativo de la Industria Automotriz de Vehículos Ligeros. Venta de vehículos ","Nacional",2026,"02","General Motors","Cruze 4 Ptas","Automóviles","Compactos","IMPORTADO",48,0,"Cifras Revisadas"
"Registro Administrativo de la Industria Automotriz de Vehículos Ligeros. Venta de vehículos ","Nacional",2026,"02","General Motors","Cruze 5 Ptas","Automóviles","Compactos","NACIONAL",1,0,"Cifras Revisadas"
"Registro Administrativo de la Industria Automotriz de Vehículos Ligeros. Venta de vehículos ","Nacional",2026,"02","General Motors","Cts 2 Ptas","Automóviles","De Lujo","IMPORTADO",66,0,"Cifras Revisadas"
"Registro Administrativo de la Industria Automotriz de Vehículos Ligeros. Venta de vehículos ","Nacional",2026,"02","General Motors","Cts 4 Ptas","Automóviles","De Lujo","IMPORTADO",66,0,"Cifras Revisadas"
"Registro Administrativo de la Industria Automotriz de Vehículos Ligeros. Venta de vehículos ","Nacional",2026,"02","General Motors","Enclave","Camiones ligeros","SUV's","IMPORTADO",66,56,"Cifras Revisadas"
"Registro Administrativo de la Industria Automotriz de Vehículos Ligeros. Venta de vehículos ","Nacional",2026,"02","General Motors","Encore","Camiones ligeros","SUV's","IMPORTADO",48,34,"Cifras Revisadas"
"Registro Administrativo de la Industria Automotriz de Vehículos Ligeros. Venta de vehículos ","Nacional",2026,"02","General Motors","Envision SUV","Camiones ligeros","SUV's","IMPORTADO",43,25,"Cifras Revisadas"
"Registro Administrativo de la Industria Automotriz de Vehículos Ligeros. Venta de vehículos ","Nacional",2026,"02","General Motors","Envista SUV","Camiones ligeros","SUV's","IMPORTADO",48,102,"Cifras Revisadas"
"Registro Administrativo de la Industria Automotriz de Vehículos Ligeros. Venta de vehículos ","Nacional",2026,"02","General Motors","Epica","Automóviles","Compactos","IMPORTADO",48,0,"Cifras Revisadas"
"Registro Administrativo de la Industria Automotriz de Vehículos Ligeros. Venta de vehículos ","Nacional",2026,"02","General Motors","Equinox EV","Camiones ligeros","SUV's","NACIONAL",1,20,"Cifras Revisadas"
"Registro Administrativo de la Industria Automotriz de Vehículos Ligeros. Venta de vehículos ","Nacional",2026,"02","General Motors","Equinox SUV-","Camiones ligeros","SUV's","NACIONAL",1,0,"Cifras Revisadas"
"Registro Administrativo de la Industria Automotriz de Vehículos Ligeros. Venta de vehículos ","Nacional",2026,"02","General Motors","Equinox Suv","Camiones ligeros","SUV's","IMPORTADO",66,0,"Cifras Revisadas"
"Registro Administrativo de la Industria Automotriz de Vehículos Ligeros. Venta de vehículos ","Nacional",2026,"02","General Motors","Escalade ESV SUV AWD","Camiones ligeros","Minivans","IMPORTADO",66,67,"Cifras Revisadas"
"Registro Administrativo de la Industria Automotriz de Vehículos Ligeros. Venta de vehículos ","Nacional",2026,"02","General Motors","Escalade ESV SUV AWD","Camiones ligeros","Minivans","NACIONAL",1,0,"Cifras Revisadas"
"Registro Administrativo de la Industria Automotriz de Vehículos Ligeros. Venta de vehículos ","Nacional",2026,"02","General Motors","Escalade EXT UUV 4X4","Camiones ligeros","Minivans","NACIONAL",1,0,"Cifras Revisadas"
"Registro Administrativo de la Industria Automotriz de Vehículos Ligeros. Venta de vehículos ","Nacional",2026,"02","General Motors","Escalade IQ Suv","Camiones ligeros","SUV's","NACIONAL",1,7,"Cifras Revisadas"
"Registro Administrativo de la Industria Automotriz de Vehículos Ligeros. Venta de vehículos ","Nacional",2026,"02","General Motors","Escalade IQL Suv","Camiones ligeros","SUV's","NACIONAL",1,8,"Cifras Revisadas"
"Registro Administrativo de la Industria Automotriz de Vehículos Ligeros. Venta de vehículos ","Nacional",2026,"02","General Motors","Escalade Suv","Camiones ligeros","Minivans","IMPORTADO",66,38,"Cifras Revisadas"
"Registro Administrativo de la Industria Automotriz de Vehículos Ligeros. Venta de vehículos ","Nacional",2026,"02","General Motors","GMC Sierra Cabina Regular","Camiones ligeros","Pick Ups","IMPORTADO",66,0,"Cifras Revisadas"
"Registro Administrativo de la Industria Automotriz de Vehículos Ligeros. Venta de vehículos ","Nacional",2026,"02","General Motors","GMC Sierra Doble Cabina","Camiones ligeros","Pick Ups","NACIONAL",1,0,"Cifras Revisadas"
"Registro Administrativo de la Industria Automotriz de Vehículos Ligeros. Venta de vehículos ","Nacional",2026,"02","General Motors","Groove SUV","Camiones ligeros","SUV's","IMPORTADO",43,1310,"Cifras Revisadas"
"Registro Administrativo de la Industria Automotriz de Vehículos Ligeros. Venta de vehículos ","Nacional",2026,"02","General Motors","Hummer EV Pickup","Camiones ligeros","Pick Ups","IMPORTADO",66,5,"Cifras Revisadas"
"Registro Administrativo de la Industria Automotriz de Vehículos Ligeros. Venta de vehículos ","Nacional",2026,"02","General Motors","Hummer EV SUV","Camiones ligeros","SUV's","IMPORTADO",66,5,"Cifras Revisadas"
"Registro Administrativo de la Industria Automotriz de Vehículos Ligeros. Venta de vehículos ","Nacional",2026,"02","General Motors","Kodiak Chassis Cab Class 7 PBV33,000","Camiones ligeros","Pick Ups","NACIONAL",1,0,"Cifras Revisadas"
"Registro Administrativo de la Industria Automotriz de Vehículos Ligeros. Venta de vehículos ","Nacional",2026,"02","General Motors","Lacrosse","Automóviles","De Lujo","IMPORTADO",66,0,"Cifras Revisadas"
"Registro Administrativo de la Industria Automotriz de Vehículos Ligeros. Venta de vehículos ","Nacional",2026,"02","General Motors","Lyriq SUV ","Camiones ligeros","SUV's","IMPORTADO",66,2,"Cifras Revisadas"
"Registro Administrativo de la Industria Automotriz de Vehículos Ligeros. Venta de vehículos ","Nacional",2026,"02","General Motors","Malibu 4 Ptas","Automóviles","Compactos","IMPORTADO",66,0,"Cifras Revisadas"
"Registro Administrativo de la Industria Automotriz de Vehículos Ligeros. Venta de vehículos ","Nacional",2026,"02","General Motors","Matiz 5 Ptas","Automóviles","Subcompactos","IMPORTADO",48,0,"Cifras Revisadas"
"Registro Administrativo de la Industria Automotriz de Vehículos Ligeros. Venta de vehículos ","Nacional",2026,"02","General Motors","Montana Crew Cab","Camiones ligeros","Pick Ups","IMPORTADO",31,182,"Cifras Revisadas"
"Registro Administrativo de la Industria Automotriz de Vehículos Ligeros. Venta de vehículos ","Nacional",2026,"02","General Motors","Onix","Automóviles","Compactos","IMPORTADO",43,1832,"Cifras Revisadas"
"Registro Administrativo de la Industria Automotriz de Vehículos Ligeros. Venta de vehículos ","Nacional",2026,"02","General Motors","Onix","Automóviles","Compactos","NACIONAL",1,0,"Cifras Revisadas"
"Registro Administrativo de la Industria Automotriz de Vehículos Ligeros. Venta de vehículos ","Nacional",2026,"02","General Motors","Optiq","Camiones ligeros","SUV's","NACIONAL",1,15,"Cifras Revisadas"
"Registro Administrativo de la Industria Automotriz de Vehículos Ligeros. Venta de vehículos ","Nacional",2026,"02","General Motors","Regal","Automóviles","De Lujo","IMPORTADO",40,0,"Cifras Revisadas"
"Registro Administrativo de la Industria Automotriz de Vehículos Ligeros. Venta de vehículos ","Nacional",2026,"02","General Motors","Sierra Cabina Regular","Camiones ligeros","Pick Ups","NACIONAL",1,51,"Cifras Revisadas"
"Registro Administrativo de la Industria Automotriz de Vehículos Ligeros. Venta de vehículos ","Nacional",2026,"02","General Motors","Sierra Doble Cabina","Camiones ligeros","Pick Ups","IMPORTADO",66,18,"Cifras Revisadas"
"Registro Administrativo de la Industria Automotriz de Vehículos Ligeros. Venta de vehículos ","Nacional",2026,"02","General Motors","Sierra Doble Cabina","Camiones ligeros","Pick Ups","NACIONAL",1,102,"Cifras Revisadas"
"Registro Administrativo de la Industria Automotriz de Vehículos Ligeros. Venta de vehículos ","Nacional",2026,"02","General Motors","Silverado Cabina Regular","Camiones ligeros","Pick Ups","NACIONAL",1,28,"Cifras Revisadas"
"Registro Administrativo de la Industria Automotriz de Vehículos Ligeros. Venta de vehículos ","Nacional",2026,"02","General Motors","Silverado Doble Cabina","Camiones ligeros","Pick Ups","NACIONAL",1,63,"Cifras Revisadas"
"Registro Administrativo de la Industria Automotriz de Vehículos Ligeros. Venta de vehículos ","Nacional",2026,"02","General Motors","Silverado 1500 Cabina Regular","Camiones ligeros","Pick Ups","IMPORTADO",66,0,"Cifras Revisadas"
"Registro Administrativo de la Industria Automotriz de Vehículos Ligeros. Venta de vehículos ","Nacional",2026,"02","General Motors","Silverado 1500 Cabina Regular-","Camiones ligeros","Pick Ups","NACIONAL",1,0,"Cifras Revisadas"
"Registro Administrativo de la Industria Automotriz de Vehículos Ligeros. Venta de vehículos ","Nacional",2026,"02","General Motors","Silverado 2500 Cabina Extendida","Camiones ligeros","Pick Ups","IMPORTADO",66,0,"Cifras Revisadas"
"Registro Administrativo de la Industria Automotriz de Vehículos Ligeros. Venta de vehículos ","Nacional",2026,"02","General Motors","Silverado 2500 Cabina Regular","Camiones ligeros","Pick Ups","IMPORTADO",66,0,"Cifras Revisadas"
"Registro Administrativo de la Industria Automotriz de Vehículos Ligeros. Venta de vehículos ","Nacional",2026,"02","General Motors","Silverado 2500 Cabina Regular-","Camiones ligeros","Pick Ups","NACIONAL",1,0,"Cifras Revisadas"
"Registro Administrativo de la Industria Automotriz de Vehículos Ligeros. Venta de vehículos ","Nacional",2026,"02","General Motors","Silverado 2500 Doble Cabina-","Camiones ligeros","Pick Ups","NACIONAL",1,0,"Cifras Revisadas"
"Registro Administrativo de la Industria Automotriz de Vehículos Ligeros. Venta de vehículos ","Nacional",2026,"02","General Motors","Silverado 3500 Chassis Cab","Camiones ligeros","Pick Ups","NACIONAL",1,5,"Cifras Revisadas"
"Registro Administrativo de la Industria Automotriz de Vehículos Ligeros. Venta de vehículos ","Nacional",2026,"02","General Motors","Silverado 3500 HD Chassis Cab Heavy Duty","Camiones ligeros","Pick Ups","NACIONAL",1,0,"Cifras Revisadas"
"Registro Administrativo de la Industria Automotriz de Vehículos Ligeros. Venta de vehículos ","Nacional",2026,"02","General Motors","Sonic-","Automóviles","Subcompactos","NACIONAL",1,0,"Cifras Revisadas"
"Registro Administrativo de la Industria Automotriz de Vehículos Ligeros. Venta de vehículos ","Nacional",2026,"02","General Motors","Sonic 5 PTS","Automóviles","Subcompactos","IMPORTADO",66,0,"Cifras Revisadas"
"Registro Administrativo de la Industria Automotriz de Vehículos Ligeros. Venta de vehículos ","Nacional",2026,"02","General Motors","Sonic 5 PTS-","Automóviles","Subcompactos","NACIONAL",1,0,"Cifras Revisadas"
"Registro Administrativo de la Industria Automotriz de Vehículos Ligeros. Venta de vehículos ","Nacional",2026,"02","General Motors","Spark","Automóviles","Subcompactos","IMPORTADO",95,0,"Cifras Revisadas"
"Registro Administrativo de la Industria Automotriz de Vehículos Ligeros. Venta de vehículos ","Nacional",2026,"02","General Motors","Spark EUV 4 dr.","Camiones ligeros","SUV's","IMPORTADO",43,273,"Cifras Revisadas"
"Registro Administrativo de la Industria Automotriz de Vehículos Ligeros. Venta de vehículos ","Nacional",2026,"02","General Motors","Spark EV 5 Ptas.","Automóviles","Subcompactos","IMPORTADO",48,0,"Cifras Revisadas"
"Registro Administrativo de la Industria Automotriz de Vehículos Ligeros. Venta de vehículos ","Nacional",2026,"02","General Motors","Spark NG","Automóviles","Subcompactos","IMPORTADO",48,0,"Cifras Revisadas"
"Registro Administrativo de la Industria Automotriz de Vehículos Ligeros. Venta de vehículos ","Nacional",2026,"02","General Motors","SRX SUV-","Camiones ligeros","SUV's","NACIONAL",1,0,"Cifras Revisadas"
"Registro Administrativo de la Industria Automotriz de Vehículos Ligeros. Venta de vehículos ","Nacional",2026,"02","General Motors","Suburban Suv","Camiones ligeros","SUV's","IMPORTADO",66,165,"Cifras Revisadas"
"Registro Administrativo de la Industria Automotriz de Vehículos Ligeros. Venta de vehículos ","Nacional",2026,"02","General Motors","S10","Camiones ligeros","Pick Ups","IMPORTADO",31,1680,"Cifras Revisadas"
"Registro Administrativo de la Industria Automotriz de Vehículos Ligeros. Venta de vehículos ","Nacional",2026,"02","General Motors","S10 Max Cabina Regular","Camiones ligeros","Pick Ups","IMPORTADO",43,0,"Cifras Revisadas"
"Registro Administrativo de la Industria Automotriz de Vehículos Ligeros. Venta de vehículos ","Nacional",2026,"02","General Motors","S10 Max Chassis","Camiones ligeros","Pick Ups","IMPORTADO",43,0,"Cifras Revisadas"
"Registro Administrativo de la Industria Automotriz de Vehículos Ligeros. Venta de vehículos ","Nacional",2026,"02","General Motors","S10 Max Doble Cabina","Camiones ligeros","Pick Ups","IMPORTADO",43,0,"Cifras Revisadas"
"Registro Administrativo de la Industria Automotriz de Vehículos Ligeros. Venta de vehículos ","Nacional",2026,"02","General Motors","Tahoe","Camiones ligeros","SUV's","IMPORTADO",66,175,"Cifras Revisadas"
"Registro Administrativo de la Industria Automotriz de Vehículos Ligeros. Venta de vehículos ","Nacional",2026,"02","General Motors","Terrain SUV-","Camiones ligeros","SUV's","NACIONAL",1,188,"Cifras Revisadas"
"Registro Administrativo de la Industria Automotriz de Vehículos Ligeros. Venta de vehículos ","Nacional",2026,"02","General Motors","Terrain Suv","Camiones ligeros","SUV's","IMPORTADO",40,0,"Cifras Revisadas"
"Registro Administrativo de la Industria Automotriz de Vehículos Ligeros. Venta de vehículos ","Nacional",2026,"02","General Motors","Tornado Pickup","Camiones ligeros","Pick Ups","IMPORTADO",31,0,"Cifras Revisadas"
"Registro Administrativo de la Industria Automotriz de Vehículos Ligeros. Venta de vehículos ","Nacional",2026,"02","General Motors","Tornado Van","Camiones ligeros","Minivans","IMPORTADO",43,1098,"Cifras Revisadas"
"Registro Administrativo de la Industria Automotriz de Vehículos Ligeros. Venta de vehículos ","Nacional",2026,"02","General Motors","Tracker","Camiones ligeros","SUV's","IMPORTADO",31,147,"Cifras Revisadas"
"Registro Administrativo de la Industria Automotriz de Vehículos Ligeros. Venta de vehículos ","Nacional",2026,"02","General Motors","Traverse Suv","Camiones ligeros","SUV's","IMPORTADO",66,82,"Cifras Revisadas"
"Registro Administrativo de la Industria Automotriz de Vehículos Ligeros. Venta de vehículos ","Nacional",2026,"02","General Motors","Trax","Camiones ligeros","SUV's","NACIONAL",1,414,"Cifras Revisadas"
"Registro Administrativo de la Industria Automotriz de Vehículos Ligeros. Venta de vehículos ","Nacional",2026,"02","General Motors","Verano","Automóviles","De Lujo","IMPORTADO",66,0,"Cifras Revisadas"
"Registro Administrativo de la Industria Automotriz de Vehículos Ligeros. Venta de vehículos ","Nacional",2026,"02","General Motors","Volt 4 Ptas.","Automóviles","Subcompactos","IMPORTADO",66,0,"Cifras Revisadas"
"Registro Administrativo de la Industria Automotriz de Vehículos Ligeros. Venta de vehículos ","Nacional",2026,"02","General Motors","Xt4 Suv","Camiones ligeros","SUV's","IMPORTADO",66,9,"Cifras Revisadas"
"Registro Administrativo de la Industria Automotriz de Vehículos Ligeros. Venta de vehículos ","Nacional",2026,"02","General Motors","XT5 SUV","Camiones ligeros","SUV's","IMPORTADO",66,3,"Cifras Revisadas"
"Registro Administrativo de la Industria Automotriz de Vehículos Ligeros. Venta de vehículos ","Nacional",2026,"02","General Motors","Yukon Suv","Camiones ligeros","SUV's","IMPORTADO",66,43,"Cifras Revisadas"
"Registro Administrativo de la Industria Automotriz de Vehículos Ligeros. Venta de vehículos ","Nacional",2026,"02","General Motors","Yukon XL","Camiones ligeros","SUV's","IMPORTADO",66,32,"Cifras Revisadas"
"Registro Administrativo de la Industria Automotriz de Vehículos Ligeros. Venta de vehículos ","Nacional",2026,"02","Great Wall Motor","HAVAL H6","Camiones ligeros","SUV's","IMPORTADO",43,114,"Cifras Revisadas"
"Registro Administrativo de la Industria Automotriz de Vehículos Ligeros. Venta de vehículos ","Nacional",2026,"02","Great Wall Motor","HAVAL Jolion","Camiones ligeros","SUV's","IMPORTADO",43,751,"Cifras Revisadas"
"Registro Administrativo de la Industria Automotriz de Vehículos Ligeros. Venta de vehículos ","Nacional",2026,"02","Great Wall Motor","ORA 03","Automóviles","Subcompactos","IMPORTADO",43,16,"Cifras Revisadas"
"Registro Administrativo de la Industria Automotriz de Vehículos Ligeros. Venta de vehículos ","Nacional",2026,"02","Great Wall Motor","POER","Camiones ligeros","Pick Ups","IMPORTADO",43,172,"Cifras Revisadas"
"Registro Administrativo de la Industria Automotriz de Vehículos Ligeros. Venta de vehículos ","Nacional",2026,"02","Great Wall Motor","POER 500","Camiones ligeros","Pick Ups","IMPORTADO",43,0,"Cifras Revisadas"
"Registro Administrativo de la Industria Automotriz de Vehículos Ligeros. Venta de vehículos ","Nacional",2026,"02","Great Wall Motor","TANK 300","Camiones ligeros","SUV's","IMPORTADO",43,30,"Cifras Revisadas"
"Registro Administrativo de la Industria Automotriz de Vehículos Ligeros. Venta de vehículos ","Nacional",2026,"02","Great Wall Motor","TANK 500","Camiones ligeros","SUV's","IMPORTADO",43,22,"Cifras Revisadas"
"Registro Administrativo de la Industria Automotriz de Vehículos Ligeros. Venta de vehículos ","Nacional",2026,"02","Honda","Accord-","Automóviles","De Lujo","IMPORTADO",66,36,"Cifras Revisadas"
"Registro Administrativo de la Industria Automotriz de Vehículos Ligeros. Venta de vehículos ","Nacional",2026,"02","Honda","BR-V","Camiones ligeros","SUV's","IMPORTADO",214,326,"Cifras Revisadas"
"Registro Administrativo de la Industria Automotriz de Vehículos Ligeros. Venta de vehículos ","Nacional",2026,"02","Honda","Civic","Automóviles","Compactos","IMPORTADO",66,339,"Cifras Revisadas"
"Registro Administrativo de la Industria Automotriz de Vehículos Ligeros. Venta de vehículos ","Nacional",2026,"02","Honda","CR-V","Camiones ligeros","SUV's","IMPORTADO",66,891,"Cifras Revisadas"
"Registro Administrativo de la Industria Automotriz de Vehículos Ligeros. Venta de vehículos ","Nacional",2026,"02","Honda","Honda City","Automóviles","Compactos","IMPORTADO",31,852,"Cifras Revisadas"
"Registro Administrativo de la Industria Automotriz de Vehículos Ligeros. Venta de vehículos ","Nacional",2026,"02","Honda","Honda Pilot","Camiones ligeros","SUV's","IMPORTADO",66,120,"Cifras Revisadas"
"Registro Administrativo de la Industria Automotriz de Vehículos Ligeros. Venta de vehículos ","Nacional",2026,"02","Honda","HR-V-","Camiones ligeros","SUV's","NACIONAL",1,673,"Cifras Revisadas"
"Registro Administrativo de la Industria Automotriz de Vehículos Ligeros. Venta de vehículos ","Nacional",2026,"02","Honda","Insight Hybrid","Automóviles","Compactos","IMPORTADO",66,0,"Cifras Revisadas"
"Registro Administrativo de la Industria Automotriz de Vehículos Ligeros. Venta de vehículos ","Nacional",2026,"02","Honda","Odyssey","Camiones ligeros","Minivans","IMPORTADO",40,138,"Cifras Revisadas"
"Registro Administrativo de la Industria Automotriz de Vehículos Ligeros. Venta de vehículos ","Nacional",2026,"02","Honda","Prelude","Automóviles","Deportivos","IMPORTADO",126,0,"Cifras Revisadas"
"Registro Administrativo de la Industria Automotriz de Vehículos Ligeros. Venta de vehículos ","Nacional",2026,"02","Hyundai","Accent Hatchback","Automóviles","Subcompactos","NACIONAL",1,0,"Cifras Revisadas"
"Registro Administrativo de la Industria Automotriz de Vehículos Ligeros. Venta de vehículos ","Nacional",2026,"02","Hyundai","Accent Sedan","Automóviles","Subcompactos","NACIONAL",1,0,"Cifras Revisadas"
"Registro Administrativo de la Industria Automotriz de Vehículos Ligeros. Venta de vehículos ","Nacional",2026,"02","Hyundai","Creta","Camiones ligeros","SUV's","IMPORTADO",95,1103,"Cifras Revisadas"
"Registro Administrativo de la Industria Automotriz de Vehículos Ligeros. Venta de vehículos ","Nacional",2026,"02","Hyundai","Elantra","Automóviles","Compactos","IMPORTADO",66,37,"Cifras Revisadas"
"Registro Administrativo de la Industria Automotriz de Vehículos Ligeros. Venta de vehículos ","Nacional",2026,"02","Hyundai","Genesis","Automóviles","De Lujo","IMPORTADO",48,0,"Cifras Revisadas"
"Registro Administrativo de la Industria Automotriz de Vehículos Ligeros. Venta de vehículos ","Nacional",2026,"02","Hyundai","Grand I10","Automóviles","Subcompactos","IMPORTADO",95,881,"Cifras Revisadas"
"Registro Administrativo de la Industria Automotriz de Vehículos Ligeros. Venta de vehículos ","Nacional",2026,"02","Hyundai","Grand I10 Sedán","Automóviles","Subcompactos","IMPORTADO",95,743,"Cifras Revisadas"
"Registro Administrativo de la Industria Automotriz de Vehículos Ligeros. Venta de vehículos ","Nacional",2026,"02","Hyundai","HB20 HATCHBACK","Automóviles","Compactos","IMPORTADO",31,10,"Cifras Revisadas"
"Registro Administrativo de la Industria Automotriz de Vehículos Ligeros. Venta de vehículos ","Nacional",2026,"02","Hyundai","HB20 SEDAN","Automóviles","Compactos","IMPORTADO",31,141,"Cifras Revisadas"
"Registro Administrativo de la Industria Automotriz de Vehículos Ligeros. Venta de vehículos ","Nacional",2026,"02","Hyundai","Ioniq","Automóviles","Compactos","IMPORTADO",48,0,"Cifras Revisadas"
"Registro Administrativo de la Industria Automotriz de Vehículos Ligeros. Venta de vehículos ","Nacional",2026,"02","Hyundai","Ioniq 5","Automóviles","Compactos","IMPORTADO",48,19,"Cifras Revisadas"
"Registro Administrativo de la Industria Automotriz de Vehículos Ligeros. Venta de vehículos ","Nacional",2026,"02","Hyundai","IX35","Camiones ligeros","SUV's","IMPORTADO",184,0,"Cifras Revisadas"
"Registro Administrativo de la Industria Automotriz de Vehículos Ligeros. Venta de vehículos ","Nacional",2026,"02","Hyundai","Palisade","Camiones ligeros","SUV's","IMPORTADO",48,38,"Cifras Revisadas"
"Registro Administrativo de la Industria Automotriz de Vehículos Ligeros. Venta de vehículos ","Nacional",2026,"02","Hyundai","Santa Fe","Camiones ligeros","SUV's","IMPORTADO",66,46,"Cifras Revisadas"
"Registro Administrativo de la Industria Automotriz de Vehículos Ligeros. Venta de vehículos ","Nacional",2026,"02","Hyundai","Santa FE 7 P","Camiones ligeros","SUV's","IMPORTADO",48,0,"Cifras Revisadas"
"Registro Administrativo de la Industria Automotriz de Vehículos Ligeros. Venta de vehículos ","Nacional",2026,"02","Hyundai","Sonata","Automóviles","Compactos","IMPORTADO",66,0,"Cifras Revisadas"
"Registro Administrativo de la Industria Automotriz de Vehículos Ligeros. Venta de vehículos ","Nacional",2026,"02","Hyundai","Starex","Camiones ligeros","Minivans","IMPORTADO",48,0,"Cifras Revisadas"
"Registro Administrativo de la Industria Automotriz de Vehículos Ligeros. Venta de vehículos ","Nacional",2026,"02","Hyundai","Tucson","Camiones ligeros","SUV's","IMPORTADO",184,347,"Cifras Revisadas"
"Registro Administrativo de la Industria Automotriz de Vehículos Ligeros. Venta de vehículos ","Nacional",2026,"02","Hyundai","Veloster","Automóviles","Deportivos","IMPORTADO",48,0,"Cifras Revisadas"
"Registro Administrativo de la Industria Automotriz de Vehículos Ligeros. Venta de vehículos ","Nacional",2026,"02","Infiniti","Infiniti","Automóviles","De Lujo","IMPORTADO",126,0,"Cifras Revisadas"
"Registro Administrativo de la Industria Automotriz de Vehículos Ligeros. Venta de vehículos ","Nacional",2026,"02","Infiniti","QX30","Automóviles","De Lujo","IMPORTADO",181,0,"Cifras Revisadas"
"Registro Administrativo de la Industria Automotriz de Vehículos Ligeros. Venta de vehículos ","Nacional",2026,"02","Infiniti","QX50","Camiones ligeros","SUV's","NACIONAL",1,23,"Cifras Revisadas"
"Registro Administrativo de la Industria Automotriz de Vehículos Ligeros. Venta de vehículos ","Nacional",2026,"02","Infiniti","QX55","Camiones ligeros","SUV's","NACIONAL",1,15,"Cifras Revisadas"
"Registro Administrativo de la Industria Automotriz de Vehículos Ligeros. Venta de vehículos ","Nacional",2026,"02","Infiniti","QX60","Camiones ligeros","SUV's","IMPORTADO",126,58,"Cifras Revisadas"
"Registro Administrativo de la Industria Automotriz de Vehículos Ligeros. Venta de vehículos ","Nacional",2026,"02","Infiniti","QX70","Camiones ligeros","SUV's","IMPORTADO",126,0,"Cifras Revisadas"
"Registro Administrativo de la Industria Automotriz de Vehículos Ligeros. Venta de vehículos ","Nacional",2026,"02","Infiniti","QX80","Camiones ligeros","SUV's","IMPORTADO",126,16,"Cifras Revisadas"
"Registro Administrativo de la Industria Automotriz de Vehículos Ligeros. Venta de vehículos ","Nacional",2026,"02","Infiniti","Q50","Automóviles","De Lujo","IMPORTADO",126,0,"Cifras Revisadas"
"Registro Administrativo de la Industria Automotriz de Vehículos Ligeros. Venta de vehículos ","Nacional",2026,"02","Infiniti","Q60","Automóviles","De Lujo","IMPORTADO",126,0,"Cifras Revisadas"
"Registro Administrativo de la Industria Automotriz de Vehículos Ligeros. Venta de vehículos ","Nacional",2026,"02","Infiniti","Q70","Automóviles","De Lujo","IMPORTADO",126,0,"Cifras Revisadas"
"Registro Administrativo de la Industria Automotriz de Vehículos Ligeros. Venta de vehículos ","Nacional",2026,"02","Isuzu","ELF 200","Camiones ligeros","Pick Ups","IMPORTADO",126,35,"Cifras Revisadas"
"Registro Administrativo de la Industria Automotriz de Vehículos Ligeros. Venta de vehículos ","Nacional",2026,"02","Isuzu","ELF 300","Camiones ligeros","Pick Ups","IMPORTADO",126,82,"Cifras Revisadas"
"Registro Administrativo de la Industria Automotriz de Vehículos Ligeros. Venta de vehículos ","Nacional",2026,"02","Isuzu","ELF 350","Camiones ligeros","Pick Ups","IMPORTADO",126,30,"Cifras Revisadas"
"Registro Administrativo de la Industria Automotriz de Vehículos Ligeros. Venta de vehículos ","Nacional",2026,"02","Isuzu","ELF100","Camiones ligeros","Pick Ups","IMPORTADO",126,35,"Cifras Revisadas"
"Registro Administrativo de la Industria Automotriz de Vehículos Ligeros. Venta de vehículos ","Nacional",2026,"02","JAC","E 10X","Automóviles","Compactos","NACIONAL",1,14,"Cifras Revisadas"
"Registro Administrativo de la Industria Automotriz de Vehículos Ligeros. Venta de vehículos ","Nacional",2026,"02","JAC","E 30x","Automóviles","Subcompactos","NACIONAL",1,9,"Cifras Revisadas"
"Registro Administrativo de la Industria Automotriz de Vehículos Ligeros. Venta de vehículos ","Nacional",2026,"02","JAC","EX450","Camiones ligeros","Pick Ups","NACIONAL",1,1,"Cifras Revisadas"
"Registro Administrativo de la Industria Automotriz de Vehículos Ligeros. Venta de vehículos ","Nacional",2026,"02","JAC","Frison","Camiones ligeros","Pick Ups","NACIONAL",1,770,"Cifras Revisadas"
"Registro Administrativo de la Industria Automotriz de Vehículos Ligeros. Venta de vehículos ","Nacional",2026,"02","JAC","JAC2","Camiones ligeros","SUV's","NACIONAL",1,105,"Cifras Revisadas"
"Registro Administrativo de la Industria Automotriz de Vehículos Ligeros. Venta de vehículos ","Nacional",2026,"02","JAC","JAC4","Camiones ligeros","SUV's","NACIONAL",1,127,"Cifras Revisadas"
"Registro Administrativo de la Industria Automotriz de Vehículos Ligeros. Venta de vehículos ","Nacional",2026,"02","JAC","JAC6","Camiones ligeros","SUV's","NACIONAL",1,66,"Cifras Revisadas"
"Registro Administrativo de la Industria Automotriz de Vehículos Ligeros. Venta de vehículos ","Nacional",2026,"02","JAC","JAC8","Camiones ligeros","SUV's","NACIONAL",1,255,"Cifras Revisadas"
"Registro Administrativo de la Industria Automotriz de Vehículos Ligeros. Venta de vehículos ","Nacional",2026,"02","JAC","J7","Automóviles","Compactos","NACIONAL",1,2,"Cifras Revisadas"
"Registro Administrativo de la Industria Automotriz de Vehículos Ligeros. Venta de vehículos ","Nacional",2026,"02","JAC","Sei2","Camiones ligeros","SUV's","NACIONAL",1,32,"Cifras Revisadas"
"Registro Administrativo de la Industria Automotriz de Vehículos Ligeros. Venta de vehículos ","Nacional",2026,"02","JAC","Sei4 Pro","Camiones ligeros","SUV's","NACIONAL",1,5,"Cifras Revisadas"
"Registro Administrativo de la Industria Automotriz de Vehículos Ligeros. Venta de vehículos ","Nacional",2026,"02","JAC","SEI7 PRO","Camiones ligeros","SUV's","NACIONAL",1,1,"Cifras Revisadas"
"Registro Administrativo de la Industria Automotriz de Vehículos Ligeros. Venta de vehículos ","Nacional",2026,"02","JAC","SUNRAY","Camiones ligeros","Minivans","NACIONAL",1,150,"Cifras Revisadas"
"Registro Administrativo de la Industria Automotriz de Vehículos Ligeros. Venta de vehículos ","Nacional",2026,"02","JAC","Sunray City","Camiones ligeros","Minivans","NACIONAL",1,62,"Cifras Revisadas"
"Registro Administrativo de la Industria Automotriz de Vehículos Ligeros. Venta de vehículos ","Nacional",2026,"02","JAC","Traveler","Automóviles","Compactos","NACIONAL",1,16,"Cifras Revisadas"
"Registro Administrativo de la Industria Automotriz de Vehículos Ligeros. Venta de vehículos ","Nacional",2026,"02","JAC","X 200","Camiones ligeros","Pick Ups","NACIONAL",1,26,"Cifras Revisadas"
"Registro Administrativo de la Industria Automotriz de Vehículos Ligeros. Venta de vehículos ","Nacional",2026,"02","JAC","X350","Camiones ligeros","Pick Ups","NACIONAL",1,76,"Cifras Revisadas"
"Registro Administrativo de la Industria Automotriz de Vehículos Ligeros. Venta de vehículos ","Nacional",2026,"02","Jetour Soueast","Dashing","Camiones ligeros","SUV's","IMPORTADO",43,131,"Cifras Revisadas"
"Registro Administrativo de la Industria Automotriz de Vehículos Ligeros. Venta de vehículos ","Nacional",2026,"02","Jetour Soueast","S06 i-DM","Camiones ligeros","SUV's","IMPORTADO",43,19,"Cifras Revisadas"
"Registro Administrativo de la Industria Automotriz de Vehículos Ligeros. Venta de vehículos ","Nacional",2026,"02","Jetour Soueast","S07","Camiones ligeros","SUV's","IMPORTADO",43,12,"Cifras Revisadas"
"Registro Administrativo de la Industria Automotriz de Vehículos Ligeros. Venta de vehículos ","Nacional",2026,"02","Jetour Soueast","S09","Camiones ligeros","SUV's","IMPORTADO",43,4,"Cifras Revisadas"
"Registro Administrativo de la Industria Automotriz de Vehículos Ligeros. Venta de vehículos ","Nacional",2026,"02","Jetour Soueast","T1","Camiones ligeros","SUV's","IMPORTADO",43,48,"Cifras Revisadas"
"Registro Administrativo de la Industria Automotriz de Vehículos Ligeros. Venta de vehículos ","Nacional",2026,"02","Jetour Soueast","T1 i-DM","Camiones ligeros","SUV's","IMPORTADO",43,44,"Cifras Revisadas"
"Registro Administrativo de la Industria Automotriz de Vehículos Ligeros. Venta de vehículos ","Nacional",2026,"02","Jetour Soueast","T2","Camiones ligeros","SUV's","IMPORTADO",43,90,"Cifras Revisadas"
"Registro Administrativo de la Industria Automotriz de Vehículos Ligeros. Venta de vehículos ","Nacional",2026,"02","Jetour Soueast","T2 i-DM","Camiones ligeros","SUV's","IMPORTADO",43,101,"Cifras Revisadas"
"Registro Administrativo de la Industria Automotriz de Vehículos Ligeros. Venta de vehículos ","Nacional",2026,"02","Jetour Soueast","X70","Camiones ligeros","SUV's","IMPORTADO",43,6,"Cifras Revisadas"
"Registro Administrativo de la Industria Automotriz de Vehículos Ligeros. Venta de vehículos ","Nacional",2026,"02","KIA","EV6","Camiones ligeros","SUV's","IMPORTADO",48,3,"Cifras Revisadas"
"Registro Administrativo de la Industria Automotriz de Vehículos Ligeros. Venta de vehículos ","Nacional",2026,"02","KIA","KIA K3 Hatchback","Automóviles","Subcompactos","NACIONAL",1,728,"Cifras Revisadas"
"Registro Administrativo de la Industria Automotriz de Vehículos Ligeros. Venta de vehículos ","Nacional",2026,"02","KIA","KIA K3 Sedán","Automóviles","Subcompactos","NACIONAL",1,4143,"Cifras Revisadas"
"Registro Administrativo de la Industria Automotriz de Vehículos Ligeros. Venta de vehículos ","Nacional",2026,"02","KIA","KIA Niro","Camiones ligeros","SUV's","IMPORTADO",48,54,"Cifras Revisadas"
"Registro Administrativo de la Industria Automotriz de Vehículos Ligeros. Venta de vehículos ","Nacional",2026,"02","KIA","K4 Hatchback","Automóviles","Compactos","NACIONAL",1,163,"Cifras Revisadas"
"Registro Administrativo de la Industria Automotriz de Vehículos Ligeros. Venta de vehículos ","Nacional",2026,"02","KIA","K4 Sedán","Automóviles","Compactos","NACIONAL",1,962,"Cifras Revisadas"
"Registro Administrativo de la Industria Automotriz de Vehículos Ligeros. Venta de vehículos ","Nacional",2026,"02","KIA","Seltos-","Camiones ligeros","SUV's","IMPORTADO",43,1427,"Cifras Revisadas"
"Registro Administrativo de la Industria Automotriz de Vehículos Ligeros. Venta de vehículos ","Nacional",2026,"02","KIA","Sonet","Camiones ligeros","SUV's","IMPORTADO",43,1087,"Cifras Revisadas"
"Registro Administrativo de la Industria Automotriz de Vehículos Ligeros. Venta de vehículos ","Nacional",2026,"02","KIA","Sorento","Camiones ligeros","SUV's","IMPORTADO",66,108,"Cifras Revisadas"
"Registro Administrativo de la Industria Automotriz de Vehículos Ligeros. Venta de vehículos ","Nacional",2026,"02","KIA","SPORTAGE","Camiones ligeros","SUV's","IMPORTADO",48,306,"Cifras Revisadas"
"Registro Administrativo de la Industria Automotriz de Vehículos Ligeros. Venta de vehículos ","Nacional",2026,"02","KIA","Sportage HEV","Camiones ligeros","SUV's","IMPORTADO",48,211,"Cifras Revisadas"
"Registro Administrativo de la Industria Automotriz de Vehículos Ligeros. Venta de vehículos ","Nacional",2026,"02","KIA","Telluride","Camiones ligeros","SUV's","IMPORTADO",66,10,"Cifras Revisadas"
"Registro Administrativo de la Industria Automotriz de Vehículos Ligeros. Venta de vehículos ","Nacional",2026,"02","Land Rover","Defender","Camiones ligeros","SUV's","IMPORTADO",181,74,"Cifras Revisadas"
"Registro Administrativo de la Industria Automotriz de Vehículos Ligeros. Venta de vehículos ","Nacional",2026,"02","Land Rover","Discovery","Automóviles","De Lujo","IMPORTADO",181,0,"Cifras Revisadas"
"Registro Administrativo de la Industria Automotriz de Vehículos Ligeros. Venta de vehículos ","Nacional",2026,"02","Land Rover","Discovery Sport","Automóviles","De Lujo","IMPORTADO",181,6,"Cifras Revisadas"
"Registro Administrativo de la Industria Automotriz de Vehículos Ligeros. Venta de vehículos ","Nacional",2026,"02","Land Rover","Range Rover","Automóviles","De Lujo","IMPORTADO",181,17,"Cifras Revisadas"
"Registro Administrativo de la Industria Automotriz de Vehículos Ligeros. Venta de vehículos ","Nacional",2026,"02","Land Rover","Range Rover Evoque","Automóviles","De Lujo","IMPORTADO",181,32,"Cifras Revisadas"
"Registro Administrativo de la Industria Automotriz de Vehículos Ligeros. Venta de vehículos ","Nacional",2026,"02","Land Rover","Range Rover Sport","Camiones ligeros","SUV's","IMPORTADO",181,24,"Cifras Revisadas"
"Registro Administrativo de la Industria Automotriz de Vehículos Ligeros. Venta de vehículos ","Nacional",2026,"02","Land Rover","Range Rover Velar","Automóviles","De Lujo","IMPORTADO",181,17,"Cifras Revisadas"
"Registro Administrativo de la Industria Automotriz de Vehículos Ligeros. Venta de vehículos ","Nacional",2026,"02","Lexus","ES","Automóviles","De Lujo","IMPORTADO",66,0,"Cifras Revisadas"
"Registro Administrativo de la Industria Automotriz de Vehículos Ligeros. Venta de vehículos ","Nacional",2026,"02","Lexus","GX","Camiones ligeros","SUV's","IMPORTADO",126,23,"Cifras Revisadas"
"Registro Administrativo de la Industria Automotriz de Vehículos Ligeros. Venta de vehículos ","Nacional",2026,"02","Lexus","IS","Automóviles","De Lujo","IMPORTADO",126,0,"Cifras Revisadas"
"Registro Administrativo de la Industria Automotriz de Vehículos Ligeros. Venta de vehículos ","Nacional",2026,"02","Lexus","LC","Automóviles","De Lujo","IMPORTADO",126,2,"Cifras Revisadas"
"Registro Administrativo de la Industria Automotriz de Vehículos Ligeros. Venta de vehículos ","Nacional",2026,"02","Lexus","LS","Automóviles","De Lujo","IMPORTADO",126,0,"Cifras Revisadas"
"Registro Administrativo de la Industria Automotriz de Vehículos Ligeros. Venta de vehículos ","Nacional",2026,"02","Lexus","LX","Camiones ligeros","SUV's","IMPORTADO",126,14,"Cifras Revisadas"
"Registro Administrativo de la Industria Automotriz de Vehículos Ligeros. Venta de vehículos ","Nacional",2026,"02","Lexus","NX","Camiones ligeros","SUV's","IMPORTADO",40,96,"Cifras Revisadas"
"Registro Administrativo de la Industria Automotriz de Vehículos Ligeros. Venta de vehículos ","Nacional",2026,"02","Lexus","RX","Camiones ligeros","SUV's","IMPORTADO",40,61,"Cifras Revisadas"
"Registro Administrativo de la Industria Automotriz de Vehículos Ligeros. Venta de vehículos ","Nacional",2026,"02","Lexus","TX","Camiones ligeros","SUV's","IMPORTADO",66,18,"Cifras Revisadas"
"Registro Administrativo de la Industria Automotriz de Vehículos Ligeros. Venta de vehículos ","Nacional",2026,"02","Lexus","UX","Camiones ligeros","SUV's","IMPORTADO",126,28,"Cifras Revisadas"
"Registro Administrativo de la Industria Automotriz de Vehículos Ligeros. Venta de vehículos ","Nacional",2026,"02","Lincoln","AVIATOR","Camiones ligeros","SUV's","IMPORTADO",66,5,"Cifras Revisadas"
"Registro Administrativo de la Industria Automotriz de Vehículos Ligeros. Venta de vehículos ","Nacional",2026,"02","Lincoln","Corsair","Camiones ligeros","SUV's","IMPORTADO",40,48,"Cifras Revisadas"
"Registro Administrativo de la Industria Automotriz de Vehículos Ligeros. Venta de vehículos ","Nacional",2026,"02","Lincoln","NAUTILUS","Automóviles","De Lujo","IMPORTADO",66,66,"Cifras Revisadas"
"Registro Administrativo de la Industria Automotriz de Vehículos Ligeros. Venta de vehículos ","Nacional",2026,"02","Lincoln","Navigator","Camiones ligeros","Minivans","IMPORTADO",66,52,"Cifras Revisadas"
"Registro Administrativo de la Industria Automotriz de Vehículos Ligeros. Venta de vehículos ","Nacional",2026,"02","Lynk&Co","01","Automóviles","De Lujo","IMPORTADO",43,13,"Cifras Revisadas"
"Registro Administrativo de la Industria Automotriz de Vehículos Ligeros. Venta de vehículos ","Nacional",2026,"02","Lynk&Co","02","Automóviles","De Lujo","IMPORTADO",43,1,"Cifras Revisadas"
"Registro Administrativo de la Industria Automotriz de Vehículos Ligeros. Venta de vehículos ","Nacional",2026,"02","Lynk&Co","08","Automóviles","De Lujo","IMPORTADO",43,93,"Cifras Revisadas"
"Registro Administrativo de la Industria Automotriz de Vehículos Ligeros. Venta de vehículos ","Nacional",2026,"02","Lynk&Co","09","Automóviles","De Lujo","IMPORTADO",43,8,"Cifras Revisadas"
"Registro Administrativo de la Industria Automotriz de Vehículos Ligeros. Venta de vehículos ","Nacional",2026,"02","Mazda","BT-50","Camiones ligeros","Pick Ups","IMPORTADO",214,271,"Cifras Revisadas"
"Registro Administrativo de la Industria Automotriz de Vehículos Ligeros. Venta de vehículos ","Nacional",2026,"02","Mazda","CX-3","Camiones ligeros","SUV's","IMPORTADO",126,0,"Cifras Revisadas"
"Registro Administrativo de la Industria Automotriz de Vehículos Ligeros. Venta de vehículos ","Nacional",2026,"02","Mazda","CX-3","Camiones ligeros","SUV's","NACIONAL",1,354,"Cifras Revisadas"
"Registro Administrativo de la Industria Automotriz de Vehículos Ligeros. Venta de vehículos ","Nacional",2026,"02","Mazda","CX-30","Camiones ligeros","SUV's","NACIONAL",1,1675,"Cifras Revisadas"
"Registro Administrativo de la Industria Automotriz de Vehículos Ligeros. Venta de vehículos ","Nacional",2026,"02","Mazda","CX-5","Camiones ligeros","SUV's","IMPORTADO",126,1358,"Cifras Revisadas"
"Registro Administrativo de la Industria Automotriz de Vehículos Ligeros. Venta de vehículos ","Nacional",2026,"02","Mazda","CX-50","Camiones ligeros","SUV's","IMPORTADO",66,132,"Cifras Revisadas"
"Registro Administrativo de la Industria Automotriz de Vehículos Ligeros. Venta de vehículos ","Nacional",2026,"02","Mazda","Cx-7","Camiones ligeros","SUV's","IMPORTADO",126,0,"Cifras Revisadas"
"Registro Administrativo de la Industria Automotriz de Vehículos Ligeros. Venta de vehículos ","Nacional",2026,"02","Mazda","CX-70","Camiones ligeros","SUV's","IMPORTADO",126,26,"Cifras Revisadas"
"Registro Administrativo de la Industria Automotriz de Vehículos Ligeros. Venta de vehículos ","Nacional",2026,"02","Mazda","CX-9","Camiones ligeros","SUV's","IMPORTADO",126,0,"Cifras Revisadas"
"Registro Administrativo de la Industria Automotriz de Vehículos Ligeros. Venta de vehículos ","Nacional",2026,"02","Mazda","CX-90","Camiones ligeros","SUV's","IMPORTADO",126,142,"Cifras Revisadas"
"Registro Administrativo de la Industria Automotriz de Vehículos Ligeros. Venta de vehículos ","Nacional",2026,"02","Mazda","Mazda 2","Automóviles","Subcompactos","IMPORTADO",126,0,"Cifras Revisadas"
"Registro Administrativo de la Industria Automotriz de Vehículos Ligeros. Venta de vehículos ","Nacional",2026,"02","Mazda","Mazda 2 Hatchback","Automóviles","Subcompactos","NACIONAL",1,532,"Cifras Revisadas"
"Registro Administrativo de la Industria Automotriz de Vehículos Ligeros. Venta de vehículos ","Nacional",2026,"02","Mazda","Mazda 2 Sedán","Automóviles","Subcompactos","NACIONAL",1,1667,"Cifras Revisadas"
"Registro Administrativo de la Industria Automotriz de Vehículos Ligeros. Venta de vehículos ","Nacional",2026,"02","Mazda","Mazda 3 Hatchback","Automóviles","Compactos","IMPORTADO",126,506,"Cifras Revisadas"
"Registro Administrativo de la Industria Automotriz de Vehículos Ligeros. Venta de vehículos ","Nacional",2026,"02","Mazda","Mazda 3 Hatchback","Automóviles","Compactos","NACIONAL",1,0,"Cifras Revisadas"
"Registro Administrativo de la Industria Automotriz de Vehículos Ligeros. Venta de vehículos ","Nacional",2026,"02","Mazda","Mazda 3 Sedán","Automóviles","Compactos","IMPORTADO",126,0,"Cifras Revisadas"
"Registro Administrativo de la Industria Automotriz de Vehículos Ligeros. Venta de vehículos ","Nacional",2026,"02","Mazda","Mazda 3 Sedán-","Automóviles","Compactos","NACIONAL",1,1608,"Cifras Revisadas"
"Registro Administrativo de la Industria Automotriz de Vehículos Ligeros. Venta de vehículos ","Nacional",2026,"02","Mazda","Mazda 5","Automóviles","Compactos","IMPORTADO",126,0,"Cifras Revisadas"
"Registro Administrativo de la Industria Automotriz de Vehículos Ligeros. Venta de vehículos ","Nacional",2026,"02","Mazda","Mazda 6","Automóviles","De Lujo","IMPORTADO",126,0,"Cifras Revisadas"
"Registro Administrativo de la Industria Automotriz de Vehículos Ligeros. Venta de vehículos ","Nacional",2026,"02","Mazda","Mx-5","Automóviles","Deportivos","IMPORTADO",126,50,"Cifras Revisadas"
"Registro Administrativo de la Industria Automotriz de Vehículos Ligeros. Venta de vehículos ","Nacional",2026,"02","Mercedes Benz","AMG GT","Automóviles","De Lujo","IMPORTADO",4,3,"Cifras Revisadas"
"Registro Administrativo de la Industria Automotriz de Vehículos Ligeros. Venta de vehículos ","Nacional",2026,"02","Mercedes Benz","CLA","Automóviles","De Lujo","IMPORTADO",94,36,"Cifras Revisadas"
"Registro Administrativo de la Industria Automotriz de Vehículos Ligeros. Venta de vehículos ","Nacional",2026,"02","Mercedes Benz","Clase A hatchback","Automóviles","De Lujo","IMPORTADO",4,13,"Cifras Revisadas"
"Registro Administrativo de la Industria Automotriz de Vehículos Ligeros. Venta de vehículos ","Nacional",2026,"02","Mercedes Benz","Clase A Sedan","Automóviles","De Lujo","IMPORTADO",4,10,"Cifras Revisadas"
"Registro Administrativo de la Industria Automotriz de Vehículos Ligeros. Venta de vehículos ","Nacional",2026,"02","Mercedes Benz","Clase C coupe","Automóviles","De Lujo","IMPORTADO",4,0,"Cifras Revisadas"
"Registro Administrativo de la Industria Automotriz de Vehículos Ligeros. Venta de vehículos ","Nacional",2026,"02","Mercedes Benz","Clase C Sedan","Automóviles","De Lujo","IMPORTADO",4,30,"Cifras Revisadas"
"Registro Administrativo de la Industria Automotriz de Vehículos Ligeros. Venta de vehículos ","Nacional",2026,"02","Mercedes Benz","Clase E coupe","Automóviles","De Lujo","IMPORTADO",4,0,"Cifras Revisadas"
"Registro Administrativo de la Industria Automotriz de Vehículos Ligeros. Venta de vehículos ","Nacional",2026,"02","Mercedes Benz","Clase E sedan","Automóviles","De Lujo","IMPORTADO",4,21,"Cifras Revisadas"
"Registro Administrativo de la Industria Automotriz de Vehículos Ligeros. Venta de vehículos ","Nacional",2026,"02","Mercedes Benz","Clase G","Camiones ligeros","SUV's","IMPORTADO",17,25,"Cifras Revisadas"
"Registro Administrativo de la Industria Automotriz de Vehículos Ligeros. Venta de vehículos ","Nacional",2026,"02","Mercedes Benz","Clase GLE","Camiones ligeros","SUV's","IMPORTADO",66,154,"Cifras Revisadas"
"Registro Administrativo de la Industria Automotriz de Vehículos Ligeros. Venta de vehículos ","Nacional",2026,"02","Mercedes Benz","Clase GLS","Camiones ligeros","SUV's","IMPORTADO",66,19,"Cifras Revisadas"
"Registro Administrativo de la Industria Automotriz de Vehículos Ligeros. Venta de vehículos ","Nacional",2026,"02","Mercedes Benz","Clase S coupe","Automóviles","De Lujo","IMPORTADO",4,0,"Cifras Revisadas"
"Registro Administrativo de la Industria Automotriz de Vehículos Ligeros. Venta de vehículos ","Nacional",2026,"02","Mercedes Benz","Clase S sedan","Automóviles","De Lujo","IMPORTADO",4,6,"Cifras Revisadas"
"Registro Administrativo de la Industria Automotriz de Vehículos Ligeros. Venta de vehículos ","Nacional",2026,"02","Mercedes Benz","Clase SL","Automóviles","De Lujo","IMPORTADO",4,6,"Cifras Revisadas"
"Registro Administrativo de la Industria Automotriz de Vehículos Ligeros. Venta de vehículos ","Nacional",2026,"02","Mercedes Benz","Clase V","Camiones ligeros","SUV's","IMPORTADO",64,0,"Cifras Revisadas"
"Registro Administrativo de la Industria Automotriz de Vehículos Ligeros. Venta de vehículos ","Nacional",2026,"02","Mercedes Benz","CLE","Automóviles","De Lujo","IMPORTADO",4,10,"Cifras Revisadas"
"Registro Administrativo de la Industria Automotriz de Vehículos Ligeros. Venta de vehículos ","Nacional",2026,"02","Mercedes Benz","CLS","Automóviles","De Lujo","IMPORTADO",4,0,"Cifras Revisadas"
"Registro Administrativo de la Industria Automotriz de Vehículos Ligeros. Venta de vehículos ","Nacional",2026,"02","Mercedes Benz","EQA","Camiones ligeros","SUV's","IMPORTADO",4,2,"Cifras Revisadas"
"Registro Administrativo de la Industria Automotriz de Vehículos Ligeros. Venta de vehículos ","Nacional",2026,"02","Mercedes Benz","EQB","Camiones ligeros","SUV's","IMPORTADO",94,2,"Cifras Revisadas"
"Registro Administrativo de la Industria Automotriz de Vehículos Ligeros. Venta de vehículos ","Nacional",2026,"02","Mercedes Benz","EQC","Camiones ligeros","SUV's","IMPORTADO",4,0,"Cifras Revisadas"
"Registro Administrativo de la Industria Automotriz de Vehículos Ligeros. Venta de vehículos ","Nacional",2026,"02","Mercedes Benz","EQE","Automóviles","De Lujo","IMPORTADO",4,0,"Cifras Revisadas"
"Registro Administrativo de la Industria Automotriz de Vehículos Ligeros. Venta de vehículos ","Nacional",2026,"02","Mercedes Benz","EQE SUV","Camiones ligeros","SUV's","IMPORTADO",66,2,"Cifras Revisadas"
"Registro Administrativo de la Industria Automotriz de Vehículos Ligeros. Venta de vehículos ","Nacional",2026,"02","Mercedes Benz","EQS","Automóviles","De Lujo","IMPORTADO",4,0,"Cifras Revisadas"
"Registro Administrativo de la Industria Automotriz de Vehículos Ligeros. Venta de vehículos ","Nacional",2026,"02","Mercedes Benz","EQS SUV","Camiones ligeros","SUV's","IMPORTADO",66,2,"Cifras Revisadas"
"Registro Administrativo de la Industria Automotriz de Vehículos Ligeros. Venta de vehículos ","Nacional",2026,"02","Mercedes Benz","GLA","Camiones ligeros","SUV's","IMPORTADO",4,26,"Cifras Revisadas"
"Registro Administrativo de la Industria Automotriz de Vehículos Ligeros. Venta de vehículos ","Nacional",2026,"02","Mercedes Benz","GLB","Camiones ligeros","SUV's","NACIONAL",1,39,"Cifras Revisadas"
"Registro Administrativo de la Industria Automotriz de Vehículos Ligeros. Venta de vehículos ","Nacional",2026,"02","Mercedes Benz","GLC","Camiones ligeros","SUV's","IMPORTADO",4,150,"Cifras Revisadas"
"Registro Administrativo de la Industria Automotriz de Vehículos Ligeros. Venta de vehículos ","Nacional",2026,"02","Mercedes Benz","SLC","Automóviles","De Lujo","IMPORTADO",4,0,"Cifras Revisadas"
"Registro Administrativo de la Industria Automotriz de Vehículos Ligeros. Venta de vehículos ","Nacional",2026,"02","Mercedes Benz","Sprinter","Camiones ligeros","SUV's","IMPORTADO",4,88,"Cifras Revisadas"
"Registro Administrativo de la Industria Automotriz de Vehículos Ligeros. Venta de vehículos ","Nacional",2026,"02","Mercedes Benz","Vito","Camiones ligeros","SUV's","IMPORTADO",64,2,"Cifras Revisadas"
"Registro Administrativo de la Industria Automotriz de Vehículos Ligeros. Venta de vehículos ","Nacional",2026,"02","MG Motor","CYBERSTER","Automóviles","Deportivos","IMPORTADO",43,4,"Cifras Revisadas"
"Registro Administrativo de la Industria Automotriz de Vehículos Ligeros. Venta de vehículos ","Nacional",2026,"02","MG Motor","eHS","Camiones ligeros","SUV's","IMPORTADO",43,1,"Cifras Revisadas"
"Registro Administrativo de la Industria Automotriz de Vehículos Ligeros. Venta de vehículos ","Nacional",2026,"02","MG Motor","GT","Automóviles","Compactos","IMPORTADO",43,0,"Cifras Revisadas"
"Registro Administrativo de la Industria Automotriz de Vehículos Ligeros. Venta de vehículos ","Nacional",2026,"02","MG Motor","HS","Camiones ligeros","SUV's","IMPORTADO",43,54,"Cifras Revisadas"
"Registro Administrativo de la Industria Automotriz de Vehículos Ligeros. Venta de vehículos ","Nacional",2026,"02","MG Motor","HS PHEV","Camiones ligeros","SUV's","IMPORTADO",43,7,"Cifras Revisadas"
"Registro Administrativo de la Industria Automotriz de Vehículos Ligeros. Venta de vehículos ","Nacional",2026,"02","MG Motor","HSHEV","Camiones ligeros","SUV's","IMPORTADO",43,46,"Cifras Revisadas"
"Registro Administrativo de la Industria Automotriz de Vehículos Ligeros. Venta de vehículos ","Nacional",2026,"02","MG Motor","IMLS7","Camiones ligeros","SUV's","IMPORTADO",43,10,"Cifras Revisadas"
"Registro Administrativo de la Industria Automotriz de Vehículos Ligeros. Venta de vehículos ","Nacional",2026,"02","MG Motor","MG One","Camiones ligeros","SUV's","IMPORTADO",43,0,"Cifras Revisadas"
"Registro Administrativo de la Industria Automotriz de Vehículos Ligeros. Venta de vehículos ","Nacional",2026,"02","MG Motor","MG3","Automóviles","Subcompactos","IMPORTADO",43,902,"Cifras Revisadas"
"Registro Administrativo de la Industria Automotriz de Vehículos Ligeros. Venta de vehículos ","Nacional",2026,"02","MG Motor","MG3HEV","Automóviles","Subcompactos","IMPORTADO",43,82,"Cifras Revisadas"
"Registro Administrativo de la Industria Automotriz de Vehículos Ligeros. Venta de vehículos ","Nacional",2026,"02","MG Motor","MG4","Automóviles","Subcompactos","IMPORTADO",43,19,"Cifras Revisadas"
"Registro Administrativo de la Industria Automotriz de Vehículos Ligeros. Venta de vehículos ","Nacional",2026,"02","MG Motor","MG5","Automóviles","Compactos","IMPORTADO",43,1094,"Cifras Revisadas"
"Registro Administrativo de la Industria Automotriz de Vehículos Ligeros. Venta de vehículos ","Nacional",2026,"02","MG Motor","MG7","Automóviles","De Lujo","IMPORTADO",43,21,"Cifras Revisadas"
"Registro Administrativo de la Industria Automotriz de Vehículos Ligeros. Venta de vehículos ","Nacional",2026,"02","MG Motor","RX5","Camiones ligeros","SUV's","IMPORTADO",43,205,"Cifras Revisadas"
"Registro Administrativo de la Industria Automotriz de Vehículos Ligeros. Venta de vehículos ","Nacional",2026,"02","MG Motor","RX8","Camiones ligeros","SUV's","IMPORTADO",43,2,"Cifras Revisadas"
"Registro Administrativo de la Industria Automotriz de Vehículos Ligeros. Venta de vehículos ","Nacional",2026,"02","MG Motor","RX9","Camiones ligeros","SUV's","IMPORTADO",43,36,"Cifras Revisadas"
"Registro Administrativo de la Industria Automotriz de Vehículos Ligeros. Venta de vehículos ","Nacional",2026,"02","MG Motor","ZS","Camiones ligeros","SUV's","IMPORTADO",43,608,"Cifras Revisadas"
"Registro Administrativo de la Industria Automotriz de Vehículos Ligeros. Venta de vehículos ","Nacional",2026,"02","MG Motor","ZSEV","Camiones ligeros","SUV's","IMPORTADO",43,1,"Cifras Revisadas"
"Registro Administrativo de la Industria Automotriz de Vehículos Ligeros. Venta de vehículos ","Nacional",2026,"02","MG Motor","ZSHEV","Camiones ligeros","SUV's","IMPORTADO",43,62,"Cifras Revisadas"
"Registro Administrativo de la Industria Automotriz de Vehículos Ligeros. Venta de vehículos ","Nacional",2026,"02","Mini","MINI Aceman","Automóviles","De Lujo","IMPORTADO",43,37,"Cifras Revisadas"
"Registro Administrativo de la Industria Automotriz de Vehículos Ligeros. Venta de vehículos ","Nacional",2026,"02","Mini","MINI CONVERTIBLE","Automóviles","De Lujo","IMPORTADO",181,13,"Cifras Revisadas"
"Registro Administrativo de la Industria Automotriz de Vehículos Ligeros. Venta de vehículos ","Nacional",2026,"02","Mini","MINI COUNTRYMAN","Camiones ligeros","SUV's","IMPORTADO",181,78,"Cifras Revisadas"
"Registro Administrativo de la Industria Automotriz de Vehículos Ligeros. Venta de vehículos ","Nacional",2026,"02","Mini","MINI Countryman E","Automóviles","De Lujo","IMPORTADO",4,18,"Cifras Revisadas"
"Registro Administrativo de la Industria Automotriz de Vehículos Ligeros. Venta de vehículos ","Nacional",2026,"02","Mini","MINI E","Automóviles","De Lujo","IMPORTADO",43,42,"Cifras Revisadas"
"Registro Administrativo de la Industria Automotriz de Vehículos Ligeros. Venta de vehículos ","Nacional",2026,"02","Mini","MINI 3 PTAS","Automóviles","De Lujo","IMPORTADO",181,41,"Cifras Revisadas"
"Registro Administrativo de la Industria Automotriz de Vehículos Ligeros. Venta de vehículos ","Nacional",2026,"02","Mini","MINI 5 PTAS","Automóviles","De Lujo","IMPORTADO",181,23,"Cifras Revisadas"
"Registro Administrativo de la Industria Automotriz de Vehículos Ligeros. Venta de vehículos ","Nacional",2026,"02","Mitsubishi","L200","Camiones ligeros","Pick Ups","IMPORTADO",214,964,"Cifras Revisadas"
"Registro Administrativo de la Industria Automotriz de Vehículos Ligeros. Venta de vehículos ","Nacional",2026,"02","Mitsubishi","Mirage G4","Automóviles","Subcompactos","IMPORTADO",214,246,"Cifras Revisadas"
"Registro Administrativo de la Industria Automotriz de Vehículos Ligeros. Venta de vehículos ","Nacional",2026,"02","Mitsubishi","Montero Sport","Camiones ligeros","SUV's","IMPORTADO",214,14,"Cifras Revisadas"
"Registro Administrativo de la Industria Automotriz de Vehículos Ligeros. Venta de vehículos ","Nacional",2026,"02","Mitsubishi","Outlander","Camiones ligeros","SUV's","IMPORTADO",126,255,"Cifras Revisadas"
"Registro Administrativo de la Industria Automotriz de Vehículos Ligeros. Venta de vehículos ","Nacional",2026,"02","Mitsubishi","Outlander PHEV","Camiones ligeros","SUV's","IMPORTADO",126,28,"Cifras Revisadas"
"Registro Administrativo de la Industria Automotriz de Vehículos Ligeros. Venta de vehículos ","Nacional",2026,"02","Mitsubishi","Outlander Sport","Camiones ligeros","SUV's","IMPORTADO",96,480,"Cifras Revisadas"
"Registro Administrativo de la Industria Automotriz de Vehículos Ligeros. Venta de vehículos ","Nacional",2026,"02","Mitsubishi","Xpander","Camiones ligeros","SUV's","IMPORTADO",96,557,"Cifras Revisadas"
"Registro Administrativo de la Industria Automotriz de Vehículos Ligeros. Venta de vehículos ","Nacional",2026,"02","MOTORNATION","BAIC BJ20","Camiones ligeros","SUV's","NACIONAL",1,0,"Cifras Revisadas"
"Registro Administrativo de la Industria Automotriz de Vehículos Ligeros. Venta de vehículos ","Nacional",2026,"02","MOTORNATION","BAIC BJ40","Camiones ligeros","SUV's","IMPORTADO",43,1,"Cifras Revisadas"
"Registro Administrativo de la Industria Automotriz de Vehículos Ligeros. Venta de vehículos ","Nacional",2026,"02","MOTORNATION","BAIC D20","Automóviles","Subcompactos","NACIONAL",1,0,"Cifras Revisadas"
"Registro Administrativo de la Industria Automotriz de Vehículos Ligeros. Venta de vehículos ","Nacional",2026,"02","MOTORNATION","BAIC EU5","Automóviles","Compactos","IMPORTADO",43,0,"Cifras Revisadas"
"Registro Administrativo de la Industria Automotriz de Vehículos Ligeros. Venta de vehículos ","Nacional",2026,"02","MOTORNATION","BAIC M50S","Camiones ligeros","Minivans","IMPORTADO",43,0,"Cifras Revisadas"
"Registro Administrativo de la Industria Automotriz de Vehículos Ligeros. Venta de vehículos ","Nacional",2026,"02","MOTORNATION","BAIC U5","Automóviles","Compactos","IMPORTADO",43,30,"Cifras Revisadas"
"Registro Administrativo de la Industria Automotriz de Vehículos Ligeros. Venta de vehículos ","Nacional",2026,"02","MOTORNATION","BAIC X25","Automóviles","Subcompactos","NACIONAL",1,0,"Cifras Revisadas"
"Registro Administrativo de la Industria Automotriz de Vehículos Ligeros. Venta de vehículos ","Nacional",2026,"02","MOTORNATION","BAIC X30","Camiones ligeros","SUV's","IMPORTADO",43,0,"Cifras Revisadas"
"Registro Administrativo de la Industria Automotriz de Vehículos Ligeros. Venta de vehículos ","Nacional",2026,"02","MOTORNATION","BAIC X35","Camiones ligeros","SUV's","IMPORTADO",999,19,"Cifras Revisadas"
"Registro Administrativo de la Industria Automotriz de Vehículos Ligeros. Venta de vehículos ","Nacional",2026,"02","MOTORNATION","BAIC X55","Camiones ligeros","SUV's","IMPORTADO",43,7,"Cifras Revisadas"
"Registro Administrativo de la Industria Automotriz de Vehículos Ligeros. Venta de vehículos ","Nacional",2026,"02","MOTORNATION","BAIC X65","Camiones ligeros","SUV's","IMPORTADO",43,0,"Cifras Revisadas"
"Registro Administrativo de la Industria Automotriz de Vehículos Ligeros. Venta de vehículos ","Nacional",2026,"02","MOTORNATION","CHANGAN ALSVIN","Automóviles","Subcompactos","IMPORTADO",43,0,"Cifras Revisadas"
"Registro Administrativo de la Industria Automotriz de Vehículos Ligeros. Venta de vehículos ","Nacional",2026,"02","MOTORNATION","CHANGAN CS35PLUS","Camiones ligeros","SUV's","IMPORTADO",43,3,"Cifras Revisadas"
"Registro Administrativo de la Industria Automotriz de Vehículos Ligeros. Venta de vehículos ","Nacional",2026,"02","MOTORNATION","CHANGAN CS55PLUS","Camiones ligeros","SUV's","IMPORTADO",43,2,"Cifras Revisadas"
"Registro Administrativo de la Industria Automotriz de Vehículos Ligeros. Venta de vehículos ","Nacional",2026,"02","MOTORNATION","CHANGAN CS75PLUS","Camiones ligeros","SUV's","IMPORTADO",43,0,"Cifras Revisadas"
"Registro Administrativo de la Industria Automotriz de Vehículos Ligeros. Venta de vehículos ","Nacional",2026,"02","MOTORNATION","CHANGAN HUNTER","Camiones ligeros","Pick Ups","IMPORTADO",43,0,"Cifras Revisadas"
"Registro Administrativo de la Industria Automotriz de Vehículos Ligeros. Venta de vehículos ","Nacional",2026,"02","MOTORNATION","CHANGAN UNI-K ","Camiones ligeros","SUV's","IMPORTADO",43,3,"Cifras Revisadas"
"Registro Administrativo de la Industria Automotriz de Vehículos Ligeros. Venta de vehículos ","Nacional",2026,"02","MOTORNATION","CHANGAN UNI-T","Camiones ligeros","SUV's","IMPORTADO",43,0,"Cifras Revisadas"
"Registro Administrativo de la Industria Automotriz de Vehículos Ligeros. Venta de vehículos ","Nacional",2026,"02","MOTORNATION","DFSK EC35","Camiones ligeros","Minivans","IMPORTADO",43,0,"Cifras Revisadas"
"Registro Administrativo de la Industria Automotriz de Vehículos Ligeros. Venta de vehículos ","Nacional",2026,"02","MOTORNATION","DFSK E5","Camiones ligeros","SUV's","IMPORTADO",43,12,"Cifras Revisadas"
"Registro Administrativo de la Industria Automotriz de Vehículos Ligeros. Venta de vehículos ","Nacional",2026,"02","MOTORNATION","DFSK 500","Camiones ligeros","SUV's","IMPORTADO",43,1,"Cifras Revisadas"
"Registro Administrativo de la Industria Automotriz de Vehículos Ligeros. Venta de vehículos ","Nacional",2026,"02","MOTORNATION","DFSK 600","Camiones ligeros","SUV's","IMPORTADO",43,14,"Cifras Revisadas"
"Registro Administrativo de la Industria Automotriz de Vehículos Ligeros. Venta de vehículos ","Nacional",2026,"02","MOTORNATION","JMC EV-BLACK","Automóviles","Subcompactos","IMPORTADO",43,2,"Cifras Revisadas"
"Registro Administrativo de la Industria Automotriz de Vehículos Ligeros. Venta de vehículos ","Nacional",2026,"02","MOTORNATION","JMC GRAND AVENUE","Camiones ligeros","Pick Ups","IMPORTADO",43,7,"Cifras Revisadas"
"Registro Administrativo de la Industria Automotriz de Vehículos Ligeros. Venta de vehículos ","Nacional",2026,"02","MOTORNATION","JMC VIGUS","Camiones ligeros","Pick Ups","IMPORTADO",43,23,"Cifras Revisadas"
"Registro Administrativo de la Industria Automotriz de Vehículos Ligeros. Venta de vehículos ","Nacional",2026,"02","MOTORNATION","SERES 5 EV","Camiones ligeros","SUV's","IMPORTADO",43,1,"Cifras Revisadas"
"Registro Administrativo de la Industria Automotriz de Vehículos Ligeros. Venta de vehículos ","Nacional",2026,"02","MOTORNATION","SERES 5 MAX ","Camiones ligeros","Pick Ups","IMPORTADO",43,6,"Cifras Revisadas"
"Registro Administrativo de la Industria Automotriz de Vehículos Ligeros. Venta de vehículos ","Nacional",2026,"02","MOTORNATION","STAR TRUCK","Camiones ligeros","Pick Ups","IMPORTADO",43,0,"Cifras Revisadas"
"Registro Administrativo de la Industria Automotriz de Vehículos Ligeros. Venta de vehículos ","Nacional",2026,"02","MOTORNATION","T77","Camiones ligeros","SUV's","IMPORTADO",43,0,"Cifras Revisadas"
"Registro Administrativo de la Industria Automotriz de Vehículos Ligeros. Venta de vehículos ","Nacional",2026,"02","Nissan","Altima","Automóviles","De Lujo","IMPORTADO",66,0,"Cifras Revisadas"
"Registro Administrativo de la Industria Automotriz de Vehículos Ligeros. Venta de vehículos ","Nacional",2026,"02","Nissan","Armada","Camiones ligeros","SUV's","IMPORTADO",66,0,"Cifras Revisadas"
"Registro Administrativo de la Industria Automotriz de Vehículos Ligeros. Venta de vehículos ","Nacional",2026,"02","Nissan","Cabstar Mediano","Camiones ligeros","Pick Ups","IMPORTADO",64,0,"Cifras Revisadas"
"Registro Administrativo de la Industria Automotriz de Vehículos Ligeros. Venta de vehículos ","Nacional",2026,"02","Nissan","Frontier V6","Camiones ligeros","Pick Ups","IMPORTADO",66,54,"Cifras Revisadas"
"Registro Administrativo de la Industria Automotriz de Vehículos Ligeros. Venta de vehículos ","Nacional",2026,"02","Nissan","GT-R","Automóviles","Deportivos","IMPORTADO",126,0,"Cifras Revisadas"
"Registro Administrativo de la Industria Automotriz de Vehículos Ligeros. Venta de vehículos ","Nacional",2026,"02","Nissan","Juke","Automóviles","Compactos","IMPORTADO",126,0,"Cifras Revisadas"
"Registro Administrativo de la Industria Automotriz de Vehículos Ligeros. Venta de vehículos ","Nacional",2026,"02","Nissan","Kicks","Camiones ligeros","SUV's","NACIONAL",1,2465,"Cifras Revisadas"
"Registro Administrativo de la Industria Automotriz de Vehículos Ligeros. Venta de vehículos ","Nacional",2026,"02","Nissan","Leaf","Automóviles","Compactos","IMPORTADO",126,0,"Cifras Revisadas"
"Registro Administrativo de la Industria Automotriz de Vehículos Ligeros. Venta de vehículos ","Nacional",2026,"02","Nissan","Magnite","Camiones ligeros","SUV's","IMPORTADO",95,2133,"Cifras Revisadas"
"Registro Administrativo de la Industria Automotriz de Vehículos Ligeros. Venta de vehículos ","Nacional",2026,"02","Nissan","March","Automóviles","Subcompactos","NACIONAL",1,1587,"Cifras Revisadas"
"Registro Administrativo de la Industria Automotriz de Vehículos Ligeros. Venta de vehículos ","Nacional",2026,"02","Nissan","Maxima","Automóviles","De Lujo","IMPORTADO",126,0,"Cifras Revisadas"
"Registro Administrativo de la Industria Automotriz de Vehículos Ligeros. Venta de vehículos ","Nacional",2026,"02","Nissan","Murano","Camiones ligeros","SUV's","IMPORTADO",126,0,"Cifras Revisadas"
"Registro Administrativo de la Industria Automotriz de Vehículos Ligeros. Venta de vehículos ","Nacional",2026,"02","Nissan","Note","Automóviles","Compactos","NACIONAL",1,0,"Cifras Revisadas"
"Registro Administrativo de la Industria Automotriz de Vehículos Ligeros. Venta de vehículos ","Nacional",2026,"02","Nissan","NP300","Camiones ligeros","Pick Ups","NACIONAL",1,4007,"Cifras Revisadas"
"Registro Administrativo de la Industria Automotriz de Vehículos Ligeros. Venta de vehículos ","Nacional",2026,"02","Nissan","NV 200 Cargo","Camiones ligeros","SUV's","NACIONAL",1,0,"Cifras Revisadas"
"Registro Administrativo de la Industria Automotriz de Vehículos Ligeros. Venta de vehículos ","Nacional",2026,"02","Nissan","NV 200 NY TAXI","Camiones ligeros","SUV's","NACIONAL",1,0,"Cifras Revisadas"
"Registro Administrativo de la Industria Automotriz de Vehículos Ligeros. Venta de vehículos ","Nacional",2026,"02","Nissan","NV2500 V6 Toldo Alto","Camiones ligeros","Minivans","IMPORTADO",66,0,"Cifras Revisadas"
"Registro Administrativo de la Industria Automotriz de Vehículos Ligeros. Venta de vehículos ","Nacional",2026,"02","Nissan","Pathfinder","Camiones ligeros","SUV's","IMPORTADO",126,57,"Cifras Revisadas"
"Registro Administrativo de la Industria Automotriz de Vehículos Ligeros. Venta de vehículos ","Nacional",2026,"02","Nissan","Sentra","Automóviles","Compactos","NACIONAL",1,1896,"Cifras Revisadas"
"Registro Administrativo de la Industria Automotriz de Vehículos Ligeros. Venta de vehículos ","Nacional",2026,"02","Nissan","Tiida Sedan","Automóviles","Compactos","NACIONAL",1,0,"Cifras Revisadas"
"Registro Administrativo de la Industria Automotriz de Vehículos Ligeros. Venta de vehículos ","Nacional",2026,"02","Nissan","Titan","Camiones ligeros","Pick Ups","IMPORTADO",66,0,"Cifras Revisadas"
"Registro Administrativo de la Industria Automotriz de Vehículos Ligeros. Venta de vehículos ","Nacional",2026,"02","Nissan","Urvan Panel","Camiones ligeros","SUV's","IMPORTADO",126,451,"Cifras Revisadas"
"Registro Administrativo de la Industria Automotriz de Vehículos Ligeros. Venta de vehículos ","Nacional",2026,"02","Nissan","Urvan Pasajeros","Camiones ligeros","SUV's","IMPORTADO",126,423,"Cifras Revisadas"
"Registro Administrativo de la Industria Automotriz de Vehículos Ligeros. Venta de vehículos ","Nacional",2026,"02","Nissan","Versa","Automóviles","Compactos","NACIONAL",1,5904,"Cifras Revisadas"
"Registro Administrativo de la Industria Automotriz de Vehículos Ligeros. Venta de vehículos ","Nacional",2026,"02","Nissan","Xtrail","Camiones ligeros","SUV's","IMPORTADO",126,1280,"Cifras Revisadas"
"Registro Administrativo de la Industria Automotriz de Vehículos Ligeros. Venta de vehículos ","Nacional",2026,"02","Nissan","Z","Automóviles","Deportivos","IMPORTADO",126,7,"Cifras Revisadas"
"Registro Administrativo de la Industria Automotriz de Vehículos Ligeros. Venta de vehículos ","Nacional",2026,"02","Nissan","370 Z","Automóviles","Deportivos","IMPORTADO",126,0,"Cifras Revisadas"
"Registro Administrativo de la Industria Automotriz de Vehículos Ligeros. Venta de vehículos ","Nacional",2026,"02","Peugeot","E-Partner","Camiones ligeros","Minivans","IMPORTADO",64,5,"Cifras Revisadas"
"Registro Administrativo de la Industria Automotriz de Vehículos Ligeros. Venta de vehículos ","Nacional",2026,"02","Peugeot","Expert Cargo Van","Camiones ligeros","Pick Ups","IMPORTADO",74,152,"Cifras Revisadas"
"Registro Administrativo de la Industria Automotriz de Vehículos Ligeros. Venta de vehículos ","Nacional",2026,"02","Peugeot","Manager Hdi","Camiones ligeros","Pick Ups","IMPORTADO",124,161,"Cifras Revisadas"
"Registro Administrativo de la Industria Automotriz de Vehículos Ligeros. Venta de vehículos ","Nacional",2026,"02","Peugeot","Partner","Camiones ligeros","Pick Ups","IMPORTADO",64,390,"Cifras Revisadas"
"Registro Administrativo de la Industria Automotriz de Vehículos Ligeros. Venta de vehículos ","Nacional",2026,"02","Peugeot","Partner Rapid","Camiones ligeros","Minivans","IMPORTADO",31,619,"Cifras Revisadas"
"Registro Administrativo de la Industria Automotriz de Vehículos Ligeros. Venta de vehículos ","Nacional",2026,"02","Peugeot","RIFTER","Camiones ligeros","Pick Ups","IMPORTADO",64,69,"Cifras Revisadas"
"Registro Administrativo de la Industria Automotriz de Vehículos Ligeros. Venta de vehículos ","Nacional",2026,"02","Peugeot","2008","Camiones ligeros","SUV's","IMPORTADO",74,173,"Cifras Revisadas"
"Registro Administrativo de la Industria Automotriz de Vehículos Ligeros. Venta de vehículos ","Nacional",2026,"02","Peugeot","3008","Camiones ligeros","SUV's","IMPORTADO",74,126,"Cifras Revisadas"
"Registro Administrativo de la Industria Automotriz de Vehículos Ligeros. Venta de vehículos ","Nacional",2026,"02","Peugeot","5008","Camiones ligeros","SUV's","IMPORTADO",74,26,"Cifras Revisadas"
"Registro Administrativo de la Industria Automotriz de Vehículos Ligeros. Venta de vehículos ","Nacional",2026,"02","Porsche","Cayenne","Camiones ligeros","SUV's","IMPORTADO",4,74,"Cifras Revisadas"
"Registro Administrativo de la Industria Automotriz de Vehículos Ligeros. Venta de vehículos ","Nacional",2026,"02","Porsche","Cayman","Automóviles","De Lujo","IMPORTADO",4,0,"Cifras Revisadas"
"Registro Administrativo de la Industria Automotriz de Vehículos Ligeros. Venta de vehículos ","Nacional",2026,"02","Porsche","Macan","Camiones ligeros","SUV's","IMPORTADO",4,47,"Cifras Revisadas"
"Registro Administrativo de la Industria Automotriz de Vehículos Ligeros. Venta de vehículos ","Nacional",2026,"02","Porsche","Panamera","Automóviles","De Lujo","IMPORTADO",4,12,"Cifras Revisadas"
"Registro Administrativo de la Industria Automotriz de Vehículos Ligeros. Venta de vehículos ","Nacional",2026,"02","Porsche","Taycan","Automóviles","Deportivos","IMPORTADO",4,5,"Cifras Revisadas"
"Registro Administrativo de la Industria Automotriz de Vehículos Ligeros. Venta de vehículos ","Nacional",2026,"02","Porsche","718 Boxster","Automóviles","Deportivos","IMPORTADO",4,0,"Cifras Revisadas"
"Registro Administrativo de la Industria Automotriz de Vehículos Ligeros. Venta de vehículos ","Nacional",2026,"02","Porsche","911 Carrera / Turbo / GT","Automóviles","Deportivos","IMPORTADO",4,130,"Cifras Revisadas"
"Registro Administrativo de la Industria Automotriz de Vehículos Ligeros. Venta de vehículos ","Nacional",2026,"02","Renault","Arkana","Camiones ligeros","SUV's","IMPORTADO",48,235,"Cifras Revisadas"
"Registro Administrativo de la Industria Automotriz de Vehículos Ligeros. Venta de vehículos ","Nacional",2026,"02","Renault","Duster","Camiones ligeros","SUV's","IMPORTADO",46,69,"Cifras Revisadas"
"Registro Administrativo de la Industria Automotriz de Vehículos Ligeros. Venta de vehículos ","Nacional",2026,"02","Renault","Kangoo","Camiones ligeros","Pick Ups","IMPORTADO",12,156,"Cifras Revisadas"
"Registro Administrativo de la Industria Automotriz de Vehículos Ligeros. Venta de vehículos ","Nacional",2026,"02","Renault","Kardian","Automóviles","Compactos","IMPORTADO",31,262,"Cifras Revisadas"
"Registro Administrativo de la Industria Automotriz de Vehículos Ligeros. Venta de vehículos ","Nacional",2026,"02","Renault","Koleos","Camiones ligeros","SUV's","IMPORTADO",48,7,"Cifras Revisadas"
"Registro Administrativo de la Industria Automotriz de Vehículos Ligeros. Venta de vehículos ","Nacional",2026,"02","Renault","Kwid","Automóviles","Subcompactos","IMPORTADO",31,1288,"Cifras Revisadas"
"Registro Administrativo de la Industria Automotriz de Vehículos Ligeros. Venta de vehículos ","Nacional",2026,"02","Renault","Kwid e-Tech","Automóviles","Subcompactos","IMPORTADO",43,2,"Cifras Revisadas"
"Registro Administrativo de la Industria Automotriz de Vehículos Ligeros. Venta de vehículos ","Nacional",2026,"02","Renault","Master","Camiones ligeros","Minivans","IMPORTADO",74,68,"Cifras Revisadas"
"Registro Administrativo de la Industria Automotriz de Vehículos Ligeros. Venta de vehículos ","Nacional",2026,"02","Renault","Master E- Tech eléctrico","Camiones ligeros","Minivans","IMPORTADO",74,14,"Cifras Revisadas"
"Registro Administrativo de la Industria Automotriz de Vehículos Ligeros. Venta de vehículos ","Nacional",2026,"02","Renault","MEGANE E-TECH","Automóviles","Subcompactos","IMPORTADO",74,4,"Cifras Revisadas"
"Registro Administrativo de la Industria Automotriz de Vehículos Ligeros. Venta de vehículos ","Nacional",2026,"02","Renault","Nueva Koleos","Camiones ligeros","SUV's","IMPORTADO",48,126,"Cifras Revisadas"
"Registro Administrativo de la Industria Automotriz de Vehículos Ligeros. Venta de vehículos ","Nacional",2026,"02","Renault","Oroch","Camiones ligeros","Pick Ups","IMPORTADO",31,184,"Cifras Revisadas"
"Registro Administrativo de la Industria Automotriz de Vehículos Ligeros. Venta de vehículos ","Nacional",2026,"02","Renault","Stepway","Automóviles","Compactos","IMPORTADO",46,1,"Cifras Revisadas"
"Registro Administrativo de la Industria Automotriz de Vehículos Ligeros. Venta de vehículos ","Nacional",2026,"02","SEAT","Arona","Camiones ligeros","SUV's","IMPORTADO",64,173,"Cifras Revisadas"
"Registro Administrativo de la Industria Automotriz de Vehículos Ligeros. Venta de vehículos ","Nacional",2026,"02","SEAT","Ateca","Camiones ligeros","SUV's","IMPORTADO",184,31,"Cifras Revisadas"
"Registro Administrativo de la Industria Automotriz de Vehículos Ligeros. Venta de vehículos ","Nacional",2026,"02","SEAT","CUPRA Formentor","Camiones ligeros","SUV's","IMPORTADO",64,319,"Cifras Revisadas"
"Registro Administrativo de la Industria Automotriz de Vehículos Ligeros. Venta de vehículos ","Nacional",2026,"02","SEAT","CUPRA Terramar","Camiones ligeros","SUV's","IMPORTADO",94,227,"Cifras Revisadas"
"Registro Administrativo de la Industria Automotriz de Vehículos Ligeros. Venta de vehículos ","Nacional",2026,"02","SEAT","Ibiza 4 Ptas","Automóviles","Subcompactos","IMPORTADO",64,908,"Cifras Revisadas"
"Registro Administrativo de la Industria Automotriz de Vehículos Ligeros. Venta de vehículos ","Nacional",2026,"02","SEAT","Leon","Automóviles","Deportivos","IMPORTADO",64,317,"Cifras Revisadas"
"Registro Administrativo de la Industria Automotriz de Vehículos Ligeros. Venta de vehículos ","Nacional",2026,"02","Subaru","Crosstrek","Camiones ligeros","SUV's","IMPORTADO",126,89,"Cifras Revisadas"
"Registro Administrativo de la Industria Automotriz de Vehículos Ligeros. Venta de vehículos ","Nacional",2026,"02","Subaru","Crosstrek MHEV","Camiones ligeros","SUV's","IMPORTADO",126,4,"Cifras Revisadas"
"Registro Administrativo de la Industria Automotriz de Vehículos Ligeros. Venta de vehículos ","Nacional",2026,"02","Subaru","Forester","Camiones ligeros","SUV's","IMPORTADO",126,107,"Cifras Revisadas"
"Registro Administrativo de la Industria Automotriz de Vehículos Ligeros. Venta de vehículos ","Nacional",2026,"02","Subaru","Outback","Camiones ligeros","SUV's","IMPORTADO",126,39,"Cifras Revisadas"
"Registro Administrativo de la Industria Automotriz de Vehículos Ligeros. Venta de vehículos ","Nacional",2026,"02","Subaru","Subaru BRZ","Automóviles","Deportivos","IMPORTADO",126,21,"Cifras Revisadas"
"Registro Administrativo de la Industria Automotriz de Vehículos Ligeros. Venta de vehículos ","Nacional",2026,"02","Subaru","WRX","Automóviles","Deportivos","IMPORTADO",126,19,"Cifras Revisadas"
"Registro Administrativo de la Industria Automotriz de Vehículos Ligeros. Venta de vehículos ","Nacional",2026,"02","Subaru","WRX STI","Automóviles","Deportivos","IMPORTADO",126,0,"Cifras Revisadas"
"Registro Administrativo de la Industria Automotriz de Vehículos Ligeros. Venta de vehículos ","Nacional",2026,"02","Subaru","XV","Camiones ligeros","SUV's","IMPORTADO",126,0,"Cifras Revisadas"
"Registro Administrativo de la Industria Automotriz de Vehículos Ligeros. Venta de vehículos ","Nacional",2026,"02","Suzuki","Baleno","Automóviles","Subcompactos","IMPORTADO",95,359,"Cifras Revisadas"
"Registro Administrativo de la Industria Automotriz de Vehículos Ligeros. Venta de vehículos ","Nacional",2026,"02","Suzuki","Ciaz","Automóviles","Compactos","IMPORTADO",95,1,"Cifras Revisadas"
"Registro Administrativo de la Industria Automotriz de Vehículos Ligeros. Venta de vehículos ","Nacional",2026,"02","Suzuki","DZIRE","Automóviles","Subcompactos","IMPORTADO",95,314,"Cifras Revisadas"
"Registro Administrativo de la Industria Automotriz de Vehículos Ligeros. Venta de vehículos ","Nacional",2026,"02","Suzuki","Ertiga","Automóviles","Compactos","IMPORTADO",96,321,"Cifras Revisadas"
"Registro Administrativo de la Industria Automotriz de Vehículos Ligeros. Venta de vehículos ","Nacional",2026,"02","Suzuki","FRONX","Camiones ligeros","SUV's","IMPORTADO",95,310,"Cifras Revisadas"
"Registro Administrativo de la Industria Automotriz de Vehículos Ligeros. Venta de vehículos ","Nacional",2026,"02","Suzuki","Ignis","Automóviles","Subcompactos","IMPORTADO",126,1,"Cifras Revisadas"
"Registro Administrativo de la Industria Automotriz de Vehículos Ligeros. Venta de vehículos ","Nacional",2026,"02","Suzuki","JIMNY","Camiones ligeros","SUV's","IMPORTADO",126,631,"Cifras Revisadas"
"Registro Administrativo de la Industria Automotriz de Vehículos Ligeros. Venta de vehículos ","Nacional",2026,"02","Suzuki","Swift","Automóviles","Subcompactos","IMPORTADO",126,1083,"Cifras Revisadas"
"Registro Administrativo de la Industria Automotriz de Vehículos Ligeros. Venta de vehículos ","Nacional",2026,"02","Toyota","Avanza","Automóviles","Compactos","IMPORTADO",96,973,"Cifras Revisadas"
"Registro Administrativo de la Industria Automotriz de Vehículos Ligeros. Venta de vehículos ","Nacional",2026,"02","Toyota","Camry","Automóviles","De Lujo","IMPORTADO",66,376,"Cifras Revisadas"
"Registro Administrativo de la Industria Automotriz de Vehículos Ligeros. Venta de vehículos ","Nacional",2026,"02","Toyota","C-HR","Camiones ligeros","SUV's","IMPORTADO",227,0,"Cifras Revisadas"
"Registro Administrativo de la Industria Automotriz de Vehículos Ligeros. Venta de vehículos ","Nacional",2026,"02","Toyota","Corolla","Automóviles","Compactos","IMPORTADO",66,805,"Cifras Revisadas"
"Registro Administrativo de la Industria Automotriz de Vehículos Ligeros. Venta de vehículos ","Nacional",2026,"02","Toyota","Corolla Cross","Camiones ligeros","SUV's","IMPORTADO",66,358,"Cifras Revisadas"
"Registro Administrativo de la Industria Automotriz de Vehículos Ligeros. Venta de vehículos ","Nacional",2026,"02","Toyota","GR Corolla","Automóviles","Deportivos","IMPORTADO",126,6,"Cifras Revisadas"
"Registro Administrativo de la Industria Automotriz de Vehículos Ligeros. Venta de vehículos ","Nacional",2026,"02","Toyota","GR Supra","Automóviles","De Lujo","IMPORTADO",17,5,"Cifras Revisadas"
"Registro Administrativo de la Industria Automotriz de Vehículos Ligeros. Venta de vehículos ","Nacional",2026,"02","Toyota","GR Yaris","Automóviles","Deportivos","IMPORTADO",126,8,"Cifras Revisadas"
"Registro Administrativo de la Industria Automotriz de Vehículos Ligeros. Venta de vehículos ","Nacional",2026,"02","Toyota","Hiace P","Camiones ligeros","SUV's","IMPORTADO",126,116,"Cifras Revisadas"
"Registro Administrativo de la Industria Automotriz de Vehículos Ligeros. Venta de vehículos ","Nacional",2026,"02","Toyota","Hiace V","Camiones ligeros","SUV's","IMPORTADO",126,60,"Cifras Revisadas"
"Registro Administrativo de la Industria Automotriz de Vehículos Ligeros. Venta de vehículos ","Nacional",2026,"02","Toyota","Highlander","Camiones ligeros","SUV's","IMPORTADO",66,373,"Cifras Revisadas"
"Registro Administrativo de la Industria Automotriz de Vehículos Ligeros. Venta de vehículos ","Nacional",2026,"02","Toyota","Hilux Dc","Camiones ligeros","Pick Ups","IMPORTADO",214,1309,"Cifras Revisadas"
"Registro Administrativo de la Industria Automotriz de Vehículos Ligeros. Venta de vehículos ","Nacional",2026,"02","Toyota","Lcruiser","Camiones ligeros","SUV's","IMPORTADO",126,0,"Cifras Revisadas"
"Registro Administrativo de la Industria Automotriz de Vehículos Ligeros. Venta de vehículos ","Nacional",2026,"02","Toyota","Prius","Automóviles","De Lujo","IMPORTADO",126,390,"Cifras Revisadas"
"Registro Administrativo de la Industria Automotriz de Vehículos Ligeros. Venta de vehículos ","Nacional",2026,"02","Toyota","Prius-C","Automóviles","Subcompactos","IMPORTADO",126,0,"Cifras Revisadas"
"Registro Administrativo de la Industria Automotriz de Vehículos Ligeros. Venta de vehículos ","Nacional",2026,"02","Toyota","RAIZE","Camiones ligeros","SUV's","IMPORTADO",96,369,"Cifras Revisadas"
"Registro Administrativo de la Industria Automotriz de Vehículos Ligeros. Venta de vehículos ","Nacional",2026,"02","Toyota","Rav4","Camiones ligeros","SUV's","IMPORTADO",40,8,"Cifras Revisadas"
"Registro Administrativo de la Industria Automotriz de Vehículos Ligeros. Venta de vehículos ","Nacional",2026,"02","Toyota","Sequoia","Camiones ligeros","SUV's","IMPORTADO",66,23,"Cifras Revisadas"
"Registro Administrativo de la Industria Automotriz de Vehículos Ligeros. Venta de vehículos ","Nacional",2026,"02","Toyota","Sienna","Camiones ligeros","Minivans","IMPORTADO",66,690,"Cifras Revisadas"
"Registro Administrativo de la Industria Automotriz de Vehículos Ligeros. Venta de vehículos ","Nacional",2026,"02","Toyota","Tacoma","Camiones ligeros","Pick Ups","NACIONAL",1,0,"Cifras Revisadas"
"Registro Administrativo de la Industria Automotriz de Vehículos Ligeros. Venta de vehículos ","Nacional",2026,"02","Toyota","Tacoma-","Camiones ligeros","Pick Ups","NACIONAL",1,886,"Cifras Revisadas"
"Registro Administrativo de la Industria Automotriz de Vehículos Ligeros. Venta de vehículos ","Nacional",2026,"02","Toyota","Tundra","Camiones ligeros","Pick Ups","IMPORTADO",66,54,"Cifras Revisadas"
"Registro Administrativo de la Industria Automotriz de Vehículos Ligeros. Venta de vehículos ","Nacional",2026,"02","Toyota","Yaris Hatchback","Automóviles","Subcompactos","IMPORTADO",214,126,"Cifras Revisadas"
"Registro Administrativo de la Industria Automotriz de Vehículos Ligeros. Venta de vehículos ","Nacional",2026,"02","Toyota","Yaris Sedan","Automóviles","Subcompactos","IMPORTADO",214,866,"Cifras Revisadas"
"Registro Administrativo de la Industria Automotriz de Vehículos Ligeros. Venta de vehículos ","Nacional",2026,"02","Toyota","Yaris-R","Automóviles","Subcompactos","NACIONAL",1,0,"Cifras Revisadas"
"Registro Administrativo de la Industria Automotriz de Vehículos Ligeros. Venta de vehículos ","Nacional",2026,"02","Toyota","4Runner","Camiones ligeros","SUV's","IMPORTADO",126,315,"Cifras Revisadas"
"Registro Administrativo de la Industria Automotriz de Vehículos Ligeros. Venta de vehículos ","Nacional",2026,"02","Volkswagen","Amarok","Camiones ligeros","Pick Ups","IMPORTADO",12,58,"Cifras Revisadas"
"Registro Administrativo de la Industria Automotriz de Vehículos Ligeros. Venta de vehículos ","Nacional",2026,"02","Volkswagen","Beetle","Automóviles","Compactos","NACIONAL",1,0,"Cifras Revisadas"
"Registro Administrativo de la Industria Automotriz de Vehículos Ligeros. Venta de vehículos ","Nacional",2026,"02","Volkswagen","Beetle Cabrio","Automóviles","Compactos","NACIONAL",1,0,"Cifras Revisadas"
"Registro Administrativo de la Industria Automotriz de Vehículos Ligeros. Venta de vehículos ","Nacional",2026,"02","Volkswagen","Crafter","Camiones ligeros","Pick Ups","IMPORTADO",4,124,"Cifras Revisadas"
"Registro Administrativo de la Industria Automotriz de Vehículos Ligeros. Venta de vehículos ","Nacional",2026,"02","Volkswagen","Crafter chasis","Camiones ligeros","SUV's","IMPORTADO",177,4,"Cifras Revisadas"
"Registro Administrativo de la Industria Automotriz de Vehículos Ligeros. Venta de vehículos ","Nacional",2026,"02","Volkswagen","Cross Sport","Camiones ligeros","SUV's","IMPORTADO",66,0,"Cifras Revisadas"
"Registro Administrativo de la Industria Automotriz de Vehículos Ligeros. Venta de vehículos ","Nacional",2026,"02","Volkswagen","Crossfox","Automóviles","Subcompactos","IMPORTADO",31,0,"Cifras Revisadas"
"Registro Administrativo de la Industria Automotriz de Vehículos Ligeros. Venta de vehículos ","Nacional",2026,"02","Volkswagen","e-Crafter","Camiones ligeros","SUV's","IMPORTADO",177,3,"Cifras Revisadas"
"Registro Administrativo de la Industria Automotriz de Vehículos Ligeros. Venta de vehículos ","Nacional",2026,"02","Volkswagen","Gol","Automóviles","Subcompactos","IMPORTADO",31,0,"Cifras Revisadas"
"Registro Administrativo de la Industria Automotriz de Vehículos Ligeros. Venta de vehículos ","Nacional",2026,"02","Volkswagen","Gol Sedan","Automóviles","Subcompactos","IMPORTADO",31,0,"Cifras Revisadas"
"Registro Administrativo de la Industria Automotriz de Vehículos Ligeros. Venta de vehículos ","Nacional",2026,"02","Volkswagen","Golf","Automóviles","Compactos","IMPORTADO",31,0,"Cifras Revisadas"
"Registro Administrativo de la Industria Automotriz de Vehículos Ligeros. Venta de vehículos ","Nacional",2026,"02","Volkswagen","Golf-","Automóviles","Compactos","NACIONAL",1,0,"Cifras Revisadas"
"Registro Administrativo de la Industria Automotriz de Vehículos Ligeros. Venta de vehículos ","Nacional",2026,"02","Volkswagen","Golf Variant-/Crossgolf","Automóviles","Compactos","NACIONAL",1,0,"Cifras Revisadas"
"Registro Administrativo de la Industria Automotriz de Vehículos Ligeros. Venta de vehículos ","Nacional",2026,"02","Volkswagen","GTI","Automóviles","Deportivos","IMPORTADO",4,94,"Cifras Revisadas"
"Registro Administrativo de la Industria Automotriz de Vehículos Ligeros. Venta de vehículos ","Nacional",2026,"02","Volkswagen","ID.4","Camiones ligeros","SUV's","IMPORTADO",66,9,"Cifras Revisadas"
"Registro Administrativo de la Industria Automotriz de Vehículos Ligeros. Venta de vehículos ","Nacional",2026,"02","Volkswagen","Jetta","Automóviles","Compactos","NACIONAL",1,0,"Cifras Revisadas"
"Registro Administrativo de la Industria Automotriz de Vehículos Ligeros. Venta de vehículos ","Nacional",2026,"02","Volkswagen","Nivus","Camiones ligeros","SUV's","IMPORTADO",31,140,"Cifras Revisadas"
"Registro Administrativo de la Industria Automotriz de Vehículos Ligeros. Venta de vehículos ","Nacional",2026,"02","Volkswagen","Nuevo Jetta","Automóviles","Compactos","NACIONAL",1,1353,"Cifras Revisadas"
"Registro Administrativo de la Industria Automotriz de Vehículos Ligeros. Venta de vehículos ","Nacional",2026,"02","Volkswagen","Nuevo Jetta TDI","Automóviles","Compactos","NACIONAL",1,0,"Cifras Revisadas"
"Registro Administrativo de la Industria Automotriz de Vehículos Ligeros. Venta de vehículos ","Nacional",2026,"02","Volkswagen","Passat","Automóviles","De Lujo","IMPORTADO",66,0,"Cifras Revisadas"
"Registro Administrativo de la Industria Automotriz de Vehículos Ligeros. Venta de vehículos ","Nacional",2026,"02","Volkswagen","Polo 4 Ptas","Automóviles","Subcompactos","IMPORTADO",31,124,"Cifras Revisadas"
"Registro Administrativo de la Industria Automotriz de Vehículos Ligeros. Venta de vehículos ","Nacional",2026,"02","Volkswagen","Polo 4 Ptas","Automóviles","Subcompactos","IMPORTADO",95,0,"Cifras Revisadas"
"Registro Administrativo de la Industria Automotriz de Vehículos Ligeros. Venta de vehículos ","Nacional",2026,"02","Volkswagen","Saveiro","Camiones ligeros","Pick Ups","IMPORTADO",31,1052,"Cifras Revisadas"
"Registro Administrativo de la Industria Automotriz de Vehículos Ligeros. Venta de vehículos ","Nacional",2026,"02","Volkswagen","Taigun","Camiones ligeros","SUV's","IMPORTADO",95,978,"Cifras Revisadas"
"Registro Administrativo de la Industria Automotriz de Vehículos Ligeros. Venta de vehículos ","Nacional",2026,"02","Volkswagen","Taos","Camiones ligeros","SUV's","NACIONAL",1,1443,"Cifras Revisadas"
"Registro Administrativo de la Industria Automotriz de Vehículos Ligeros. Venta de vehículos ","Nacional",2026,"02","Volkswagen","T-Cross","Camiones ligeros","SUV's","IMPORTADO",31,0,"Cifras Revisadas"
"Registro Administrativo de la Industria Automotriz de Vehículos Ligeros. Venta de vehículos ","Nacional",2026,"02","Volkswagen","Teramont","Camiones ligeros","SUV's","IMPORTADO",66,446,"Cifras Revisadas"
"Registro Administrativo de la Industria Automotriz de Vehículos Ligeros. Venta de vehículos ","Nacional",2026,"02","Volkswagen","Tiguan-","Camiones ligeros","SUV's","NACIONAL",1,1550,"Cifras Revisadas"
"Registro Administrativo de la Industria Automotriz de Vehículos Ligeros. Venta de vehículos ","Nacional",2026,"02","Volkswagen","Touareg","Camiones ligeros","SUV's","IMPORTADO",62,0,"Cifras Revisadas"
"Registro Administrativo de la Industria Automotriz de Vehículos Ligeros. Venta de vehículos ","Nacional",2026,"02","Volkswagen","Transporter Carga","Camiones ligeros","SUV's","IMPORTADO",4,135,"Cifras Revisadas"
"Registro Administrativo de la Industria Automotriz de Vehículos Ligeros. Venta de vehículos ","Nacional",2026,"02","Volkswagen","Transporter Pasajeros","Camiones ligeros","SUV's","IMPORTADO",4,21,"Cifras Revisadas"
"Registro Administrativo de la Industria Automotriz de Vehículos Ligeros. Venta de vehículos ","Nacional",2026,"02","Volkswagen","UP!","Automóviles","Subcompactos","IMPORTADO",31,0,"Cifras Revisadas"
"Registro Administrativo de la Industria Automotriz de Vehículos Ligeros. Venta de vehículos ","Nacional",2026,"02","Volkswagen","Vento","Automóviles","Subcompactos","IMPORTADO",95,0,"Cifras Revisadas"
"Registro Administrativo de la Industria Automotriz de Vehículos Ligeros. Venta de vehículos ","Nacional",2026,"02","Volkswagen","Virtus","Automóviles","Subcompactos","IMPORTADO",95,1973,"Cifras Revisadas"
"Registro Administrativo de la Industria Automotriz de Vehículos Ligeros. Venta de vehículos ","Nacional",2026,"02","Volkswagen","Volkswagen Caddy","Camiones ligeros","Pick Ups","IMPORTADO",177,62,"Cifras Revisadas"
"Registro Administrativo de la Industria Automotriz de Vehículos Ligeros. Venta de vehículos ","Nacional",2026,"02","Volkswagen","Volkswagen Tera","Automóviles","Subcompactos","IMPORTADO",31,1293,"Cifras Revisadas"
"Registro Administrativo de la Industria Automotriz de Vehículos Ligeros. Venta de vehículos ","Nacional",2026,"02","Volvo","C40","Automóviles","De Lujo","IMPORTADO",23,19,"Cifras Revisadas"
"Registro Administrativo de la Industria Automotriz de Vehículos Ligeros. Venta de vehículos ","Nacional",2026,"02","Volvo","EX30","Camiones ligeros","SUV's","IMPORTADO",43,177,"Cifras Revisadas"
"Registro Administrativo de la Industria Automotriz de Vehículos Ligeros. Venta de vehículos ","Nacional",2026,"02","Volvo","EX90","Camiones ligeros","SUV's","IMPORTADO",66,0,"Cifras Revisadas"
"Registro Administrativo de la Industria Automotriz de Vehículos Ligeros. Venta de vehículos ","Nacional",2026,"02","Volvo","S60 III","Automóviles","De Lujo","IMPORTADO",66,0,"Cifras Revisadas"
"Registro Administrativo de la Industria Automotriz de Vehículos Ligeros. Venta de vehículos ","Nacional",2026,"02","Volvo","XC40","Automóviles","De Lujo","IMPORTADO",23,43,"Cifras Revisadas"
"Registro Administrativo de la Industria Automotriz de Vehículos Ligeros. Venta de vehículos ","Nacional",2026,"02","Volvo","XC60 II","Camiones ligeros","SUV's","IMPORTADO",209,66,"Cifras Revisadas"
"Registro Administrativo de la Industria Automotriz de Vehículos Ligeros. Venta de vehículos ","Nacional",2026,"02","Volvo","XC90 II","Camiones ligeros","SUV's","IMPORTADO",209,37,"Cifras Revisadas"
"Registro Administrativo de la Industria Automotriz de Vehículos Ligeros. Venta de vehículos ","Nacional",2026,"02","Zeekr","X","Automóviles","De Lujo","IMPORTADO",43,42,"Cifras Revisadas"
"Registro Administrativo de la Industria Automotriz de Vehículos Ligeros. Venta de vehículos ","Nacional",2026,"02","Zeekr","001","Automóviles","De Lujo","IMPORTADO",43,28,"Cifras Revisadas"
"Registro Administrativo de la Industria Automotriz de Vehículos Ligeros. Venta de vehículos ","Nacional",2026,"02","Zeekr","7X","Automóviles","De Lujo","IMPORTADO",43,119,"Cifras Revisadas"
"Registro Administrativo de la Industria Automotriz de Vehículos Ligeros. Venta de vehículos ","Nacional",2026,"03","Acura","ADX","Camiones ligeros","SUV's","NACIONAL",1,44,"Cifras Revisadas"
"Registro Administrativo de la Industria Automotriz de Vehículos Ligeros. Venta de vehículos ","Nacional",2026,"03","Acura","INTEGRA","Automóviles","De Lujo","IMPORTADO",66,4,"Cifras Revisadas"
"Registro Administrativo de la Industria Automotriz de Vehículos Ligeros. Venta de vehículos ","Nacional",2026,"03","Acura","Mdx","Camiones ligeros","SUV's","IMPORTADO",40,15,"Cifras Revisadas"
"Registro Administrativo de la Industria Automotriz de Vehículos Ligeros. Venta de vehículos ","Nacional",2026,"03","Acura","Rdx","Camiones ligeros","SUV's","IMPORTADO",66,5,"Cifras Revisadas"
"Registro Administrativo de la Industria Automotriz de Vehículos Ligeros. Venta de vehículos ","Nacional",2026,"03","Acura","TLX","Automóviles","De Lujo","IMPORTADO",66,2,"Cifras Revisadas"
"Registro Administrativo de la Industria Automotriz de Vehículos Ligeros. Venta de vehículos ","Nacional",2026,"03","Alfa Romeo","Giulia","Automóviles","De Lujo","IMPORTADO",124,4,"Cifras Revisadas"
"Registro Administrativo de la Industria Automotriz de Vehículos Ligeros. Venta de vehículos ","Nacional",2026,"03","Alfa Romeo","Junior","Camiones ligeros","SUV's","IMPORTADO",124,36,"Cifras Revisadas"
"Registro Administrativo de la Industria Automotriz de Vehículos Ligeros. Venta de vehículos ","Nacional",2026,"03","Alfa Romeo","Stelvio","Automóviles","De Lujo","IMPORTADO",124,4,"Cifras Revisadas"
"Registro Administrativo de la Industria Automotriz de Vehículos Ligeros. Venta de vehículos ","Nacional",2026,"03","Alfa Romeo","TONALE","Camiones ligeros","SUV's","IMPORTADO",124,3,"Cifras Revisadas"
"Registro Administrativo de la Industria Automotriz de Vehículos Ligeros. Venta de vehículos ","Nacional",2026,"03","Audi","A1*","Automóviles","De Lujo","IMPORTADO",64,33,"Cifras Revisadas"
"Registro Administrativo de la Industria Automotriz de Vehículos Ligeros. Venta de vehículos ","Nacional",2026,"03","Audi","A3-","Automóviles","De Lujo","IMPORTADO",4,134,"Cifras Revisadas"
"Registro Administrativo de la Industria Automotriz de Vehículos Ligeros. Venta de vehículos ","Nacional",2026,"03","Audi","A4","Automóviles","De Lujo","IMPORTADO",4,2,"Cifras Revisadas"
"Registro Administrativo de la Industria Automotriz de Vehículos Ligeros. Venta de vehículos ","Nacional",2026,"03","Audi","A5 Coupe","Automóviles","De Lujo","IMPORTADO",4,0,"Cifras Revisadas"
"Registro Administrativo de la Industria Automotriz de Vehículos Ligeros. Venta de vehículos ","Nacional",2026,"03","Audi","A5 Sedán","Automóviles","De Lujo","IMPORTADO",4,65,"Cifras Revisadas"
"Registro Administrativo de la Industria Automotriz de Vehículos Ligeros. Venta de vehículos ","Nacional",2026,"03","Audi","A5 Sportback","Automóviles","Deportivos","IMPORTADO",4,1,"Cifras Revisadas"
"Registro Administrativo de la Industria Automotriz de Vehículos Ligeros. Venta de vehículos ","Nacional",2026,"03","Audi","A6","Automóviles","De Lujo","IMPORTADO",4,11,"Cifras Revisadas"
"Registro Administrativo de la Industria Automotriz de Vehículos Ligeros. Venta de vehículos ","Nacional",2026,"03","Audi","Q 3","Camiones ligeros","SUV's","IMPORTADO",94,77,"Cifras Revisadas"
"Registro Administrativo de la Industria Automotriz de Vehículos Ligeros. Venta de vehículos ","Nacional",2026,"03","Audi","Q2","Automóviles","De Lujo","IMPORTADO",62,40,"Cifras Revisadas"
"Registro Administrativo de la Industria Automotriz de Vehículos Ligeros. Venta de vehículos ","Nacional",2026,"03","Audi","Q3 SB","Camiones ligeros","SUV's","IMPORTADO",94,196,"Cifras Revisadas"
"Registro Administrativo de la Industria Automotriz de Vehículos Ligeros. Venta de vehículos ","Nacional",2026,"03","Audi","Q5","Camiones ligeros","SUV's","NACIONAL",1,192,"Cifras Revisadas"
"Registro Administrativo de la Industria Automotriz de Vehículos Ligeros. Venta de vehículos ","Nacional",2026,"03","Audi","Q6 etron","Automóviles","De Lujo","IMPORTADO",4,17,"Cifras Revisadas"
"Registro Administrativo de la Industria Automotriz de Vehículos Ligeros. Venta de vehículos ","Nacional",2026,"03","Audi","Q7-","Camiones ligeros","SUV's","IMPORTADO",62,19,"Cifras Revisadas"
"Registro Administrativo de la Industria Automotriz de Vehículos Ligeros. Venta de vehículos ","Nacional",2026,"03","Audi","Q8","Camiones ligeros","SUV's","IMPORTADO",4,29,"Cifras Revisadas"
"Registro Administrativo de la Industria Automotriz de Vehículos Ligeros. Venta de vehículos ","Nacional",2026,"03","Auteco","D2S 150","Automóviles","Subcompactos","IMPORTADO",43,0,"Cifras Revisadas"
"Registro Administrativo de la Industria Automotriz de Vehículos Ligeros. Venta de vehículos ","Nacional",2026,"03","Auteco","D2S 250","Automóviles","Subcompactos","IMPORTADO",43,0,"Cifras Revisadas"
"Registro Administrativo de la Industria Automotriz de Vehículos Ligeros. Venta de vehículos ","Nacional",2026,"03","Auteco","E-TRUCK B2.0T","Camiones ligeros","Pick Ups","IMPORTADO",43,0,"Cifras Revisadas"
"Registro Administrativo de la Industria Automotriz de Vehículos Ligeros. Venta de vehículos ","Nacional",2026,"03","Auteco","E-VAN S1.0T PRO","Camiones ligeros","Minivans","IMPORTADO",43,1,"Cifras Revisadas"
"Registro Administrativo de la Industria Automotriz de Vehículos Ligeros. Venta de vehículos ","Nacional",2026,"03","Auteco","RICH 6 EV","Camiones ligeros","Pick Ups","IMPORTADO",43,0,"Cifras Revisadas"
"Registro Administrativo de la Industria Automotriz de Vehículos Ligeros. Venta de vehículos ","Nacional",2026,"03","Bentley","Continental","Automóviles","De Lujo","IMPORTADO",181,1,"Cifras Revisadas"
"Registro Administrativo de la Industria Automotriz de Vehículos Ligeros. Venta de vehículos ","Nacional",2026,"03","Bentley","Flying Spur","Automóviles","De Lujo","IMPORTADO",181,1,"Cifras Revisadas"
"Registro Administrativo de la Industria Automotriz de Vehículos Ligeros. Venta de vehículos ","Nacional",2026,"03","BMW","iX","Camiones ligeros","SUV's","IMPORTADO",4,24,"Cifras Revisadas"
"Registro Administrativo de la Industria Automotriz de Vehículos Ligeros. Venta de vehículos ","Nacional",2026,"03","BMW","iX1","Automóviles","De Lujo","IMPORTADO",4,20,"Cifras Revisadas"
"Registro Administrativo de la Industria Automotriz de Vehículos Ligeros. Venta de vehículos ","Nacional",2026,"03","BMW","iX2","Camiones ligeros","SUV's","IMPORTADO",4,39,"Cifras Revisadas"
"Registro Administrativo de la Industria Automotriz de Vehículos Ligeros. Venta de vehículos ","Nacional",2026,"03","BMW","iX3","Camiones ligeros","SUV's","IMPORTADO",43,2,"Cifras Revisadas"
"Registro Administrativo de la Industria Automotriz de Vehículos Ligeros. Venta de vehículos ","Nacional",2026,"03","BMW","i4","Automóviles","De Lujo","IMPORTADO",4,17,"Cifras Revisadas"
"Registro Administrativo de la Industria Automotriz de Vehículos Ligeros. Venta de vehículos ","Nacional",2026,"03","BMW","i5","Automóviles","De Lujo","IMPORTADO",4,10,"Cifras Revisadas"
"Registro Administrativo de la Industria Automotriz de Vehículos Ligeros. Venta de vehículos ","Nacional",2026,"03","BMW","Serie 1 Hatch","Automóviles","De Lujo","IMPORTADO",4,47,"Cifras Revisadas"
"Registro Administrativo de la Industria Automotriz de Vehículos Ligeros. Venta de vehículos ","Nacional",2026,"03","BMW","Serie 2","Automóviles","De Lujo","IMPORTADO",4,114,"Cifras Revisadas"
"Registro Administrativo de la Industria Automotriz de Vehículos Ligeros. Venta de vehículos ","Nacional",2026,"03","BMW","Serie 3","Automóviles","De Lujo","IMPORTADO",4,80,"Cifras Revisadas"
"Registro Administrativo de la Industria Automotriz de Vehículos Ligeros. Venta de vehículos ","Nacional",2026,"03","BMW","Serie 4","Automóviles","De Lujo","IMPORTADO",4,37,"Cifras Revisadas"
"Registro Administrativo de la Industria Automotriz de Vehículos Ligeros. Venta de vehículos ","Nacional",2026,"03","BMW","Serie 5","Automóviles","De Lujo","IMPORTADO",4,13,"Cifras Revisadas"
"Registro Administrativo de la Industria Automotriz de Vehículos Ligeros. Venta de vehículos ","Nacional",2026,"03","BMW","Serie 7","Automóviles","De Lujo","IMPORTADO",4,4,"Cifras Revisadas"
"Registro Administrativo de la Industria Automotriz de Vehículos Ligeros. Venta de vehículos ","Nacional",2026,"03","BMW","XM","Automóviles","De Lujo","IMPORTADO",66,5,"Cifras Revisadas"
"Registro Administrativo de la Industria Automotriz de Vehículos Ligeros. Venta de vehículos ","Nacional",2026,"03","BMW","X1","Camiones ligeros","SUV's","IMPORTADO",4,163,"Cifras Revisadas"
"Registro Administrativo de la Industria Automotriz de Vehículos Ligeros. Venta de vehículos ","Nacional",2026,"03","BMW","X2","Camiones ligeros","SUV's","IMPORTADO",4,94,"Cifras Revisadas"
"Registro Administrativo de la Industria Automotriz de Vehículos Ligeros. Venta de vehículos ","Nacional",2026,"03","BMW","X3","Camiones ligeros","SUV's","IMPORTADO",66,236,"Cifras Revisadas"
"Registro Administrativo de la Industria Automotriz de Vehículos Ligeros. Venta de vehículos ","Nacional",2026,"03","BMW","X4","Camiones ligeros","SUV's","IMPORTADO",66,17,"Cifras Revisadas"
"Registro Administrativo de la Industria Automotriz de Vehículos Ligeros. Venta de vehículos ","Nacional",2026,"03","BMW","X5","Camiones ligeros","SUV's","IMPORTADO",66,144,"Cifras Revisadas"
"Registro Administrativo de la Industria Automotriz de Vehículos Ligeros. Venta de vehículos ","Nacional",2026,"03","BMW","X6","Camiones ligeros","SUV's","IMPORTADO",66,68,"Cifras Revisadas"
"Registro Administrativo de la Industria Automotriz de Vehículos Ligeros. Venta de vehículos ","Nacional",2026,"03","BMW","X7","Camiones ligeros","SUV's","IMPORTADO",66,16,"Cifras Revisadas"
"Registro Administrativo de la Industria Automotriz de Vehículos Ligeros. Venta de vehículos ","Nacional",2026,"03","BMW","Z4-","Automóviles","De Lujo","IMPORTADO",4,22,"Cifras Revisadas"
"Registro Administrativo de la Industria Automotriz de Vehículos Ligeros. Venta de vehículos ","Nacional",2026,"03","Changan","ALSVIN","Automóviles","Subcompactos","IMPORTADO",43,314,"Cifras Revisadas"
"Registro Administrativo de la Industria Automotriz de Vehículos Ligeros. Venta de vehículos ","Nacional",2026,"03","Changan","CS35 PLUS","Camiones ligeros","SUV's","IMPORTADO",43,283,"Cifras Revisadas"
"Registro Administrativo de la Industria Automotriz de Vehículos Ligeros. Venta de vehículos ","Nacional",2026,"03","Changan","CS55 PLUS","Camiones ligeros","SUV's","IMPORTADO",43,170,"Cifras Revisadas"
"Registro Administrativo de la Industria Automotriz de Vehículos Ligeros. Venta de vehículos ","Nacional",2026,"03","Changan","CS55 Plus IDD","Camiones ligeros","SUV's","IMPORTADO",43,176,"Cifras Revisadas"
"Registro Administrativo de la Industria Automotriz de Vehículos Ligeros. Venta de vehículos ","Nacional",2026,"03","Changan","CS75","Camiones ligeros","SUV's","IMPORTADO",43,154,"Cifras Revisadas"
"Registro Administrativo de la Industria Automotriz de Vehículos Ligeros. Venta de vehículos ","Nacional",2026,"03","Changan","CS95","Camiones ligeros","SUV's","IMPORTADO",43,8,"Cifras Revisadas"
"Registro Administrativo de la Industria Automotriz de Vehículos Ligeros. Venta de vehículos ","Nacional",2026,"03","Changan","DEEPAL S07 BEV","Camiones ligeros","SUV's","IMPORTADO",43,5,"Cifras Revisadas"
"Registro Administrativo de la Industria Automotriz de Vehículos Ligeros. Venta de vehículos ","Nacional",2026,"03","Changan","DEEPAL S07 REEV","Camiones ligeros","SUV's","IMPORTADO",43,68,"Cifras Revisadas"
"Registro Administrativo de la Industria Automotriz de Vehículos Ligeros. Venta de vehículos ","Nacional",2026,"03","Changan","Eado Plus","Automóviles","Compactos","IMPORTADO",43,154,"Cifras Revisadas"
"Registro Administrativo de la Industria Automotriz de Vehículos Ligeros. Venta de vehículos ","Nacional",2026,"03","Changan","Eado Plus IDD","Automóviles","Compactos","IMPORTADO",43,114,"Cifras Revisadas"
"Registro Administrativo de la Industria Automotriz de Vehículos Ligeros. Venta de vehículos ","Nacional",2026,"03","Changan","HONOR S","Camiones ligeros","Minivans","IMPORTADO",43,121,"Cifras Revisadas"
"Registro Administrativo de la Industria Automotriz de Vehículos Ligeros. Venta de vehículos ","Nacional",2026,"03","Changan","HUNTER CHASIS","Camiones ligeros","Pick Ups","IMPORTADO",43,14,"Cifras Revisadas"
"Registro Administrativo de la Industria Automotriz de Vehículos Ligeros. Venta de vehículos ","Nacional",2026,"03","Changan","HUNTER PLUS","Camiones ligeros","Pick Ups","IMPORTADO",43,109,"Cifras Revisadas"
"Registro Administrativo de la Industria Automotriz de Vehículos Ligeros. Venta de vehículos ","Nacional",2026,"03","Changan","HUNTER WORK","Camiones ligeros","Pick Ups","IMPORTADO",43,22,"Cifras Revisadas"
"Registro Administrativo de la Industria Automotriz de Vehículos Ligeros. Venta de vehículos ","Nacional",2026,"03","Changan","NEW STAR TRUCK","Camiones ligeros","Pick Ups","IMPORTADO",43,202,"Cifras Revisadas"
"Registro Administrativo de la Industria Automotriz de Vehículos Ligeros. Venta de vehículos ","Nacional",2026,"03","Changan","UNI-K","Camiones ligeros","SUV's","IMPORTADO",43,56,"Cifras Revisadas"
"Registro Administrativo de la Industria Automotriz de Vehículos Ligeros. Venta de vehículos ","Nacional",2026,"03","Chrysler","Cherokee","Camiones ligeros","SUV's","IMPORTADO",66,26,"Cifras Revisadas"
"Registro Administrativo de la Industria Automotriz de Vehículos Ligeros. Venta de vehículos ","Nacional",2026,"03","Chrysler","Commander","Camiones ligeros","SUV's","IMPORTADO",31,56,"Cifras Revisadas"
"Registro Administrativo de la Industria Automotriz de Vehículos Ligeros. Venta de vehículos ","Nacional",2026,"03","Chrysler","Crew Cab-","Camiones ligeros","Pick Ups","NACIONAL",1,255,"Cifras Revisadas"
"Registro Administrativo de la Industria Automotriz de Vehículos Ligeros. Venta de vehículos ","Nacional",2026,"03","Chrysler","Durango","Camiones ligeros","SUV's","IMPORTADO",66,127,"Cifras Revisadas"
"Registro Administrativo de la Industria Automotriz de Vehículos Ligeros. Venta de vehículos ","Nacional",2026,"03","Chrysler","Grand Cherokee","Camiones ligeros","SUV's","IMPORTADO",66,158,"Cifras Revisadas"
"Registro Administrativo de la Industria Automotriz de Vehículos Ligeros. Venta de vehículos ","Nacional",2026,"03","Chrysler","Jeep Compass","Camiones ligeros","SUV's","IMPORTADO",66,182,"Cifras Revisadas"
"Registro Administrativo de la Industria Automotriz de Vehículos Ligeros. Venta de vehículos ","Nacional",2026,"03","Chrysler","Jeep Compass-","Camiones ligeros","SUV's","NACIONAL",1,101,"Cifras Revisadas"
"Registro Administrativo de la Industria Automotriz de Vehículos Ligeros. Venta de vehículos ","Nacional",2026,"03","Chrysler","Journey","Camiones ligeros","SUV's","IMPORTADO",43,10,"Cifras Revisadas"
"Registro Administrativo de la Industria Automotriz de Vehículos Ligeros. Venta de vehículos ","Nacional",2026,"03","Chrysler","JT ","Camiones ligeros","Pick Ups","IMPORTADO",66,124,"Cifras Revisadas"
"Registro Administrativo de la Industria Automotriz de Vehículos Ligeros. Venta de vehículos ","Nacional",2026,"03","Chrysler","Nuevo Attitude","Automóviles","Compactos","IMPORTADO",43,896,"Cifras Revisadas"
"Registro Administrativo de la Industria Automotriz de Vehículos Ligeros. Venta de vehículos ","Nacional",2026,"03","Chrysler","Promaster","Camiones ligeros","SUV's","NACIONAL",1,109,"Cifras Revisadas"
"Registro Administrativo de la Industria Automotriz de Vehículos Ligeros. Venta de vehículos ","Nacional",2026,"03","Chrysler","RAM DS","Camiones ligeros","Pick Ups","IMPORTADO",66,4,"Cifras Revisadas"
"Registro Administrativo de la Industria Automotriz de Vehículos Ligeros. Venta de vehículos ","Nacional",2026,"03","Chrysler","RAM 1200","Camiones ligeros","Pick Ups","NACIONAL",1,2265,"Cifras Revisadas"
"Registro Administrativo de la Industria Automotriz de Vehículos Ligeros. Venta de vehículos ","Nacional",2026,"03","Chrysler","RAM 4000","Camiones ligeros","Pick Ups","NACIONAL",1,185,"Cifras Revisadas"
"Registro Administrativo de la Industria Automotriz de Vehículos Ligeros. Venta de vehículos ","Nacional",2026,"03","Chrysler","RAM 700","Camiones ligeros","Pick Ups","IMPORTADO",31,1397,"Cifras Revisadas"
"Registro Administrativo de la Industria Automotriz de Vehículos Ligeros. Venta de vehículos ","Nacional",2026,"03","Chrysler","Renegade","Camiones ligeros","SUV's","IMPORTADO",31,221,"Cifras Revisadas"
"Registro Administrativo de la Industria Automotriz de Vehículos Ligeros. Venta de vehículos ","Nacional",2026,"03","Chrysler","Wagoneer","Camiones ligeros","SUV's","IMPORTADO",66,25,"Cifras Revisadas"
"Registro Administrativo de la Industria Automotriz de Vehículos Ligeros. Venta de vehículos ","Nacional",2026,"03","Chrysler","Wrangler","Camiones ligeros","SUV's","IMPORTADO",66,215,"Cifras Revisadas"
"Registro Administrativo de la Industria Automotriz de Vehículos Ligeros. Venta de vehículos ","Nacional",2026,"03","Fiat","Argo","Automóviles","Subcompactos","IMPORTADO",31,2,"Cifras Revisadas"
"Registro Administrativo de la Industria Automotriz de Vehículos Ligeros. Venta de vehículos ","Nacional",2026,"03","Fiat","FASTBACK","Camiones ligeros","SUV's","IMPORTADO",31,77,"Cifras Revisadas"
"Registro Administrativo de la Industria Automotriz de Vehículos Ligeros. Venta de vehículos ","Nacional",2026,"03","Fiat","Pulse","Camiones ligeros","SUV's","IMPORTADO",31,367,"Cifras Revisadas"
"Registro Administrativo de la Industria Automotriz de Vehículos Ligeros. Venta de vehículos ","Nacional",2026,"03","Ford Motor","Bronco","Camiones ligeros","SUV's","IMPORTADO",66,85,"Cifras Revisadas"
"Registro Administrativo de la Industria Automotriz de Vehículos Ligeros. Venta de vehículos ","Nacional",2026,"03","Ford Motor","Bronco Sport","Camiones ligeros","SUV's","NACIONAL",1,186,"Cifras Revisadas"
"Registro Administrativo de la Industria Automotriz de Vehículos Ligeros. Venta de vehículos ","Nacional",2026,"03","Ford Motor","Edge","Camiones ligeros","SUV's","IMPORTADO",40,256,"Cifras Revisadas"
"Registro Administrativo de la Industria Automotriz de Vehículos Ligeros. Venta de vehículos ","Nacional",2026,"03","Ford Motor","E-Transit","Camiones ligeros","Pick Ups","IMPORTADO",66,7,"Cifras Revisadas"
"Registro Administrativo de la Industria Automotriz de Vehículos Ligeros. Venta de vehículos ","Nacional",2026,"03","Ford Motor","Expedition","Camiones ligeros","Minivans","IMPORTADO",66,68,"Cifras Revisadas"
"Registro Administrativo de la Industria Automotriz de Vehículos Ligeros. Venta de vehículos ","Nacional",2026,"03","Ford Motor","Explorer","Camiones ligeros","SUV's","IMPORTADO",66,106,"Cifras Revisadas"
"Registro Administrativo de la Industria Automotriz de Vehículos Ligeros. Venta de vehículos ","Nacional",2026,"03","Ford Motor","F 250 Super Duty","Camiones ligeros","Pick Ups","IMPORTADO",66,54,"Cifras Revisadas"
"Registro Administrativo de la Industria Automotriz de Vehículos Ligeros. Venta de vehículos ","Nacional",2026,"03","Ford Motor","F-350","Camiones ligeros","Pick Ups","IMPORTADO",66,135,"Cifras Revisadas"
"Registro Administrativo de la Industria Automotriz de Vehículos Ligeros. Venta de vehículos ","Nacional",2026,"03","Ford Motor","F-450","Camiones ligeros","Pick Ups","IMPORTADO",66,50,"Cifras Revisadas"
"Registro Administrativo de la Industria Automotriz de Vehículos Ligeros. Venta de vehículos ","Nacional",2026,"03","Ford Motor","F-550","Camiones ligeros","Pick Ups","IMPORTADO",66,67,"Cifras Revisadas"
"Registro Administrativo de la Industria Automotriz de Vehículos Ligeros. Venta de vehículos ","Nacional",2026,"03","Ford Motor","Lobo Crew Cab","Camiones ligeros","Pick Ups","IMPORTADO",66,0,"Cifras Revisadas"
"Registro Administrativo de la Industria Automotriz de Vehículos Ligeros. Venta de vehículos ","Nacional",2026,"03","Ford Motor","Lobo Regular Cab","Camiones ligeros","Pick Ups","IMPORTADO",66,365,"Cifras Revisadas"
"Registro Administrativo de la Industria Automotriz de Vehículos Ligeros. Venta de vehículos ","Nacional",2026,"03","Ford Motor","Maverick","Camiones ligeros","Pick Ups","NACIONAL",1,265,"Cifras Revisadas"
"Registro Administrativo de la Industria Automotriz de Vehículos Ligeros. Venta de vehículos ","Nacional",2026,"03","Ford Motor","Mustang","Automóviles","Deportivos","IMPORTADO",66,43,"Cifras Revisadas"
"Registro Administrativo de la Industria Automotriz de Vehículos Ligeros. Venta de vehículos ","Nacional",2026,"03","Ford Motor","Mustang Mach-E","Camiones ligeros","SUV's","NACIONAL",1,13,"Cifras Revisadas"
"Registro Administrativo de la Industria Automotriz de Vehículos Ligeros. Venta de vehículos ","Nacional",2026,"03","Ford Motor","New F150 / F-150","Camiones ligeros","Pick Ups","IMPORTADO",66,265,"Cifras Revisadas"
"Registro Administrativo de la Industria Automotriz de Vehículos Ligeros. Venta de vehículos ","Nacional",2026,"03","Ford Motor","Ranger","Camiones ligeros","Pick Ups","IMPORTADO",12,656,"Cifras Revisadas"
"Registro Administrativo de la Industria Automotriz de Vehículos Ligeros. Venta de vehículos ","Nacional",2026,"03","Ford Motor","Territory","Camiones ligeros","SUV's","IMPORTADO",43,1301,"Cifras Revisadas"
"Registro Administrativo de la Industria Automotriz de Vehículos Ligeros. Venta de vehículos ","Nacional",2026,"03","Ford Motor","Transit","Camiones ligeros","SUV's","IMPORTADO",181,208,"Cifras Revisadas"
"Registro Administrativo de la Industria Automotriz de Vehículos Ligeros. Venta de vehículos ","Nacional",2026,"03","Foton","HI VAN EV","Camiones ligeros","SUV's","IMPORTADO",43,0,"Cifras Revisadas"
"Registro Administrativo de la Industria Automotriz de Vehículos Ligeros. Venta de vehículos ","Nacional",2026,"03","Foton","HI-VAN","Camiones ligeros","SUV's","IMPORTADO",43,32,"Cifras Revisadas"
"Registro Administrativo de la Industria Automotriz de Vehículos Ligeros. Venta de vehículos ","Nacional",2026,"03","Foton","MILER","Camiones ligeros","Pick Ups","IMPORTADO",43,0,"Cifras Revisadas"
"Registro Administrativo de la Industria Automotriz de Vehículos Ligeros. Venta de vehículos ","Nacional",2026,"03","Foton","S3","Camiones ligeros","Pick Ups","IMPORTADO",43,45,"Cifras Revisadas"
"Registro Administrativo de la Industria Automotriz de Vehículos Ligeros. Venta de vehículos ","Nacional",2026,"03","Foton","S3 EV","Camiones ligeros","Pick Ups","IMPORTADO",43,0,"Cifras Revisadas"
"Registro Administrativo de la Industria Automotriz de Vehículos Ligeros. Venta de vehículos ","Nacional",2026,"03","Foton","TM EV","Camiones ligeros","Pick Ups","IMPORTADO",43,0,"Cifras Revisadas"
"Registro Administrativo de la Industria Automotriz de Vehículos Ligeros. Venta de vehículos ","Nacional",2026,"03","Foton","TM 3","Camiones ligeros","Pick Ups","IMPORTADO",43,19,"Cifras Revisadas"
"Registro Administrativo de la Industria Automotriz de Vehículos Ligeros. Venta de vehículos ","Nacional",2026,"03","Foton","TUNLAND","Camiones ligeros","Pick Ups","IMPORTADO",43,121,"Cifras Revisadas"
"Registro Administrativo de la Industria Automotriz de Vehículos Ligeros. Venta de vehículos ","Nacional",2026,"03","Foton","Tunland EV","Camiones ligeros","Pick Ups","IMPORTADO",43,0,"Cifras Revisadas"
"Registro Administrativo de la Industria Automotriz de Vehículos Ligeros. Venta de vehículos ","Nacional",2026,"03","Foton","VIEW","Camiones ligeros","SUV's","IMPORTADO",43,4,"Cifras Revisadas"
"Registro Administrativo de la Industria Automotriz de Vehículos Ligeros. Venta de vehículos ","Nacional",2026,"03","Foton","VIEW EV","Camiones ligeros","SUV's","IMPORTADO",43,0,"Cifras Revisadas"
"Registro Administrativo de la Industria Automotriz de Vehículos Ligeros. Venta de vehículos ","Nacional",2026,"03","Foton","Wonder EV","Camiones ligeros","Pick Ups","IMPORTADO",43,0,"Cifras Revisadas"
"Registro Administrativo de la Industria Automotriz de Vehículos Ligeros. Venta de vehículos ","Nacional",2026,"03","Geely","Cityray","Camiones ligeros","SUV's","IMPORTADO",43,166,"Cifras Revisadas"
"Registro Administrativo de la Industria Automotriz de Vehículos Ligeros. Venta de vehículos ","Nacional",2026,"03","Geely","Coolray","Camiones ligeros","SUV's","IMPORTADO",43,484,"Cifras Revisadas"
"Registro Administrativo de la Industria Automotriz de Vehículos Ligeros. Venta de vehículos ","Nacional",2026,"03","Geely","Emgrand","Automóviles","Subcompactos","IMPORTADO",43,1292,"Cifras Revisadas"
"Registro Administrativo de la Industria Automotriz de Vehículos Ligeros. Venta de vehículos ","Nacional",2026,"03","Geely","EX2","Camiones ligeros","SUV's","IMPORTADO",43,987,"Cifras Revisadas"
"Registro Administrativo de la Industria Automotriz de Vehículos Ligeros. Venta de vehículos ","Nacional",2026,"03","Geely","EX5","Camiones ligeros","SUV's","IMPORTADO",43,15,"Cifras Revisadas"
"Registro Administrativo de la Industria Automotriz de Vehículos Ligeros. Venta de vehículos ","Nacional",2026,"03","Geely","EX5 EM-i","Camiones ligeros","SUV's","IMPORTADO",43,1096,"Cifras Revisadas"
"Registro Administrativo de la Industria Automotriz de Vehículos Ligeros. Venta de vehículos ","Nacional",2026,"03","Geely","Geometry C","Camiones ligeros","SUV's","IMPORTADO",43,0,"Cifras Revisadas"
"Registro Administrativo de la Industria Automotriz de Vehículos Ligeros. Venta de vehículos ","Nacional",2026,"03","Geely","Gx3 Pro","Camiones ligeros","SUV's","IMPORTADO",43,35,"Cifras Revisadas"
"Registro Administrativo de la Industria Automotriz de Vehículos Ligeros. Venta de vehículos ","Nacional",2026,"03","Geely","Monjaro","Camiones ligeros","SUV's","IMPORTADO",43,95,"Cifras Revisadas"
"Registro Administrativo de la Industria Automotriz de Vehículos Ligeros. Venta de vehículos ","Nacional",2026,"03","Geely","Okavango","Camiones ligeros","SUV's","IMPORTADO",43,4,"Cifras Revisadas"
"Registro Administrativo de la Industria Automotriz de Vehículos Ligeros. Venta de vehículos ","Nacional",2026,"03","Geely","Starray","Camiones ligeros","SUV's","IMPORTADO",43,45,"Cifras Revisadas"
"Registro Administrativo de la Industria Automotriz de Vehículos Ligeros. Venta de vehículos ","Nacional",2026,"03","General Motors","Acadia","Camiones ligeros","SUV's","IMPORTADO",66,55,"Cifras Revisadas"
"Registro Administrativo de la Industria Automotriz de Vehículos Ligeros. Venta de vehículos ","Nacional",2026,"03","General Motors","Ats 4p","Automóviles","De Lujo","IMPORTADO",66,0,"Cifras Revisadas"
"Registro Administrativo de la Industria Automotriz de Vehículos Ligeros. Venta de vehículos ","Nacional",2026,"03","General Motors","Avalanche UUV","Camiones ligeros","Pick Ups","NACIONAL",1,0,"Cifras Revisadas"
"Registro Administrativo de la Industria Automotriz de Vehículos Ligeros. Venta de vehículos ","Nacional",2026,"03","General Motors","Aveo","Automóviles","Subcompactos","IMPORTADO",43,6643,"Cifras Revisadas"
"Registro Administrativo de la Industria Automotriz de Vehículos Ligeros. Venta de vehículos ","Nacional",2026,"03","General Motors","Aveo-","Automóviles","Subcompactos","NACIONAL",1,0,"Cifras Revisadas"
"Registro Administrativo de la Industria Automotriz de Vehículos Ligeros. Venta de vehículos ","Nacional",2026,"03","General Motors","Aveo HB","Automóviles","Subcompactos","IMPORTADO",43,0,"Cifras Revisadas"
"Registro Administrativo de la Industria Automotriz de Vehículos Ligeros. Venta de vehículos ","Nacional",2026,"03","General Motors","Beat","Automóviles","Subcompactos","IMPORTADO",95,0,"Cifras Revisadas"
"Registro Administrativo de la Industria Automotriz de Vehículos Ligeros. Venta de vehículos ","Nacional",2026,"03","General Motors","Beat 4 PTAS.","Automóviles","Subcompactos","IMPORTADO",95,0,"Cifras Revisadas"
"Registro Administrativo de la Industria Automotriz de Vehículos Ligeros. Venta de vehículos ","Nacional",2026,"03","General Motors","Blazer","Camiones ligeros","SUV's","NACIONAL",1,21,"Cifras Revisadas"
"Registro Administrativo de la Industria Automotriz de Vehículos Ligeros. Venta de vehículos ","Nacional",2026,"03","General Motors","Blazer EV","Camiones ligeros","SUV's","NACIONAL",1,5,"Cifras Revisadas"
"Registro Administrativo de la Industria Automotriz de Vehículos Ligeros. Venta de vehículos ","Nacional",2026,"03","General Motors","Bolt","Automóviles","Subcompactos","IMPORTADO",66,0,"Cifras Revisadas"
"Registro Administrativo de la Industria Automotriz de Vehículos Ligeros. Venta de vehículos ","Nacional",2026,"03","General Motors","Bolt EUV","Camiones ligeros","SUV's","IMPORTADO",66,0,"Cifras Revisadas"
"Registro Administrativo de la Industria Automotriz de Vehículos Ligeros. Venta de vehículos ","Nacional",2026,"03","General Motors","Brightdrop","Camiones ligeros","Minivans","IMPORTADO",40,3,"Cifras Revisadas"
"Registro Administrativo de la Industria Automotriz de Vehículos Ligeros. Venta de vehículos ","Nacional",2026,"03","General Motors","Camaro","Automóviles","Deportivos","IMPORTADO",66,0,"Cifras Revisadas"
"Registro Administrativo de la Industria Automotriz de Vehículos Ligeros. Venta de vehículos ","Nacional",2026,"03","General Motors","Camaro Convertible","Automóviles","De Lujo","IMPORTADO",66,0,"Cifras Revisadas"
"Registro Administrativo de la Industria Automotriz de Vehículos Ligeros. Venta de vehículos ","Nacional",2026,"03","General Motors","Canyon Crew Cab 4x4","Camiones ligeros","Pick Ups","IMPORTADO",66,113,"Cifras Revisadas"
"Registro Administrativo de la Industria Automotriz de Vehículos Ligeros. Venta de vehículos ","Nacional",2026,"03","General Motors","Captiva Sport","Camiones ligeros","SUV's","NACIONAL",1,0,"Cifras Revisadas"
"Registro Administrativo de la Industria Automotriz de Vehículos Ligeros. Venta de vehículos ","Nacional",2026,"03","General Motors","Captiva SUV","Camiones ligeros","SUV's","IMPORTADO",43,1291,"Cifras Revisadas"
"Registro Administrativo de la Industria Automotriz de Vehículos Ligeros. Venta de vehículos ","Nacional",2026,"03","General Motors","Cavalier 4 Ptas","Automóviles","Compactos","IMPORTADO",43,15,"Cifras Revisadas"
"Registro Administrativo de la Industria Automotriz de Vehículos Ligeros. Venta de vehículos ","Nacional",2026,"03","General Motors","Chevrolet Express Cargo Van","Camiones ligeros","Minivans","IMPORTADO",66,0,"Cifras Revisadas"
"Registro Administrativo de la Industria Automotriz de Vehículos Ligeros. Venta de vehículos ","Nacional",2026,"03","General Motors","Chevrolet Express Cutaway","Camiones ligeros","Minivans","IMPORTADO",66,0,"Cifras Revisadas"
"Registro Administrativo de la Industria Automotriz de Vehículos Ligeros. Venta de vehículos ","Nacional",2026,"03","General Motors","Chevrolet Express MAX Cargo Van","Camiones ligeros","Minivans","IMPORTADO",43,62,"Cifras Revisadas"
"Registro Administrativo de la Industria Automotriz de Vehículos Ligeros. Venta de vehículos ","Nacional",2026,"03","General Motors","Chevrolet Express Passenger Van","Camiones ligeros","Minivans","IMPORTADO",66,0,"Cifras Revisadas"
"Registro Administrativo de la Industria Automotriz de Vehículos Ligeros. Venta de vehículos ","Nacional",2026,"03","General Motors","Chevy 3 Ptas","Automóviles","Subcompactos","NACIONAL",1,0,"Cifras Revisadas"
"Registro Administrativo de la Industria Automotriz de Vehículos Ligeros. Venta de vehículos ","Nacional",2026,"03","General Motors","Chevy 4 PTAS","Automóviles","Subcompactos","NACIONAL",1,0,"Cifras Revisadas"
"Registro Administrativo de la Industria Automotriz de Vehículos Ligeros. Venta de vehículos ","Nacional",2026,"03","General Motors","Cheyenne  Doble Cabina","Camiones ligeros","Pick Ups","NACIONAL",1,276,"Cifras Revisadas"
"Registro Administrativo de la Industria Automotriz de Vehículos Ligeros. Venta de vehículos ","Nacional",2026,"03","General Motors","Cheyenne Cabina Regular","Camiones ligeros","Pick Ups","NACIONAL",1,52,"Cifras Revisadas"
"Registro Administrativo de la Industria Automotriz de Vehículos Ligeros. Venta de vehículos ","Nacional",2026,"03","General Motors","Cheyenne Doble Cabina","Camiones ligeros","Pick Ups","IMPORTADO",66,0,"Cifras Revisadas"
"Registro Administrativo de la Industria Automotriz de Vehículos Ligeros. Venta de vehículos ","Nacional",2026,"03","General Motors","Colorado Doble Cabina","Camiones ligeros","Pick Ups","IMPORTADO",66,141,"Cifras Revisadas"
"Registro Administrativo de la Industria Automotriz de Vehículos Ligeros. Venta de vehículos ","Nacional",2026,"03","General Motors","Corvette","Automóviles","Deportivos","IMPORTADO",66,8,"Cifras Revisadas"
"Registro Administrativo de la Industria Automotriz de Vehículos Ligeros. Venta de vehículos ","Nacional",2026,"03","General Motors","Corvette 2  Pts. Convertible","Automóviles","De Lujo","IMPORTADO",66,3,"Cifras Revisadas"
"Registro Administrativo de la Industria Automotriz de Vehículos Ligeros. Venta de vehículos ","Nacional",2026,"03","General Motors","Cruze 4 PTAS-","Automóviles","Compactos","NACIONAL",1,0,"Cifras Revisadas"
"Registro Administrativo de la Industria Automotriz de Vehículos Ligeros. Venta de vehículos ","Nacional",2026,"03","General Motors","Cruze 4 Ptas","Automóviles","Compactos","IMPORTADO",48,0,"Cifras Revisadas"
"Registro Administrativo de la Industria Automotriz de Vehículos Ligeros. Venta de vehículos ","Nacional",2026,"03","General Motors","Cruze 5 Ptas","Automóviles","Compactos","NACIONAL",1,0,"Cifras Revisadas"
"Registro Administrativo de la Industria Automotriz de Vehículos Ligeros. Venta de vehículos ","Nacional",2026,"03","General Motors","Cts 2 Ptas","Automóviles","De Lujo","IMPORTADO",66,0,"Cifras Revisadas"
"Registro Administrativo de la Industria Automotriz de Vehículos Ligeros. Venta de vehículos ","Nacional",2026,"03","General Motors","Cts 4 Ptas","Automóviles","De Lujo","IMPORTADO",66,0,"Cifras Revisadas"
"Registro Administrativo de la Industria Automotriz de Vehículos Ligeros. Venta de vehículos ","Nacional",2026,"03","General Motors","Enclave","Camiones ligeros","SUV's","IMPORTADO",66,43,"Cifras Revisadas"
"Registro Administrativo de la Industria Automotriz de Vehículos Ligeros. Venta de vehículos ","Nacional",2026,"03","General Motors","Encore","Camiones ligeros","SUV's","IMPORTADO",48,42,"Cifras Revisadas"
"Registro Administrativo de la Industria Automotriz de Vehículos Ligeros. Venta de vehículos ","Nacional",2026,"03","General Motors","Envision SUV","Camiones ligeros","SUV's","IMPORTADO",43,27,"Cifras Revisadas"
"Registro Administrativo de la Industria Automotriz de Vehículos Ligeros. Venta de vehículos ","Nacional",2026,"03","General Motors","Envista SUV","Camiones ligeros","SUV's","IMPORTADO",48,85,"Cifras Revisadas"
"Registro Administrativo de la Industria Automotriz de Vehículos Ligeros. Venta de vehículos ","Nacional",2026,"03","General Motors","Epica","Automóviles","Compactos","IMPORTADO",48,0,"Cifras Revisadas"
"Registro Administrativo de la Industria Automotriz de Vehículos Ligeros. Venta de vehículos ","Nacional",2026,"03","General Motors","Equinox EV","Camiones ligeros","SUV's","NACIONAL",1,40,"Cifras Revisadas"
"Registro Administrativo de la Industria Automotriz de Vehículos Ligeros. Venta de vehículos ","Nacional",2026,"03","General Motors","Equinox SUV-","Camiones ligeros","SUV's","NACIONAL",1,0,"Cifras Revisadas"
"Registro Administrativo de la Industria Automotriz de Vehículos Ligeros. Venta de vehículos ","Nacional",2026,"03","General Motors","Equinox Suv","Camiones ligeros","SUV's","IMPORTADO",66,0,"Cifras Revisadas"
"Registro Administrativo de la Industria Automotriz de Vehículos Ligeros. Venta de vehículos ","Nacional",2026,"03","General Motors","Escalade ESV SUV AWD","Camiones ligeros","Minivans","IMPORTADO",66,53,"Cifras Revisadas"
"Registro Administrativo de la Industria Automotriz de Vehículos Ligeros. Venta de vehículos ","Nacional",2026,"03","General Motors","Escalade ESV SUV AWD","Camiones ligeros","Minivans","NACIONAL",1,0,"Cifras Revisadas"
"Registro Administrativo de la Industria Automotriz de Vehículos Ligeros. Venta de vehículos ","Nacional",2026,"03","General Motors","Escalade EXT UUV 4X4","Camiones ligeros","Minivans","NACIONAL",1,0,"Cifras Revisadas"
"Registro Administrativo de la Industria Automotriz de Vehículos Ligeros. Venta de vehículos ","Nacional",2026,"03","General Motors","Escalade IQ Suv","Camiones ligeros","SUV's","NACIONAL",1,6,"Cifras Revisadas"
"Registro Administrativo de la Industria Automotriz de Vehículos Ligeros. Venta de vehículos ","Nacional",2026,"03","General Motors","Escalade IQL Suv","Camiones ligeros","SUV's","NACIONAL",1,8,"Cifras Revisadas"
"Registro Administrativo de la Industria Automotriz de Vehículos Ligeros. Venta de vehículos ","Nacional",2026,"03","General Motors","Escalade Suv","Camiones ligeros","Minivans","IMPORTADO",66,34,"Cifras Revisadas"
"Registro Administrativo de la Industria Automotriz de Vehículos Ligeros. Venta de vehículos ","Nacional",2026,"03","General Motors","GMC Sierra Cabina Regular","Camiones ligeros","Pick Ups","IMPORTADO",66,0,"Cifras Revisadas"
"Registro Administrativo de la Industria Automotriz de Vehículos Ligeros. Venta de vehículos ","Nacional",2026,"03","General Motors","GMC Sierra Doble Cabina","Camiones ligeros","Pick Ups","NACIONAL",1,0,"Cifras Revisadas"
"Registro Administrativo de la Industria Automotriz de Vehículos Ligeros. Venta de vehículos ","Nacional",2026,"03","General Motors","Groove SUV","Camiones ligeros","SUV's","IMPORTADO",43,1862,"Cifras Revisadas"
"Registro Administrativo de la Industria Automotriz de Vehículos Ligeros. Venta de vehículos ","Nacional",2026,"03","General Motors","Hummer EV Pickup","Camiones ligeros","Pick Ups","IMPORTADO",66,10,"Cifras Revisadas"
"Registro Administrativo de la Industria Automotriz de Vehículos Ligeros. Venta de vehículos ","Nacional",2026,"03","General Motors","Hummer EV SUV","Camiones ligeros","SUV's","IMPORTADO",66,18,"Cifras Revisadas"
"Registro Administrativo de la Industria Automotriz de Vehículos Ligeros. Venta de vehículos ","Nacional",2026,"03","General Motors","Kodiak Chassis Cab Class 7 PBV33,000","Camiones ligeros","Pick Ups","NACIONAL",1,0,"Cifras Revisadas"
"Registro Administrativo de la Industria Automotriz de Vehículos Ligeros. Venta de vehículos ","Nacional",2026,"03","General Motors","Lacrosse","Automóviles","De Lujo","IMPORTADO",66,0,"Cifras Revisadas"
"Registro Administrativo de la Industria Automotriz de Vehículos Ligeros. Venta de vehículos ","Nacional",2026,"03","General Motors","Lyriq SUV ","Camiones ligeros","SUV's","IMPORTADO",66,5,"Cifras Revisadas"
"Registro Administrativo de la Industria Automotriz de Vehículos Ligeros. Venta de vehículos ","Nacional",2026,"03","General Motors","Malibu 4 Ptas","Automóviles","Compactos","IMPORTADO",66,0,"Cifras Revisadas"
"Registro Administrativo de la Industria Automotriz de Vehículos Ligeros. Venta de vehículos ","Nacional",2026,"03","General Motors","Matiz 5 Ptas","Automóviles","Subcompactos","IMPORTADO",48,0,"Cifras Revisadas"
"Registro Administrativo de la Industria Automotriz de Vehículos Ligeros. Venta de vehículos ","Nacional",2026,"03","General Motors","Montana Crew Cab","Camiones ligeros","Pick Ups","IMPORTADO",31,166,"Cifras Revisadas"
"Registro Administrativo de la Industria Automotriz de Vehículos Ligeros. Venta de vehículos ","Nacional",2026,"03","General Motors","Onix","Automóviles","Compactos","IMPORTADO",43,1562,"Cifras Revisadas"
"Registro Administrativo de la Industria Automotriz de Vehículos Ligeros. Venta de vehículos ","Nacional",2026,"03","General Motors","Onix","Automóviles","Compactos","NACIONAL",1,0,"Cifras Revisadas"
"Registro Administrativo de la Industria Automotriz de Vehículos Ligeros. Venta de vehículos ","Nacional",2026,"03","General Motors","Optiq","Camiones ligeros","SUV's","NACIONAL",1,13,"Cifras Revisadas"
"Registro Administrativo de la Industria Automotriz de Vehículos Ligeros. Venta de vehículos ","Nacional",2026,"03","General Motors","Regal","Automóviles","De Lujo","IMPORTADO",40,0,"Cifras Revisadas"
"Registro Administrativo de la Industria Automotriz de Vehículos Ligeros. Venta de vehículos ","Nacional",2026,"03","General Motors","Sierra Cabina Regular","Camiones ligeros","Pick Ups","NACIONAL",1,68,"Cifras Revisadas"
"Registro Administrativo de la Industria Automotriz de Vehículos Ligeros. Venta de vehículos ","Nacional",2026,"03","General Motors","Sierra Doble Cabina","Camiones ligeros","Pick Ups","IMPORTADO",66,16,"Cifras Revisadas"
"Registro Administrativo de la Industria Automotriz de Vehículos Ligeros. Venta de vehículos ","Nacional",2026,"03","General Motors","Sierra Doble Cabina","Camiones ligeros","Pick Ups","NACIONAL",1,113,"Cifras Revisadas"
"Registro Administrativo de la Industria Automotriz de Vehículos Ligeros. Venta de vehículos ","Nacional",2026,"03","General Motors","Silverado Cabina Regular","Camiones ligeros","Pick Ups","NACIONAL",1,33,"Cifras Revisadas"
"Registro Administrativo de la Industria Automotriz de Vehículos Ligeros. Venta de vehículos ","Nacional",2026,"03","General Motors","Silverado Doble Cabina","Camiones ligeros","Pick Ups","NACIONAL",1,152,"Cifras Revisadas"
"Registro Administrativo de la Industria Automotriz de Vehículos Ligeros. Venta de vehículos ","Nacional",2026,"03","General Motors","Silverado 1500 Cabina Regular","Camiones ligeros","Pick Ups","IMPORTADO",66,0,"Cifras Revisadas"
"Registro Administrativo de la Industria Automotriz de Vehículos Ligeros. Venta de vehículos ","Nacional",2026,"03","General Motors","Silverado 1500 Cabina Regular-","Camiones ligeros","Pick Ups","NACIONAL",1,0,"Cifras Revisadas"
"Registro Administrativo de la Industria Automotriz de Vehículos Ligeros. Venta de vehículos ","Nacional",2026,"03","General Motors","Silverado 2500 Cabina Extendida","Camiones ligeros","Pick Ups","IMPORTADO",66,0,"Cifras Revisadas"
"Registro Administrativo de la Industria Automotriz de Vehículos Ligeros. Venta de vehículos ","Nacional",2026,"03","General Motors","Silverado 2500 Cabina Regular","Camiones ligeros","Pick Ups","IMPORTADO",66,0,"Cifras Revisadas"
"Registro Administrativo de la Industria Automotriz de Vehículos Ligeros. Venta de vehículos ","Nacional",2026,"03","General Motors","Silverado 2500 Cabina Regular-","Camiones ligeros","Pick Ups","NACIONAL",1,0,"Cifras Revisadas"
"Registro Administrativo de la Industria Automotriz de Vehículos Ligeros. Venta de vehículos ","Nacional",2026,"03","General Motors","Silverado 2500 Doble Cabina-","Camiones ligeros","Pick Ups","NACIONAL",1,0,"Cifras Revisadas"
"Registro Administrativo de la Industria Automotriz de Vehículos Ligeros. Venta de vehículos ","Nacional",2026,"03","General Motors","Silverado 3500 Chassis Cab","Camiones ligeros","Pick Ups","NACIONAL",1,7,"Cifras Revisadas"
"Registro Administrativo de la Industria Automotriz de Vehículos Ligeros. Venta de vehículos ","Nacional",2026,"03","General Motors","Silverado 3500 HD Chassis Cab Heavy Duty","Camiones ligeros","Pick Ups","NACIONAL",1,0,"Cifras Revisadas"
"Registro Administrativo de la Industria Automotriz de Vehículos Ligeros. Venta de vehículos ","Nacional",2026,"03","General Motors","Sonic-","Automóviles","Subcompactos","NACIONAL",1,0,"Cifras Revisadas"
"Registro Administrativo de la Industria Automotriz de Vehículos Ligeros. Venta de vehículos ","Nacional",2026,"03","General Motors","Sonic 5 PTS","Automóviles","Subcompactos","IMPORTADO",66,0,"Cifras Revisadas"
"Registro Administrativo de la Industria Automotriz de Vehículos Ligeros. Venta de vehículos ","Nacional",2026,"03","General Motors","Sonic 5 PTS-","Automóviles","Subcompactos","NACIONAL",1,0,"Cifras Revisadas"
"Registro Administrativo de la Industria Automotriz de Vehículos Ligeros. Venta de vehículos ","Nacional",2026,"03","General Motors","Spark","Automóviles","Subcompactos","IMPORTADO",95,0,"Cifras Revisadas"
"Registro Administrativo de la Industria Automotriz de Vehículos Ligeros. Venta de vehículos ","Nacional",2026,"03","General Motors","Spark EUV 4 dr.","Camiones ligeros","SUV's","IMPORTADO",43,442,"Cifras Revisadas"
"Registro Administrativo de la Industria Automotriz de Vehículos Ligeros. Venta de vehículos ","Nacional",2026,"03","General Motors","Spark EV 5 Ptas.","Automóviles","Subcompactos","IMPORTADO",48,0,"Cifras Revisadas"
"Registro Administrativo de la Industria Automotriz de Vehículos Ligeros. Venta de vehículos ","Nacional",2026,"03","General Motors","Spark NG","Automóviles","Subcompactos","IMPORTADO",48,0,"Cifras Revisadas"
"Registro Administrativo de la Industria Automotriz de Vehículos Ligeros. Venta de vehículos ","Nacional",2026,"03","General Motors","SRX SUV-","Camiones ligeros","SUV's","NACIONAL",1,0,"Cifras Revisadas"
"Registro Administrativo de la Industria Automotriz de Vehículos Ligeros. Venta de vehículos ","Nacional",2026,"03","General Motors","Suburban Suv","Camiones ligeros","SUV's","IMPORTADO",66,124,"Cifras Revisadas"
"Registro Administrativo de la Industria Automotriz de Vehículos Ligeros. Venta de vehículos ","Nacional",2026,"03","General Motors","S10","Camiones ligeros","Pick Ups","IMPORTADO",31,1994,"Cifras Revisadas"
"Registro Administrativo de la Industria Automotriz de Vehículos Ligeros. Venta de vehículos ","Nacional",2026,"03","General Motors","S10 Max Cabina Regular","Camiones ligeros","Pick Ups","IMPORTADO",43,0,"Cifras Revisadas"
"Registro Administrativo de la Industria Automotriz de Vehículos Ligeros. Venta de vehículos ","Nacional",2026,"03","General Motors","S10 Max Chassis","Camiones ligeros","Pick Ups","IMPORTADO",43,0,"Cifras Revisadas"
"Registro Administrativo de la Industria Automotriz de Vehículos Ligeros. Venta de vehículos ","Nacional",2026,"03","General Motors","S10 Max Doble Cabina","Camiones ligeros","Pick Ups","IMPORTADO",43,0,"Cifras Revisadas"
"Registro Administrativo de la Industria Automotriz de Vehículos Ligeros. Venta de vehículos ","Nacional",2026,"03","General Motors","Tahoe","Camiones ligeros","SUV's","IMPORTADO",66,135,"Cifras Revisadas"
"Registro Administrativo de la Industria Automotriz de Vehículos Ligeros. Venta de vehículos ","Nacional",2026,"03","General Motors","Terrain SUV-","Camiones ligeros","SUV's","NACIONAL",1,182,"Cifras Revisadas"
"Registro Administrativo de la Industria Automotriz de Vehículos Ligeros. Venta de vehículos ","Nacional",2026,"03","General Motors","Terrain Suv","Camiones ligeros","SUV's","IMPORTADO",40,0,"Cifras Revisadas"
"Registro Administrativo de la Industria Automotriz de Vehículos Ligeros. Venta de vehículos ","Nacional",2026,"03","General Motors","Tornado Pickup","Camiones ligeros","Pick Ups","IMPORTADO",31,0,"Cifras Revisadas"
"Registro Administrativo de la Industria Automotriz de Vehículos Ligeros. Venta de vehículos ","Nacional",2026,"03","General Motors","Tornado Van","Camiones ligeros","Minivans","IMPORTADO",43,1078,"Cifras Revisadas"
"Registro Administrativo de la Industria Automotriz de Vehículos Ligeros. Venta de vehículos ","Nacional",2026,"03","General Motors","Tracker","Camiones ligeros","SUV's","IMPORTADO",31,135,"Cifras Revisadas"
"Registro Administrativo de la Industria Automotriz de Vehículos Ligeros. Venta de vehículos ","Nacional",2026,"03","General Motors","Traverse Suv","Camiones ligeros","SUV's","IMPORTADO",66,100,"Cifras Revisadas"
"Registro Administrativo de la Industria Automotriz de Vehículos Ligeros. Venta de vehículos ","Nacional",2026,"03","General Motors","Trax","Camiones ligeros","SUV's","NACIONAL",1,510,"Cifras Revisadas"
"Registro Administrativo de la Industria Automotriz de Vehículos Ligeros. Venta de vehículos ","Nacional",2026,"03","General Motors","Verano","Automóviles","De Lujo","IMPORTADO",66,0,"Cifras Revisadas"
"Registro Administrativo de la Industria Automotriz de Vehículos Ligeros. Venta de vehículos ","Nacional",2026,"03","General Motors","Volt 4 Ptas.","Automóviles","Subcompactos","IMPORTADO",66,0,"Cifras Revisadas"
"Registro Administrativo de la Industria Automotriz de Vehículos Ligeros. Venta de vehículos ","Nacional",2026,"03","General Motors","Xt4 Suv","Camiones ligeros","SUV's","IMPORTADO",66,10,"Cifras Revisadas"
"Registro Administrativo de la Industria Automotriz de Vehículos Ligeros. Venta de vehículos ","Nacional",2026,"03","General Motors","XT5 SUV","Camiones ligeros","SUV's","IMPORTADO",66,1,"Cifras Revisadas"
"Registro Administrativo de la Industria Automotriz de Vehículos Ligeros. Venta de vehículos ","Nacional",2026,"03","General Motors","Yukon Suv","Camiones ligeros","SUV's","IMPORTADO",66,45,"Cifras Revisadas"
"Registro Administrativo de la Industria Automotriz de Vehículos Ligeros. Venta de vehículos ","Nacional",2026,"03","General Motors","Yukon XL","Camiones ligeros","SUV's","IMPORTADO",66,44,"Cifras Revisadas"
"Registro Administrativo de la Industria Automotriz de Vehículos Ligeros. Venta de vehículos ","Nacional",2026,"03","Great Wall Motor","HAVAL H6","Camiones ligeros","SUV's","IMPORTADO",43,138,"Cifras Revisadas"
"Registro Administrativo de la Industria Automotriz de Vehículos Ligeros. Venta de vehículos ","Nacional",2026,"03","Great Wall Motor","HAVAL Jolion","Camiones ligeros","SUV's","IMPORTADO",43,738,"Cifras Revisadas"
"Registro Administrativo de la Industria Automotriz de Vehículos Ligeros. Venta de vehículos ","Nacional",2026,"03","Great Wall Motor","ORA 03","Automóviles","Subcompactos","IMPORTADO",43,4,"Cifras Revisadas"
"Registro Administrativo de la Industria Automotriz de Vehículos Ligeros. Venta de vehículos ","Nacional",2026,"03","Great Wall Motor","POER","Camiones ligeros","Pick Ups","IMPORTADO",43,224,"Cifras Revisadas"
"Registro Administrativo de la Industria Automotriz de Vehículos Ligeros. Venta de vehículos ","Nacional",2026,"03","Great Wall Motor","POER 500","Camiones ligeros","Pick Ups","IMPORTADO",43,13,"Cifras Revisadas"
"Registro Administrativo de la Industria Automotriz de Vehículos Ligeros. Venta de vehículos ","Nacional",2026,"03","Great Wall Motor","TANK 300","Camiones ligeros","SUV's","IMPORTADO",43,27,"Cifras Revisadas"
"Registro Administrativo de la Industria Automotriz de Vehículos Ligeros. Venta de vehículos ","Nacional",2026,"03","Great Wall Motor","TANK 500","Camiones ligeros","SUV's","IMPORTADO",43,14,"Cifras Revisadas"
"Registro Administrativo de la Industria Automotriz de Vehículos Ligeros. Venta de vehículos ","Nacional",2026,"03","Honda","Accord-","Automóviles","De Lujo","IMPORTADO",66,28,"Cifras Revisadas"
"Registro Administrativo de la Industria Automotriz de Vehículos Ligeros. Venta de vehículos ","Nacional",2026,"03","Honda","BR-V","Camiones ligeros","SUV's","IMPORTADO",214,347,"Cifras Revisadas"
"Registro Administrativo de la Industria Automotriz de Vehículos Ligeros. Venta de vehículos ","Nacional",2026,"03","Honda","Civic","Automóviles","Compactos","IMPORTADO",66,222,"Cifras Revisadas"
"Registro Administrativo de la Industria Automotriz de Vehículos Ligeros. Venta de vehículos ","Nacional",2026,"03","Honda","CR-V","Camiones ligeros","SUV's","IMPORTADO",66,1011,"Cifras Revisadas"
"Registro Administrativo de la Industria Automotriz de Vehículos Ligeros. Venta de vehículos ","Nacional",2026,"03","Honda","Honda City","Automóviles","Compactos","IMPORTADO",31,1024,"Cifras Revisadas"
"Registro Administrativo de la Industria Automotriz de Vehículos Ligeros. Venta de vehículos ","Nacional",2026,"03","Honda","Honda Pilot","Camiones ligeros","SUV's","IMPORTADO",66,199,"Cifras Revisadas"
"Registro Administrativo de la Industria Automotriz de Vehículos Ligeros. Venta de vehículos ","Nacional",2026,"03","Honda","HR-V-","Camiones ligeros","SUV's","NACIONAL",1,717,"Cifras Revisadas"
"Registro Administrativo de la Industria Automotriz de Vehículos Ligeros. Venta de vehículos ","Nacional",2026,"03","Honda","Insight Hybrid","Automóviles","Compactos","IMPORTADO",66,0,"Cifras Revisadas"
"Registro Administrativo de la Industria Automotriz de Vehículos Ligeros. Venta de vehículos ","Nacional",2026,"03","Honda","Odyssey","Camiones ligeros","Minivans","IMPORTADO",40,89,"Cifras Revisadas"
"Registro Administrativo de la Industria Automotriz de Vehículos Ligeros. Venta de vehículos ","Nacional",2026,"03","Honda","Prelude","Automóviles","Deportivos","IMPORTADO",126,26,"Cifras Revisadas"
"Registro Administrativo de la Industria Automotriz de Vehículos Ligeros. Venta de vehículos ","Nacional",2026,"03","Hyundai","Accent Hatchback","Automóviles","Subcompactos","NACIONAL",1,0,"Cifras Revisadas"
"Registro Administrativo de la Industria Automotriz de Vehículos Ligeros. Venta de vehículos ","Nacional",2026,"03","Hyundai","Accent Sedan","Automóviles","Subcompactos","NACIONAL",1,0,"Cifras Revisadas"
"Registro Administrativo de la Industria Automotriz de Vehículos Ligeros. Venta de vehículos ","Nacional",2026,"03","Hyundai","Creta","Camiones ligeros","SUV's","IMPORTADO",95,821,"Cifras Revisadas"
"Registro Administrativo de la Industria Automotriz de Vehículos Ligeros. Venta de vehículos ","Nacional",2026,"03","Hyundai","Elantra","Automóviles","Compactos","IMPORTADO",66,56,"Cifras Revisadas"
"Registro Administrativo de la Industria Automotriz de Vehículos Ligeros. Venta de vehículos ","Nacional",2026,"03","Hyundai","Genesis","Automóviles","De Lujo","IMPORTADO",48,0,"Cifras Revisadas"
"Registro Administrativo de la Industria Automotriz de Vehículos Ligeros. Venta de vehículos ","Nacional",2026,"03","Hyundai","Grand I10","Automóviles","Subcompactos","IMPORTADO",95,1782,"Cifras Revisadas"
"Registro Administrativo de la Industria Automotriz de Vehículos Ligeros. Venta de vehículos ","Nacional",2026,"03","Hyundai","Grand I10 Sedán","Automóviles","Subcompactos","IMPORTADO",95,1528,"Cifras Revisadas"
"Registro Administrativo de la Industria Automotriz de Vehículos Ligeros. Venta de vehículos ","Nacional",2026,"03","Hyundai","HB20 HATCHBACK","Automóviles","Compactos","IMPORTADO",31,17,"Cifras Revisadas"
"Registro Administrativo de la Industria Automotriz de Vehículos Ligeros. Venta de vehículos ","Nacional",2026,"03","Hyundai","HB20 SEDAN","Automóviles","Compactos","IMPORTADO",31,169,"Cifras Revisadas"
"Registro Administrativo de la Industria Automotriz de Vehículos Ligeros. Venta de vehículos ","Nacional",2026,"03","Hyundai","Ioniq","Automóviles","Compactos","IMPORTADO",48,0,"Cifras Revisadas"
"Registro Administrativo de la Industria Automotriz de Vehículos Ligeros. Venta de vehículos ","Nacional",2026,"03","Hyundai","Ioniq 5","Automóviles","Compactos","IMPORTADO",48,9,"Cifras Revisadas"
"Registro Administrativo de la Industria Automotriz de Vehículos Ligeros. Venta de vehículos ","Nacional",2026,"03","Hyundai","IX35","Camiones ligeros","SUV's","IMPORTADO",184,0,"Cifras Revisadas"
"Registro Administrativo de la Industria Automotriz de Vehículos Ligeros. Venta de vehículos ","Nacional",2026,"03","Hyundai","Palisade","Camiones ligeros","SUV's","IMPORTADO",48,7,"Cifras Revisadas"
"Registro Administrativo de la Industria Automotriz de Vehículos Ligeros. Venta de vehículos ","Nacional",2026,"03","Hyundai","Santa Fe","Camiones ligeros","SUV's","IMPORTADO",66,24,"Cifras Revisadas"
"Registro Administrativo de la Industria Automotriz de Vehículos Ligeros. Venta de vehículos ","Nacional",2026,"03","Hyundai","Santa FE 7 P","Camiones ligeros","SUV's","IMPORTADO",48,0,"Cifras Revisadas"
"Registro Administrativo de la Industria Automotriz de Vehículos Ligeros. Venta de vehículos ","Nacional",2026,"03","Hyundai","Sonata","Automóviles","Compactos","IMPORTADO",66,0,"Cifras Revisadas"
"Registro Administrativo de la Industria Automotriz de Vehículos Ligeros. Venta de vehículos ","Nacional",2026,"03","Hyundai","Starex","Camiones ligeros","Minivans","IMPORTADO",48,0,"Cifras Revisadas"
"Registro Administrativo de la Industria Automotriz de Vehículos Ligeros. Venta de vehículos ","Nacional",2026,"03","Hyundai","Tucson","Camiones ligeros","SUV's","IMPORTADO",184,317,"Cifras Revisadas"
"Registro Administrativo de la Industria Automotriz de Vehículos Ligeros. Venta de vehículos ","Nacional",2026,"03","Hyundai","Veloster","Automóviles","Deportivos","IMPORTADO",48,0,"Cifras Revisadas"
"Registro Administrativo de la Industria Automotriz de Vehículos Ligeros. Venta de vehículos ","Nacional",2026,"03","Infiniti","Infiniti","Automóviles","De Lujo","IMPORTADO",126,0,"Cifras Revisadas"
"Registro Administrativo de la Industria Automotriz de Vehículos Ligeros. Venta de vehículos ","Nacional",2026,"03","Infiniti","QX30","Automóviles","De Lujo","IMPORTADO",181,0,"Cifras Revisadas"
"Registro Administrativo de la Industria Automotriz de Vehículos Ligeros. Venta de vehículos ","Nacional",2026,"03","Infiniti","QX50","Camiones ligeros","SUV's","NACIONAL",1,23,"Cifras Revisadas"
"Registro Administrativo de la Industria Automotriz de Vehículos Ligeros. Venta de vehículos ","Nacional",2026,"03","Infiniti","QX55","Camiones ligeros","SUV's","NACIONAL",1,13,"Cifras Revisadas"
"Registro Administrativo de la Industria Automotriz de Vehículos Ligeros. Venta de vehículos ","Nacional",2026,"03","Infiniti","QX60","Camiones ligeros","SUV's","IMPORTADO",126,79,"Cifras Revisadas"
"Registro Administrativo de la Industria Automotriz de Vehículos Ligeros. Venta de vehículos ","Nacional",2026,"03","Infiniti","QX70","Camiones ligeros","SUV's","IMPORTADO",126,0,"Cifras Revisadas"
"Registro Administrativo de la Industria Automotriz de Vehículos Ligeros. Venta de vehículos ","Nacional",2026,"03","Infiniti","QX80","Camiones ligeros","SUV's","IMPORTADO",126,18,"Cifras Revisadas"
"Registro Administrativo de la Industria Automotriz de Vehículos Ligeros. Venta de vehículos ","Nacional",2026,"03","Infiniti","Q50","Automóviles","De Lujo","IMPORTADO",126,0,"Cifras Revisadas"
"Registro Administrativo de la Industria Automotriz de Vehículos Ligeros. Venta de vehículos ","Nacional",2026,"03","Infiniti","Q60","Automóviles","De Lujo","IMPORTADO",126,0,"Cifras Revisadas"
"Registro Administrativo de la Industria Automotriz de Vehículos Ligeros. Venta de vehículos ","Nacional",2026,"03","Infiniti","Q70","Automóviles","De Lujo","IMPORTADO",126,0,"Cifras Revisadas"
"Registro Administrativo de la Industria Automotriz de Vehículos Ligeros. Venta de vehículos ","Nacional",2026,"03","Isuzu","ELF 200","Camiones ligeros","Pick Ups","IMPORTADO",126,59,"Cifras Revisadas"
"Registro Administrativo de la Industria Automotriz de Vehículos Ligeros. Venta de vehículos ","Nacional",2026,"03","Isuzu","ELF 300","Camiones ligeros","Pick Ups","IMPORTADO",126,114,"Cifras Revisadas"
"Registro Administrativo de la Industria Automotriz de Vehículos Ligeros. Venta de vehículos ","Nacional",2026,"03","Isuzu","ELF 350","Camiones ligeros","Pick Ups","IMPORTADO",126,27,"Cifras Revisadas"
"Registro Administrativo de la Industria Automotriz de Vehículos Ligeros. Venta de vehículos ","Nacional",2026,"03","Isuzu","ELF100","Camiones ligeros","Pick Ups","IMPORTADO",126,74,"Cifras Revisadas"
"Registro Administrativo de la Industria Automotriz de Vehículos Ligeros. Venta de vehículos ","Nacional",2026,"03","JAC","E Frison T8","Camiones ligeros","Pick Ups","NACIONAL",1,9,"Cifras Revisadas"
"Registro Administrativo de la Industria Automotriz de Vehículos Ligeros. Venta de vehículos ","Nacional",2026,"03","JAC","E 10X","Automóviles","Compactos","NACIONAL",1,32,"Cifras Revisadas"
"Registro Administrativo de la Industria Automotriz de Vehículos Ligeros. Venta de vehículos ","Nacional",2026,"03","JAC","E 30x","Automóviles","Subcompactos","NACIONAL",1,9,"Cifras Revisadas"
"Registro Administrativo de la Industria Automotriz de Vehículos Ligeros. Venta de vehículos ","Nacional",2026,"03","JAC","Frison","Camiones ligeros","Pick Ups","NACIONAL",1,791,"Cifras Revisadas"
"Registro Administrativo de la Industria Automotriz de Vehículos Ligeros. Venta de vehículos ","Nacional",2026,"03","JAC","JAC2","Camiones ligeros","SUV's","NACIONAL",1,142,"Cifras Revisadas"
"Registro Administrativo de la Industria Automotriz de Vehículos Ligeros. Venta de vehículos ","Nacional",2026,"03","JAC","JAC4","Camiones ligeros","SUV's","NACIONAL",1,163,"Cifras Revisadas"
"Registro Administrativo de la Industria Automotriz de Vehículos Ligeros. Venta de vehículos ","Nacional",2026,"03","JAC","JAC6","Camiones ligeros","SUV's","NACIONAL",1,83,"Cifras Revisadas"
"Registro Administrativo de la Industria Automotriz de Vehículos Ligeros. Venta de vehículos ","Nacional",2026,"03","JAC","JAC8","Camiones ligeros","SUV's","NACIONAL",1,259,"Cifras Revisadas"
"Registro Administrativo de la Industria Automotriz de Vehículos Ligeros. Venta de vehículos ","Nacional",2026,"03","JAC","J7","Automóviles","Compactos","NACIONAL",1,3,"Cifras Revisadas"
"Registro Administrativo de la Industria Automotriz de Vehículos Ligeros. Venta de vehículos ","Nacional",2026,"03","JAC","Sei2","Camiones ligeros","SUV's","NACIONAL",1,48,"Cifras Revisadas"
"Registro Administrativo de la Industria Automotriz de Vehículos Ligeros. Venta de vehículos ","Nacional",2026,"03","JAC","Sei4 Pro","Camiones ligeros","SUV's","NACIONAL",1,2,"Cifras Revisadas"
"Registro Administrativo de la Industria Automotriz de Vehículos Ligeros. Venta de vehículos ","Nacional",2026,"03","JAC","Sei6 Pro","Camiones ligeros","SUV's","NACIONAL",1,1,"Cifras Revisadas"
"Registro Administrativo de la Industria Automotriz de Vehículos Ligeros. Venta de vehículos ","Nacional",2026,"03","JAC","SUNRAY","Camiones ligeros","Minivans","NACIONAL",1,274,"Cifras Revisadas"
"Registro Administrativo de la Industria Automotriz de Vehículos Ligeros. Venta de vehículos ","Nacional",2026,"03","JAC","Sunray City","Camiones ligeros","Minivans","NACIONAL",1,70,"Cifras Revisadas"
"Registro Administrativo de la Industria Automotriz de Vehículos Ligeros. Venta de vehículos ","Nacional",2026,"03","JAC","Traveler","Automóviles","Compactos","NACIONAL",1,22,"Cifras Revisadas"
"Registro Administrativo de la Industria Automotriz de Vehículos Ligeros. Venta de vehículos ","Nacional",2026,"03","JAC","X 200","Camiones ligeros","Pick Ups","NACIONAL",1,33,"Cifras Revisadas"
"Registro Administrativo de la Industria Automotriz de Vehículos Ligeros. Venta de vehículos ","Nacional",2026,"03","JAC","X350","Camiones ligeros","Pick Ups","NACIONAL",1,94,"Cifras Revisadas"
"Registro Administrativo de la Industria Automotriz de Vehículos Ligeros. Venta de vehículos ","Nacional",2026,"03","Jetour Soueast","Dashing","Camiones ligeros","SUV's","IMPORTADO",43,77,"Cifras Revisadas"
"Registro Administrativo de la Industria Automotriz de Vehículos Ligeros. Venta de vehículos ","Nacional",2026,"03","Jetour Soueast","S06 i-DM","Camiones ligeros","SUV's","IMPORTADO",43,59,"Cifras Revisadas"
"Registro Administrativo de la Industria Automotriz de Vehículos Ligeros. Venta de vehículos ","Nacional",2026,"03","Jetour Soueast","S07","Camiones ligeros","SUV's","IMPORTADO",43,11,"Cifras Revisadas"
"Registro Administrativo de la Industria Automotriz de Vehículos Ligeros. Venta de vehículos ","Nacional",2026,"03","Jetour Soueast","S09","Camiones ligeros","SUV's","IMPORTADO",43,10,"Cifras Revisadas"
"Registro Administrativo de la Industria Automotriz de Vehículos Ligeros. Venta de vehículos ","Nacional",2026,"03","Jetour Soueast","T1","Camiones ligeros","SUV's","IMPORTADO",43,54,"Cifras Revisadas"
"Registro Administrativo de la Industria Automotriz de Vehículos Ligeros. Venta de vehículos ","Nacional",2026,"03","Jetour Soueast","T1 i-DM","Camiones ligeros","SUV's","IMPORTADO",43,61,"Cifras Revisadas"
"Registro Administrativo de la Industria Automotriz de Vehículos Ligeros. Venta de vehículos ","Nacional",2026,"03","Jetour Soueast","T2","Camiones ligeros","SUV's","IMPORTADO",43,91,"Cifras Revisadas"
"Registro Administrativo de la Industria Automotriz de Vehículos Ligeros. Venta de vehículos ","Nacional",2026,"03","Jetour Soueast","T2 i-DM","Camiones ligeros","SUV's","IMPORTADO",43,89,"Cifras Revisadas"
"Registro Administrativo de la Industria Automotriz de Vehículos Ligeros. Venta de vehículos ","Nacional",2026,"03","Jetour Soueast","X70","Camiones ligeros","SUV's","IMPORTADO",43,10,"Cifras Revisadas"
"Registro Administrativo de la Industria Automotriz de Vehículos Ligeros. Venta de vehículos ","Nacional",2026,"03","Jetour Soueast","X70 Plus","Camiones ligeros","SUV's","IMPORTADO",43,3,"Cifras Revisadas"
"Registro Administrativo de la Industria Automotriz de Vehículos Ligeros. Venta de vehículos ","Nacional",2026,"03","KIA","EV6","Camiones ligeros","SUV's","IMPORTADO",48,9,"Cifras Revisadas"
"Registro Administrativo de la Industria Automotriz de Vehículos Ligeros. Venta de vehículos ","Nacional",2026,"03","KIA","KIA K3 Hatchback","Automóviles","Subcompactos","NACIONAL",1,697,"Cifras Revisadas"
"Registro Administrativo de la Industria Automotriz de Vehículos Ligeros. Venta de vehículos ","Nacional",2026,"03","KIA","KIA K3 Sedán","Automóviles","Subcompactos","NACIONAL",1,4013,"Cifras Revisadas"
"Registro Administrativo de la Industria Automotriz de Vehículos Ligeros. Venta de vehículos ","Nacional",2026,"03","KIA","KIA Niro","Camiones ligeros","SUV's","IMPORTADO",48,127,"Cifras Revisadas"
"Registro Administrativo de la Industria Automotriz de Vehículos Ligeros. Venta de vehículos ","Nacional",2026,"03","KIA","K4 Hatchback","Automóviles","Compactos","NACIONAL",1,117,"Cifras Revisadas"
"Registro Administrativo de la Industria Automotriz de Vehículos Ligeros. Venta de vehículos ","Nacional",2026,"03","KIA","K4 Sedán","Automóviles","Compactos","NACIONAL",1,933,"Cifras Revisadas"
"Registro Administrativo de la Industria Automotriz de Vehículos Ligeros. Venta de vehículos ","Nacional",2026,"03","KIA","Seltos","Camiones ligeros","SUV's","IMPORTADO",95,0,"Cifras Revisadas"
"Registro Administrativo de la Industria Automotriz de Vehículos Ligeros. Venta de vehículos ","Nacional",2026,"03","KIA","Seltos-","Camiones ligeros","SUV's","IMPORTADO",43,1340,"Cifras Revisadas"
"Registro Administrativo de la Industria Automotriz de Vehículos Ligeros. Venta de vehículos ","Nacional",2026,"03","KIA","Sonet","Camiones ligeros","SUV's","IMPORTADO",43,1122,"Cifras Revisadas"
"Registro Administrativo de la Industria Automotriz de Vehículos Ligeros. Venta de vehículos ","Nacional",2026,"03","KIA","Sorento","Camiones ligeros","SUV's","IMPORTADO",66,116,"Cifras Revisadas"
"Registro Administrativo de la Industria Automotriz de Vehículos Ligeros. Venta de vehículos ","Nacional",2026,"03","KIA","SPORTAGE","Camiones ligeros","SUV's","IMPORTADO",48,335,"Cifras Revisadas"
"Registro Administrativo de la Industria Automotriz de Vehículos Ligeros. Venta de vehículos ","Nacional",2026,"03","KIA","Sportage HEV","Camiones ligeros","SUV's","IMPORTADO",48,380,"Cifras Revisadas"
"Registro Administrativo de la Industria Automotriz de Vehículos Ligeros. Venta de vehículos ","Nacional",2026,"03","KIA","Telluride","Camiones ligeros","SUV's","IMPORTADO",66,14,"Cifras Revisadas"
"Registro Administrativo de la Industria Automotriz de Vehículos Ligeros. Venta de vehículos ","Nacional",2026,"03","Land Rover","Defender","Camiones ligeros","SUV's","IMPORTADO",181,63,"Cifras Revisadas"
"Registro Administrativo de la Industria Automotriz de Vehículos Ligeros. Venta de vehículos ","Nacional",2026,"03","Land Rover","Discovery","Automóviles","De Lujo","IMPORTADO",181,0,"Cifras Revisadas"
"Registro Administrativo de la Industria Automotriz de Vehículos Ligeros. Venta de vehículos ","Nacional",2026,"03","Land Rover","Discovery Sport","Automóviles","De Lujo","IMPORTADO",181,7,"Cifras Revisadas"
"Registro Administrativo de la Industria Automotriz de Vehículos Ligeros. Venta de vehículos ","Nacional",2026,"03","Land Rover","Range Rover","Automóviles","De Lujo","IMPORTADO",181,17,"Cifras Revisadas"
"Registro Administrativo de la Industria Automotriz de Vehículos Ligeros. Venta de vehículos ","Nacional",2026,"03","Land Rover","Range Rover Evoque","Automóviles","De Lujo","IMPORTADO",181,35,"Cifras Revisadas"
"Registro Administrativo de la Industria Automotriz de Vehículos Ligeros. Venta de vehículos ","Nacional",2026,"03","Land Rover","Range Rover Sport","Camiones ligeros","SUV's","IMPORTADO",181,65,"Cifras Revisadas"
"Registro Administrativo de la Industria Automotriz de Vehículos Ligeros. Venta de vehículos ","Nacional",2026,"03","Land Rover","Range Rover Velar","Automóviles","De Lujo","IMPORTADO",181,16,"Cifras Revisadas"
"Registro Administrativo de la Industria Automotriz de Vehículos Ligeros. Venta de vehículos ","Nacional",2026,"03","Lexus","ES","Automóviles","De Lujo","IMPORTADO",66,0,"Cifras Revisadas"
"Registro Administrativo de la Industria Automotriz de Vehículos Ligeros. Venta de vehículos ","Nacional",2026,"03","Lexus","GX","Camiones ligeros","SUV's","IMPORTADO",126,20,"Cifras Revisadas"
"Registro Administrativo de la Industria Automotriz de Vehículos Ligeros. Venta de vehículos ","Nacional",2026,"03","Lexus","IS","Automóviles","De Lujo","IMPORTADO",126,16,"Cifras Revisadas"
"Registro Administrativo de la Industria Automotriz de Vehículos Ligeros. Venta de vehículos ","Nacional",2026,"03","Lexus","LC","Automóviles","De Lujo","IMPORTADO",126,0,"Cifras Revisadas"
"Registro Administrativo de la Industria Automotriz de Vehículos Ligeros. Venta de vehículos ","Nacional",2026,"03","Lexus","LS","Automóviles","De Lujo","IMPORTADO",126,0,"Cifras Revisadas"
"Registro Administrativo de la Industria Automotriz de Vehículos Ligeros. Venta de vehículos ","Nacional",2026,"03","Lexus","LX","Camiones ligeros","SUV's","IMPORTADO",126,9,"Cifras Revisadas"
"Registro Administrativo de la Industria Automotriz de Vehículos Ligeros. Venta de vehículos ","Nacional",2026,"03","Lexus","NX","Camiones ligeros","SUV's","IMPORTADO",40,81,"Cifras Revisadas"
"Registro Administrativo de la Industria Automotriz de Vehículos Ligeros. Venta de vehículos ","Nacional",2026,"03","Lexus","RX","Camiones ligeros","SUV's","IMPORTADO",40,69,"Cifras Revisadas"
"Registro Administrativo de la Industria Automotriz de Vehículos Ligeros. Venta de vehículos ","Nacional",2026,"03","Lexus","TX","Camiones ligeros","SUV's","IMPORTADO",66,6,"Cifras Revisadas"
"Registro Administrativo de la Industria Automotriz de Vehículos Ligeros. Venta de vehículos ","Nacional",2026,"03","Lexus","UX","Camiones ligeros","SUV's","IMPORTADO",126,23,"Cifras Revisadas"
"Registro Administrativo de la Industria Automotriz de Vehículos Ligeros. Venta de vehículos ","Nacional",2026,"03","Lincoln","AVIATOR","Camiones ligeros","SUV's","IMPORTADO",66,3,"Cifras Revisadas"
"Registro Administrativo de la Industria Automotriz de Vehículos Ligeros. Venta de vehículos ","Nacional",2026,"03","Lincoln","Corsair","Camiones ligeros","SUV's","IMPORTADO",40,10,"Cifras Revisadas"
"Registro Administrativo de la Industria Automotriz de Vehículos Ligeros. Venta de vehículos ","Nacional",2026,"03","Lincoln","NAUTILUS","Automóviles","De Lujo","IMPORTADO",66,75,"Cifras Revisadas"
"Registro Administrativo de la Industria Automotriz de Vehículos Ligeros. Venta de vehículos ","Nacional",2026,"03","Lincoln","Navigator","Camiones ligeros","Minivans","IMPORTADO",66,56,"Cifras Revisadas"
"Registro Administrativo de la Industria Automotriz de Vehículos Ligeros. Venta de vehículos ","Nacional",2026,"03","Lynk&Co","01","Automóviles","De Lujo","IMPORTADO",43,23,"Cifras Revisadas"
"Registro Administrativo de la Industria Automotriz de Vehículos Ligeros. Venta de vehículos ","Nacional",2026,"03","Lynk&Co","02","Automóviles","De Lujo","IMPORTADO",43,33,"Cifras Revisadas"
"Registro Administrativo de la Industria Automotriz de Vehículos Ligeros. Venta de vehículos ","Nacional",2026,"03","Lynk&Co","08","Automóviles","De Lujo","IMPORTADO",43,138,"Cifras Revisadas"
"Registro Administrativo de la Industria Automotriz de Vehículos Ligeros. Venta de vehículos ","Nacional",2026,"03","Lynk&Co","09","Automóviles","De Lujo","IMPORTADO",43,9,"Cifras Revisadas"
"Registro Administrativo de la Industria Automotriz de Vehículos Ligeros. Venta de vehículos ","Nacional",2026,"03","Mazda","BT-50","Camiones ligeros","Pick Ups","IMPORTADO",214,184,"Cifras Revisadas"
"Registro Administrativo de la Industria Automotriz de Vehículos Ligeros. Venta de vehículos ","Nacional",2026,"03","Mazda","CX-3","Camiones ligeros","SUV's","IMPORTADO",126,0,"Cifras Revisadas"
"Registro Administrativo de la Industria Automotriz de Vehículos Ligeros. Venta de vehículos ","Nacional",2026,"03","Mazda","CX-3","Camiones ligeros","SUV's","NACIONAL",1,531,"Cifras Revisadas"
"Registro Administrativo de la Industria Automotriz de Vehículos Ligeros. Venta de vehículos ","Nacional",2026,"03","Mazda","CX-30","Camiones ligeros","SUV's","NACIONAL",1,2249,"Cifras Revisadas"
"Registro Administrativo de la Industria Automotriz de Vehículos Ligeros. Venta de vehículos ","Nacional",2026,"03","Mazda","CX-5","Camiones ligeros","SUV's","IMPORTADO",126,1570,"Cifras Revisadas"
"Registro Administrativo de la Industria Automotriz de Vehículos Ligeros. Venta de vehículos ","Nacional",2026,"03","Mazda","CX-50","Camiones ligeros","SUV's","IMPORTADO",66,168,"Cifras Revisadas"
"Registro Administrativo de la Industria Automotriz de Vehículos Ligeros. Venta de vehículos ","Nacional",2026,"03","Mazda","Cx-7","Camiones ligeros","SUV's","IMPORTADO",126,0,"Cifras Revisadas"
"Registro Administrativo de la Industria Automotriz de Vehículos Ligeros. Venta de vehículos ","Nacional",2026,"03","Mazda","CX-70","Camiones ligeros","SUV's","IMPORTADO",126,33,"Cifras Revisadas"
"Registro Administrativo de la Industria Automotriz de Vehículos Ligeros. Venta de vehículos ","Nacional",2026,"03","Mazda","CX-9","Camiones ligeros","SUV's","IMPORTADO",126,0,"Cifras Revisadas"
"Registro Administrativo de la Industria Automotriz de Vehículos Ligeros. Venta de vehículos ","Nacional",2026,"03","Mazda","CX-90","Camiones ligeros","SUV's","IMPORTADO",126,155,"Cifras Revisadas"
"Registro Administrativo de la Industria Automotriz de Vehículos Ligeros. Venta de vehículos ","Nacional",2026,"03","Mazda","Mazda 2","Automóviles","Subcompactos","IMPORTADO",126,0,"Cifras Revisadas"
"Registro Administrativo de la Industria Automotriz de Vehículos Ligeros. Venta de vehículos ","Nacional",2026,"03","Mazda","Mazda 2 Hatchback","Automóviles","Subcompactos","NACIONAL",1,305,"Cifras Revisadas"
"Registro Administrativo de la Industria Automotriz de Vehículos Ligeros. Venta de vehículos ","Nacional",2026,"03","Mazda","Mazda 2 Sedán","Automóviles","Subcompactos","NACIONAL",1,1330,"Cifras Revisadas"
"Registro Administrativo de la Industria Automotriz de Vehículos Ligeros. Venta de vehículos ","Nacional",2026,"03","Mazda","Mazda 3 Hatchback","Automóviles","Compactos","IMPORTADO",126,218,"Cifras Revisadas"
"Registro Administrativo de la Industria Automotriz de Vehículos Ligeros. Venta de vehículos ","Nacional",2026,"03","Mazda","Mazda 3 Hatchback","Automóviles","Compactos","NACIONAL",1,0,"Cifras Revisadas"
"Registro Administrativo de la Industria Automotriz de Vehículos Ligeros. Venta de vehículos ","Nacional",2026,"03","Mazda","Mazda 3 Sedán","Automóviles","Compactos","IMPORTADO",126,0,"Cifras Revisadas"
"Registro Administrativo de la Industria Automotriz de Vehículos Ligeros. Venta de vehículos ","Nacional",2026,"03","Mazda","Mazda 3 Sedán-","Automóviles","Compactos","NACIONAL",1,704,"Cifras Revisadas"
"Registro Administrativo de la Industria Automotriz de Vehículos Ligeros. Venta de vehículos ","Nacional",2026,"03","Mazda","Mazda 5","Automóviles","Compactos","IMPORTADO",126,0,"Cifras Revisadas"
"Registro Administrativo de la Industria Automotriz de Vehículos Ligeros. Venta de vehículos ","Nacional",2026,"03","Mazda","Mazda 6","Automóviles","De Lujo","IMPORTADO",126,0,"Cifras Revisadas"
"Registro Administrativo de la Industria Automotriz de Vehículos Ligeros. Venta de vehículos ","Nacional",2026,"03","Mazda","Mx-5","Automóviles","Deportivos","IMPORTADO",126,60,"Cifras Revisadas"
"Registro Administrativo de la Industria Automotriz de Vehículos Ligeros. Venta de vehículos ","Nacional",2026,"03","Mercedes Benz","AMG GT","Automóviles","De Lujo","IMPORTADO",4,3,"Cifras Revisadas"
"Registro Administrativo de la Industria Automotriz de Vehículos Ligeros. Venta de vehículos ","Nacional",2026,"03","Mercedes Benz","CLA","Automóviles","De Lujo","IMPORTADO",94,63,"Cifras Revisadas"
"Registro Administrativo de la Industria Automotriz de Vehículos Ligeros. Venta de vehículos ","Nacional",2026,"03","Mercedes Benz","Clase A hatchback","Automóviles","De Lujo","IMPORTADO",4,24,"Cifras Revisadas"
"Registro Administrativo de la Industria Automotriz de Vehículos Ligeros. Venta de vehículos ","Nacional",2026,"03","Mercedes Benz","Clase A Sedan","Automóviles","De Lujo","IMPORTADO",4,12,"Cifras Revisadas"
"Registro Administrativo de la Industria Automotriz de Vehículos Ligeros. Venta de vehículos ","Nacional",2026,"03","Mercedes Benz","Clase C coupe","Automóviles","De Lujo","IMPORTADO",4,0,"Cifras Revisadas"
"Registro Administrativo de la Industria Automotriz de Vehículos Ligeros. Venta de vehículos ","Nacional",2026,"03","Mercedes Benz","Clase C Sedan","Automóviles","De Lujo","IMPORTADO",4,28,"Cifras Revisadas"
"Registro Administrativo de la Industria Automotriz de Vehículos Ligeros. Venta de vehículos ","Nacional",2026,"03","Mercedes Benz","Clase E coupe","Automóviles","De Lujo","IMPORTADO",4,0,"Cifras Revisadas"
"Registro Administrativo de la Industria Automotriz de Vehículos Ligeros. Venta de vehículos ","Nacional",2026,"03","Mercedes Benz","Clase E sedan","Automóviles","De Lujo","IMPORTADO",4,16,"Cifras Revisadas"
"Registro Administrativo de la Industria Automotriz de Vehículos Ligeros. Venta de vehículos ","Nacional",2026,"03","Mercedes Benz","Clase G","Camiones ligeros","SUV's","IMPORTADO",17,41,"Cifras Revisadas"
"Registro Administrativo de la Industria Automotriz de Vehículos Ligeros. Venta de vehículos ","Nacional",2026,"03","Mercedes Benz","Clase GLE","Camiones ligeros","SUV's","IMPORTADO",66,153,"Cifras Revisadas"
"Registro Administrativo de la Industria Automotriz de Vehículos Ligeros. Venta de vehículos ","Nacional",2026,"03","Mercedes Benz","Clase GLS","Camiones ligeros","SUV's","IMPORTADO",66,25,"Cifras Revisadas"
"Registro Administrativo de la Industria Automotriz de Vehículos Ligeros. Venta de vehículos ","Nacional",2026,"03","Mercedes Benz","Clase S coupe","Automóviles","De Lujo","IMPORTADO",4,0,"Cifras Revisadas"
"Registro Administrativo de la Industria Automotriz de Vehículos Ligeros. Venta de vehículos ","Nacional",2026,"03","Mercedes Benz","Clase S sedan","Automóviles","De Lujo","IMPORTADO",4,6,"Cifras Revisadas"
"Registro Administrativo de la Industria Automotriz de Vehículos Ligeros. Venta de vehículos ","Nacional",2026,"03","Mercedes Benz","Clase SL","Automóviles","De Lujo","IMPORTADO",4,7,"Cifras Revisadas"
"Registro Administrativo de la Industria Automotriz de Vehículos Ligeros. Venta de vehículos ","Nacional",2026,"03","Mercedes Benz","Clase V","Camiones ligeros","SUV's","IMPORTADO",64,0,"Cifras Revisadas"
"Registro Administrativo de la Industria Automotriz de Vehículos Ligeros. Venta de vehículos ","Nacional",2026,"03","Mercedes Benz","CLE","Automóviles","De Lujo","IMPORTADO",4,16,"Cifras Revisadas"
"Registro Administrativo de la Industria Automotriz de Vehículos Ligeros. Venta de vehículos ","Nacional",2026,"03","Mercedes Benz","CLS","Automóviles","De Lujo","IMPORTADO",4,0,"Cifras Revisadas"
"Registro Administrativo de la Industria Automotriz de Vehículos Ligeros. Venta de vehículos ","Nacional",2026,"03","Mercedes Benz","EQA","Camiones ligeros","SUV's","IMPORTADO",4,0,"Cifras Revisadas"
"Registro Administrativo de la Industria Automotriz de Vehículos Ligeros. Venta de vehículos ","Nacional",2026,"03","Mercedes Benz","EQB","Camiones ligeros","SUV's","IMPORTADO",94,2,"Cifras Revisadas"
"Registro Administrativo de la Industria Automotriz de Vehículos Ligeros. Venta de vehículos ","Nacional",2026,"03","Mercedes Benz","EQC","Camiones ligeros","SUV's","IMPORTADO",4,0,"Cifras Revisadas"
"Registro Administrativo de la Industria Automotriz de Vehículos Ligeros. Venta de vehículos ","Nacional",2026,"03","Mercedes Benz","EQE","Automóviles","De Lujo","IMPORTADO",4,0,"Cifras Revisadas"
"Registro Administrativo de la Industria Automotriz de Vehículos Ligeros. Venta de vehículos ","Nacional",2026,"03","Mercedes Benz","EQE SUV","Camiones ligeros","SUV's","IMPORTADO",66,3,"Cifras Revisadas"
"Registro Administrativo de la Industria Automotriz de Vehículos Ligeros. Venta de vehículos ","Nacional",2026,"03","Mercedes Benz","EQS","Automóviles","De Lujo","IMPORTADO",4,1,"Cifras Revisadas"
"Registro Administrativo de la Industria Automotriz de Vehículos Ligeros. Venta de vehículos ","Nacional",2026,"03","Mercedes Benz","EQS SUV","Camiones ligeros","SUV's","IMPORTADO",66,2,"Cifras Revisadas"
"Registro Administrativo de la Industria Automotriz de Vehículos Ligeros. Venta de vehículos ","Nacional",2026,"03","Mercedes Benz","GLA","Camiones ligeros","SUV's","IMPORTADO",4,38,"Cifras Revisadas"
"Registro Administrativo de la Industria Automotriz de Vehículos Ligeros. Venta de vehículos ","Nacional",2026,"03","Mercedes Benz","GLB","Camiones ligeros","SUV's","NACIONAL",1,63,"Cifras Revisadas"
"Registro Administrativo de la Industria Automotriz de Vehículos Ligeros. Venta de vehículos ","Nacional",2026,"03","Mercedes Benz","GLC","Camiones ligeros","SUV's","IMPORTADO",4,152,"Cifras Revisadas"
"Registro Administrativo de la Industria Automotriz de Vehículos Ligeros. Venta de vehículos ","Nacional",2026,"03","Mercedes Benz","SLC","Automóviles","De Lujo","IMPORTADO",4,0,"Cifras Revisadas"
"Registro Administrativo de la Industria Automotriz de Vehículos Ligeros. Venta de vehículos ","Nacional",2026,"03","Mercedes Benz","Sprinter","Camiones ligeros","SUV's","IMPORTADO",4,166,"Cifras Revisadas"
"Registro Administrativo de la Industria Automotriz de Vehículos Ligeros. Venta de vehículos ","Nacional",2026,"03","Mercedes Benz","Vito","Camiones ligeros","SUV's","IMPORTADO",64,1,"Cifras Revisadas"
"Registro Administrativo de la Industria Automotriz de Vehículos Ligeros. Venta de vehículos ","Nacional",2026,"03","MG Motor","CYBERSTER","Automóviles","Deportivos","IMPORTADO",43,4,"Cifras Revisadas"
"Registro Administrativo de la Industria Automotriz de Vehículos Ligeros. Venta de vehículos ","Nacional",2026,"03","MG Motor","eHS","Camiones ligeros","SUV's","IMPORTADO",43,2,"Cifras Revisadas"
"Registro Administrativo de la Industria Automotriz de Vehículos Ligeros. Venta de vehículos ","Nacional",2026,"03","MG Motor","GT","Automóviles","Compactos","IMPORTADO",43,0,"Cifras Revisadas"
"Registro Administrativo de la Industria Automotriz de Vehículos Ligeros. Venta de vehículos ","Nacional",2026,"03","MG Motor","HS","Camiones ligeros","SUV's","IMPORTADO",43,133,"Cifras Revisadas"
"Registro Administrativo de la Industria Automotriz de Vehículos Ligeros. Venta de vehículos ","Nacional",2026,"03","MG Motor","HS PHEV","Camiones ligeros","SUV's","IMPORTADO",43,78,"Cifras Revisadas"
"Registro Administrativo de la Industria Automotriz de Vehículos Ligeros. Venta de vehículos ","Nacional",2026,"03","MG Motor","HSHEV","Camiones ligeros","SUV's","IMPORTADO",43,129,"Cifras Revisadas"
"Registro Administrativo de la Industria Automotriz de Vehículos Ligeros. Venta de vehículos ","Nacional",2026,"03","MG Motor","IMLS7","Camiones ligeros","SUV's","IMPORTADO",43,11,"Cifras Revisadas"
"Registro Administrativo de la Industria Automotriz de Vehículos Ligeros. Venta de vehículos ","Nacional",2026,"03","MG Motor","MG One","Camiones ligeros","SUV's","IMPORTADO",43,0,"Cifras Revisadas"
"Registro Administrativo de la Industria Automotriz de Vehículos Ligeros. Venta de vehículos ","Nacional",2026,"03","MG Motor","MG3","Automóviles","Subcompactos","IMPORTADO",43,883,"Cifras Revisadas"
"Registro Administrativo de la Industria Automotriz de Vehículos Ligeros. Venta de vehículos ","Nacional",2026,"03","MG Motor","MG3HEV","Automóviles","Subcompactos","IMPORTADO",43,147,"Cifras Revisadas"
"Registro Administrativo de la Industria Automotriz de Vehículos Ligeros. Venta de vehículos ","Nacional",2026,"03","MG Motor","MG4","Automóviles","Subcompactos","IMPORTADO",43,76,"Cifras Revisadas"
"Registro Administrativo de la Industria Automotriz de Vehículos Ligeros. Venta de vehículos ","Nacional",2026,"03","MG Motor","MG5","Automóviles","Compactos","IMPORTADO",43,2553,"Cifras Revisadas"
"Registro Administrativo de la Industria Automotriz de Vehículos Ligeros. Venta de vehículos ","Nacional",2026,"03","MG Motor","MG7","Automóviles","De Lujo","IMPORTADO",43,97,"Cifras Revisadas"
"Registro Administrativo de la Industria Automotriz de Vehículos Ligeros. Venta de vehículos ","Nacional",2026,"03","MG Motor","RX5","Camiones ligeros","SUV's","IMPORTADO",43,99,"Cifras Revisadas"
"Registro Administrativo de la Industria Automotriz de Vehículos Ligeros. Venta de vehículos ","Nacional",2026,"03","MG Motor","RX8","Camiones ligeros","SUV's","IMPORTADO",43,1,"Cifras Revisadas"
"Registro Administrativo de la Industria Automotriz de Vehículos Ligeros. Venta de vehículos ","Nacional",2026,"03","MG Motor","RX9","Camiones ligeros","SUV's","IMPORTADO",43,103,"Cifras Revisadas"
"Registro Administrativo de la Industria Automotriz de Vehículos Ligeros. Venta de vehículos ","Nacional",2026,"03","MG Motor","ZS","Camiones ligeros","SUV's","IMPORTADO",43,620,"Cifras Revisadas"
"Registro Administrativo de la Industria Automotriz de Vehículos Ligeros. Venta de vehículos ","Nacional",2026,"03","MG Motor","ZSEV","Camiones ligeros","SUV's","IMPORTADO",43,0,"Cifras Revisadas"
"Registro Administrativo de la Industria Automotriz de Vehículos Ligeros. Venta de vehículos ","Nacional",2026,"03","MG Motor","ZSHEV","Camiones ligeros","SUV's","IMPORTADO",43,216,"Cifras Revisadas"
"Registro Administrativo de la Industria Automotriz de Vehículos Ligeros. Venta de vehículos ","Nacional",2026,"03","Mini","MINI Aceman","Automóviles","De Lujo","IMPORTADO",43,50,"Cifras Revisadas"
"Registro Administrativo de la Industria Automotriz de Vehículos Ligeros. Venta de vehículos ","Nacional",2026,"03","Mini","MINI CONVERTIBLE","Automóviles","De Lujo","IMPORTADO",181,19,"Cifras Revisadas"
"Registro Administrativo de la Industria Automotriz de Vehículos Ligeros. Venta de vehículos ","Nacional",2026,"03","Mini","MINI COUNTRYMAN","Camiones ligeros","SUV's","IMPORTADO",181,74,"Cifras Revisadas"
"Registro Administrativo de la Industria Automotriz de Vehículos Ligeros. Venta de vehículos ","Nacional",2026,"03","Mini","MINI Countryman E","Automóviles","De Lujo","IMPORTADO",4,15,"Cifras Revisadas"
"Registro Administrativo de la Industria Automotriz de Vehículos Ligeros. Venta de vehículos ","Nacional",2026,"03","Mini","MINI E","Automóviles","De Lujo","IMPORTADO",43,55,"Cifras Revisadas"
"Registro Administrativo de la Industria Automotriz de Vehículos Ligeros. Venta de vehículos ","Nacional",2026,"03","Mini","MINI 3 PTAS","Automóviles","De Lujo","IMPORTADO",181,56,"Cifras Revisadas"
"Registro Administrativo de la Industria Automotriz de Vehículos Ligeros. Venta de vehículos ","Nacional",2026,"03","Mini","MINI 5 PTAS","Automóviles","De Lujo","IMPORTADO",181,29,"Cifras Revisadas"
"Registro Administrativo de la Industria Automotriz de Vehículos Ligeros. Venta de vehículos ","Nacional",2026,"03","Mitsubishi","L200","Camiones ligeros","Pick Ups","IMPORTADO",214,1324,"Cifras Revisadas"
"Registro Administrativo de la Industria Automotriz de Vehículos Ligeros. Venta de vehículos ","Nacional",2026,"03","Mitsubishi","Mirage G4","Automóviles","Subcompactos","IMPORTADO",214,508,"Cifras Revisadas"
"Registro Administrativo de la Industria Automotriz de Vehículos Ligeros. Venta de vehículos ","Nacional",2026,"03","Mitsubishi","Montero Sport","Camiones ligeros","SUV's","IMPORTADO",214,10,"Cifras Revisadas"
"Registro Administrativo de la Industria Automotriz de Vehículos Ligeros. Venta de vehículos ","Nacional",2026,"03","Mitsubishi","Outlander","Camiones ligeros","SUV's","IMPORTADO",126,264,"Cifras Revisadas"
"Registro Administrativo de la Industria Automotriz de Vehículos Ligeros. Venta de vehículos ","Nacional",2026,"03","Mitsubishi","Outlander PHEV","Camiones ligeros","SUV's","IMPORTADO",126,49,"Cifras Revisadas"
"Registro Administrativo de la Industria Automotriz de Vehículos Ligeros. Venta de vehículos ","Nacional",2026,"03","Mitsubishi","Outlander Sport","Camiones ligeros","SUV's","IMPORTADO",96,834,"Cifras Revisadas"
"Registro Administrativo de la Industria Automotriz de Vehículos Ligeros. Venta de vehículos ","Nacional",2026,"03","Mitsubishi","Xpander","Camiones ligeros","SUV's","IMPORTADO",96,612,"Cifras Revisadas"
"Registro Administrativo de la Industria Automotriz de Vehículos Ligeros. Venta de vehículos ","Nacional",2026,"03","MOTORNATION","BAIC BJ20","Camiones ligeros","SUV's","NACIONAL",1,0,"Cifras Revisadas"
"Registro Administrativo de la Industria Automotriz de Vehículos Ligeros. Venta de vehículos ","Nacional",2026,"03","MOTORNATION","BAIC BJ40","Camiones ligeros","SUV's","IMPORTADO",43,2,"Cifras Revisadas"
"Registro Administrativo de la Industria Automotriz de Vehículos Ligeros. Venta de vehículos ","Nacional",2026,"03","MOTORNATION","BAIC D20","Automóviles","Subcompactos","NACIONAL",1,0,"Cifras Revisadas"
"Registro Administrativo de la Industria Automotriz de Vehículos Ligeros. Venta de vehículos ","Nacional",2026,"03","MOTORNATION","BAIC EU5","Automóviles","Compactos","IMPORTADO",43,0,"Cifras Revisadas"
"Registro Administrativo de la Industria Automotriz de Vehículos Ligeros. Venta de vehículos ","Nacional",2026,"03","MOTORNATION","BAIC M50S","Camiones ligeros","Minivans","IMPORTADO",43,0,"Cifras Revisadas"
"Registro Administrativo de la Industria Automotriz de Vehículos Ligeros. Venta de vehículos ","Nacional",2026,"03","MOTORNATION","BAIC U5","Automóviles","Compactos","IMPORTADO",43,4,"Cifras Revisadas"
"Registro Administrativo de la Industria Automotriz de Vehículos Ligeros. Venta de vehículos ","Nacional",2026,"03","MOTORNATION","BAIC X25","Automóviles","Subcompactos","NACIONAL",1,0,"Cifras Revisadas"
"Registro Administrativo de la Industria Automotriz de Vehículos Ligeros. Venta de vehículos ","Nacional",2026,"03","MOTORNATION","BAIC X30","Camiones ligeros","SUV's","IMPORTADO",43,0,"Cifras Revisadas"
"Registro Administrativo de la Industria Automotriz de Vehículos Ligeros. Venta de vehículos ","Nacional",2026,"03","MOTORNATION","BAIC X35","Camiones ligeros","SUV's","IMPORTADO",999,13,"Cifras Revisadas"
"Registro Administrativo de la Industria Automotriz de Vehículos Ligeros. Venta de vehículos ","Nacional",2026,"03","MOTORNATION","BAIC X55","Camiones ligeros","SUV's","IMPORTADO",43,1,"Cifras Revisadas"
"Registro Administrativo de la Industria Automotriz de Vehículos Ligeros. Venta de vehículos ","Nacional",2026,"03","MOTORNATION","BAIC X65","Camiones ligeros","SUV's","IMPORTADO",43,0,"Cifras Revisadas"
"Registro Administrativo de la Industria Automotriz de Vehículos Ligeros. Venta de vehículos ","Nacional",2026,"03","MOTORNATION","CHANGAN ALSVIN","Automóviles","Subcompactos","IMPORTADO",43,1,"Cifras Revisadas"
"Registro Administrativo de la Industria Automotriz de Vehículos Ligeros. Venta de vehículos ","Nacional",2026,"03","MOTORNATION","CHANGAN CS35PLUS","Camiones ligeros","SUV's","IMPORTADO",43,1,"Cifras Revisadas"
"Registro Administrativo de la Industria Automotriz de Vehículos Ligeros. Venta de vehículos ","Nacional",2026,"03","MOTORNATION","CHANGAN CS55PLUS","Camiones ligeros","SUV's","IMPORTADO",43,2,"Cifras Revisadas"
"Registro Administrativo de la Industria Automotriz de Vehículos Ligeros. Venta de vehículos ","Nacional",2026,"03","MOTORNATION","CHANGAN CS75PLUS","Camiones ligeros","SUV's","IMPORTADO",43,0,"Cifras Revisadas"
"Registro Administrativo de la Industria Automotriz de Vehículos Ligeros. Venta de vehículos ","Nacional",2026,"03","MOTORNATION","CHANGAN HUNTER","Camiones ligeros","Pick Ups","IMPORTADO",43,2,"Cifras Revisadas"
"Registro Administrativo de la Industria Automotriz de Vehículos Ligeros. Venta de vehículos ","Nacional",2026,"03","MOTORNATION","CHANGAN UNI-K ","Camiones ligeros","SUV's","IMPORTADO",43,16,"Cifras Revisadas"
"Registro Administrativo de la Industria Automotriz de Vehículos Ligeros. Venta de vehículos ","Nacional",2026,"03","MOTORNATION","CHANGAN UNI-T","Camiones ligeros","SUV's","IMPORTADO",43,0,"Cifras Revisadas"
"Registro Administrativo de la Industria Automotriz de Vehículos Ligeros. Venta de vehículos ","Nacional",2026,"03","MOTORNATION","DFSK EC35","Camiones ligeros","Minivans","IMPORTADO",43,0,"Cifras Revisadas"
"Registro Administrativo de la Industria Automotriz de Vehículos Ligeros. Venta de vehículos ","Nacional",2026,"03","MOTORNATION","DFSK E5","Camiones ligeros","SUV's","IMPORTADO",43,2,"Cifras Revisadas"
"Registro Administrativo de la Industria Automotriz de Vehículos Ligeros. Venta de vehículos ","Nacional",2026,"03","MOTORNATION","DFSK 500","Camiones ligeros","SUV's","IMPORTADO",43,0,"Cifras Revisadas"
"Registro Administrativo de la Industria Automotriz de Vehículos Ligeros. Venta de vehículos ","Nacional",2026,"03","MOTORNATION","DFSK 600","Camiones ligeros","SUV's","IMPORTADO",43,0,"Cifras Revisadas"
"Registro Administrativo de la Industria Automotriz de Vehículos Ligeros. Venta de vehículos ","Nacional",2026,"03","MOTORNATION","JMC EV-BLACK","Automóviles","Subcompactos","IMPORTADO",43,0,"Cifras Revisadas"
"Registro Administrativo de la Industria Automotriz de Vehículos Ligeros. Venta de vehículos ","Nacional",2026,"03","MOTORNATION","JMC GRAND AVENUE","Camiones ligeros","Pick Ups","IMPORTADO",43,49,"Cifras Revisadas"
"Registro Administrativo de la Industria Automotriz de Vehículos Ligeros. Venta de vehículos ","Nacional",2026,"03","MOTORNATION","JMC VIGUS","Camiones ligeros","Pick Ups","IMPORTADO",43,8,"Cifras Revisadas"
"Registro Administrativo de la Industria Automotriz de Vehículos Ligeros. Venta de vehículos ","Nacional",2026,"03","MOTORNATION","SERES 5 EV","Camiones ligeros","SUV's","IMPORTADO",43,0,"Cifras Revisadas"
"Registro Administrativo de la Industria Automotriz de Vehículos Ligeros. Venta de vehículos ","Nacional",2026,"03","MOTORNATION","SERES 5 MAX ","Camiones ligeros","Pick Ups","IMPORTADO",43,1,"Cifras Revisadas"
"Registro Administrativo de la Industria Automotriz de Vehículos Ligeros. Venta de vehículos ","Nacional",2026,"03","MOTORNATION","STAR TRUCK","Camiones ligeros","Pick Ups","IMPORTADO",43,0,"Cifras Revisadas"
"Registro Administrativo de la Industria Automotriz de Vehículos Ligeros. Venta de vehículos ","Nacional",2026,"03","Nissan","Altima","Automóviles","De Lujo","IMPORTADO",66,0,"Cifras Revisadas"
"Registro Administrativo de la Industria Automotriz de Vehículos Ligeros. Venta de vehículos ","Nacional",2026,"03","Nissan","Armada","Camiones ligeros","SUV's","IMPORTADO",66,0,"Cifras Revisadas"
"Registro Administrativo de la Industria Automotriz de Vehículos Ligeros. Venta de vehículos ","Nacional",2026,"03","Nissan","Cabstar Mediano","Camiones ligeros","Pick Ups","IMPORTADO",64,0,"Cifras Revisadas"
"Registro Administrativo de la Industria Automotriz de Vehículos Ligeros. Venta de vehículos ","Nacional",2026,"03","Nissan","Frontier V6","Camiones ligeros","Pick Ups","IMPORTADO",66,48,"Cifras Revisadas"
"Registro Administrativo de la Industria Automotriz de Vehículos Ligeros. Venta de vehículos ","Nacional",2026,"03","Nissan","GT-R","Automóviles","Deportivos","IMPORTADO",126,0,"Cifras Revisadas"
"Registro Administrativo de la Industria Automotriz de Vehículos Ligeros. Venta de vehículos ","Nacional",2026,"03","Nissan","Juke","Automóviles","Compactos","IMPORTADO",126,0,"Cifras Revisadas"
"Registro Administrativo de la Industria Automotriz de Vehículos Ligeros. Venta de vehículos ","Nacional",2026,"03","Nissan","Kicks","Camiones ligeros","SUV's","NACIONAL",1,2682,"Cifras Revisadas"
"Registro Administrativo de la Industria Automotriz de Vehículos Ligeros. Venta de vehículos ","Nacional",2026,"03","Nissan","Leaf","Automóviles","Compactos","IMPORTADO",126,0,"Cifras Revisadas"
"Registro Administrativo de la Industria Automotriz de Vehículos Ligeros. Venta de vehículos ","Nacional",2026,"03","Nissan","Magnite","Camiones ligeros","SUV's","IMPORTADO",95,2439,"Cifras Revisadas"
"Registro Administrativo de la Industria Automotriz de Vehículos Ligeros. Venta de vehículos ","Nacional",2026,"03","Nissan","March","Automóviles","Subcompactos","NACIONAL",1,2228,"Cifras Revisadas"
"Registro Administrativo de la Industria Automotriz de Vehículos Ligeros. Venta de vehículos ","Nacional",2026,"03","Nissan","Maxima","Automóviles","De Lujo","IMPORTADO",126,0,"Cifras Revisadas"
"Registro Administrativo de la Industria Automotriz de Vehículos Ligeros. Venta de vehículos ","Nacional",2026,"03","Nissan","Murano","Camiones ligeros","SUV's","IMPORTADO",126,0,"Cifras Revisadas"
"Registro Administrativo de la Industria Automotriz de Vehículos Ligeros. Venta de vehículos ","Nacional",2026,"03","Nissan","Note","Automóviles","Compactos","NACIONAL",1,0,"Cifras Revisadas"
"Registro Administrativo de la Industria Automotriz de Vehículos Ligeros. Venta de vehículos ","Nacional",2026,"03","Nissan","NP300","Camiones ligeros","Pick Ups","NACIONAL",1,4567,"Cifras Revisadas"
"Registro Administrativo de la Industria Automotriz de Vehículos Ligeros. Venta de vehículos ","Nacional",2026,"03","Nissan","NV 200 Cargo","Camiones ligeros","SUV's","NACIONAL",1,0,"Cifras Revisadas"
"Registro Administrativo de la Industria Automotriz de Vehículos Ligeros. Venta de vehículos ","Nacional",2026,"03","Nissan","NV 200 NY TAXI","Camiones ligeros","SUV's","NACIONAL",1,0,"Cifras Revisadas"
"Registro Administrativo de la Industria Automotriz de Vehículos Ligeros. Venta de vehículos ","Nacional",2026,"03","Nissan","NV2500 V6 Toldo Alto","Camiones ligeros","Minivans","IMPORTADO",66,0,"Cifras Revisadas"
"Registro Administrativo de la Industria Automotriz de Vehículos Ligeros. Venta de vehículos ","Nacional",2026,"03","Nissan","Pathfinder","Camiones ligeros","SUV's","IMPORTADO",126,58,"Cifras Revisadas"
"Registro Administrativo de la Industria Automotriz de Vehículos Ligeros. Venta de vehículos ","Nacional",2026,"03","Nissan","Sentra","Automóviles","Compactos","NACIONAL",1,1311,"Cifras Revisadas"
"Registro Administrativo de la Industria Automotriz de Vehículos Ligeros. Venta de vehículos ","Nacional",2026,"03","Nissan","Tiida Sedan","Automóviles","Compactos","NACIONAL",1,0,"Cifras Revisadas"
"Registro Administrativo de la Industria Automotriz de Vehículos Ligeros. Venta de vehículos ","Nacional",2026,"03","Nissan","Titan","Camiones ligeros","Pick Ups","IMPORTADO",66,0,"Cifras Revisadas"
"Registro Administrativo de la Industria Automotriz de Vehículos Ligeros. Venta de vehículos ","Nacional",2026,"03","Nissan","Urvan Panel","Camiones ligeros","SUV's","IMPORTADO",126,582,"Cifras Revisadas"
"Registro Administrativo de la Industria Automotriz de Vehículos Ligeros. Venta de vehículos ","Nacional",2026,"03","Nissan","Urvan Pasajeros","Camiones ligeros","SUV's","IMPORTADO",126,446,"Cifras Revisadas"
"Registro Administrativo de la Industria Automotriz de Vehículos Ligeros. Venta de vehículos ","Nacional",2026,"03","Nissan","Versa","Automóviles","Compactos","NACIONAL",1,6329,"Cifras Revisadas"
"Registro Administrativo de la Industria Automotriz de Vehículos Ligeros. Venta de vehículos ","Nacional",2026,"03","Nissan","Xtrail","Camiones ligeros","SUV's","IMPORTADO",126,1475,"Cifras Revisadas"
"Registro Administrativo de la Industria Automotriz de Vehículos Ligeros. Venta de vehículos ","Nacional",2026,"03","Nissan","Z","Automóviles","Deportivos","IMPORTADO",126,6,"Cifras Revisadas"
"Registro Administrativo de la Industria Automotriz de Vehículos Ligeros. Venta de vehículos ","Nacional",2026,"03","Nissan","370 Z","Automóviles","Deportivos","IMPORTADO",126,0,"Cifras Revisadas"
"Registro Administrativo de la Industria Automotriz de Vehículos Ligeros. Venta de vehículos ","Nacional",2026,"03","Peugeot","E-Partner","Camiones ligeros","Minivans","IMPORTADO",64,4,"Cifras Revisadas"
"Registro Administrativo de la Industria Automotriz de Vehículos Ligeros. Venta de vehículos ","Nacional",2026,"03","Peugeot","Expert Cargo Van","Camiones ligeros","Pick Ups","IMPORTADO",74,101,"Cifras Revisadas"
"Registro Administrativo de la Industria Automotriz de Vehículos Ligeros. Venta de vehículos ","Nacional",2026,"03","Peugeot","Manager Hdi","Camiones ligeros","Pick Ups","IMPORTADO",124,73,"Cifras Revisadas"
"Registro Administrativo de la Industria Automotriz de Vehículos Ligeros. Venta de vehículos ","Nacional",2026,"03","Peugeot","Partner","Camiones ligeros","Pick Ups","IMPORTADO",64,538,"Cifras Revisadas"
"Registro Administrativo de la Industria Automotriz de Vehículos Ligeros. Venta de vehículos ","Nacional",2026,"03","Peugeot","Partner Rapid","Camiones ligeros","Minivans","IMPORTADO",31,453,"Cifras Revisadas"
"Registro Administrativo de la Industria Automotriz de Vehículos Ligeros. Venta de vehículos ","Nacional",2026,"03","Peugeot","RIFTER","Camiones ligeros","Pick Ups","IMPORTADO",64,534,"Cifras Revisadas"
"Registro Administrativo de la Industria Automotriz de Vehículos Ligeros. Venta de vehículos ","Nacional",2026,"03","Peugeot","2008","Camiones ligeros","SUV's","IMPORTADO",74,229,"Cifras Revisadas"
"Registro Administrativo de la Industria Automotriz de Vehículos Ligeros. Venta de vehículos ","Nacional",2026,"03","Peugeot","3008","Camiones ligeros","SUV's","IMPORTADO",74,94,"Cifras Revisadas"
"Registro Administrativo de la Industria Automotriz de Vehículos Ligeros. Venta de vehículos ","Nacional",2026,"03","Peugeot","5008","Camiones ligeros","SUV's","IMPORTADO",74,51,"Cifras Revisadas"
"Registro Administrativo de la Industria Automotriz de Vehículos Ligeros. Venta de vehículos ","Nacional",2026,"03","Porsche","Cayenne","Camiones ligeros","SUV's","IMPORTADO",4,82,"Cifras Revisadas"
"Registro Administrativo de la Industria Automotriz de Vehículos Ligeros. Venta de vehículos ","Nacional",2026,"03","Porsche","Cayman","Automóviles","De Lujo","IMPORTADO",4,0,"Cifras Revisadas"
"Registro Administrativo de la Industria Automotriz de Vehículos Ligeros. Venta de vehículos ","Nacional",2026,"03","Porsche","Macan","Camiones ligeros","SUV's","IMPORTADO",4,93,"Cifras Revisadas"
"Registro Administrativo de la Industria Automotriz de Vehículos Ligeros. Venta de vehículos ","Nacional",2026,"03","Porsche","Panamera","Automóviles","De Lujo","IMPORTADO",4,5,"Cifras Revisadas"
"Registro Administrativo de la Industria Automotriz de Vehículos Ligeros. Venta de vehículos ","Nacional",2026,"03","Porsche","Taycan","Automóviles","Deportivos","IMPORTADO",4,7,"Cifras Revisadas"
"Registro Administrativo de la Industria Automotriz de Vehículos Ligeros. Venta de vehículos ","Nacional",2026,"03","Porsche","718 Boxster","Automóviles","Deportivos","IMPORTADO",4,0,"Cifras Revisadas"
"Registro Administrativo de la Industria Automotriz de Vehículos Ligeros. Venta de vehículos ","Nacional",2026,"03","Porsche","911 Carrera / Turbo / GT","Automóviles","Deportivos","IMPORTADO",4,105,"Cifras Revisadas"
"Registro Administrativo de la Industria Automotriz de Vehículos Ligeros. Venta de vehículos ","Nacional",2026,"03","Renault","Arkana","Camiones ligeros","SUV's","IMPORTADO",48,182,"Cifras Revisadas"
"Registro Administrativo de la Industria Automotriz de Vehículos Ligeros. Venta de vehículos ","Nacional",2026,"03","Renault","Boreal","Camiones ligeros","SUV's","IMPORTADO",31,0,"Cifras Revisadas"
"Registro Administrativo de la Industria Automotriz de Vehículos Ligeros. Venta de vehículos ","Nacional",2026,"03","Renault","Duster","Camiones ligeros","SUV's","IMPORTADO",46,51,"Cifras Revisadas"
"Registro Administrativo de la Industria Automotriz de Vehículos Ligeros. Venta de vehículos ","Nacional",2026,"03","Renault","Kangoo","Camiones ligeros","Pick Ups","IMPORTADO",12,152,"Cifras Revisadas"
"Registro Administrativo de la Industria Automotriz de Vehículos Ligeros. Venta de vehículos ","Nacional",2026,"03","Renault","Kardian","Automóviles","Compactos","IMPORTADO",31,273,"Cifras Revisadas"
"Registro Administrativo de la Industria Automotriz de Vehículos Ligeros. Venta de vehículos ","Nacional",2026,"03","Renault","Koleos","Camiones ligeros","SUV's","IMPORTADO",48,3,"Cifras Revisadas"
"Registro Administrativo de la Industria Automotriz de Vehículos Ligeros. Venta de vehículos ","Nacional",2026,"03","Renault","Kwid","Automóviles","Subcompactos","IMPORTADO",31,1522,"Cifras Revisadas"
"Registro Administrativo de la Industria Automotriz de Vehículos Ligeros. Venta de vehículos ","Nacional",2026,"03","Renault","Kwid e-Tech","Automóviles","Subcompactos","IMPORTADO",43,2,"Cifras Revisadas"
"Registro Administrativo de la Industria Automotriz de Vehículos Ligeros. Venta de vehículos ","Nacional",2026,"03","Renault","Master","Camiones ligeros","Minivans","IMPORTADO",74,45,"Cifras Revisadas"
"Registro Administrativo de la Industria Automotriz de Vehículos Ligeros. Venta de vehículos ","Nacional",2026,"03","Renault","MEGANE E-TECH","Automóviles","Subcompactos","IMPORTADO",74,9,"Cifras Revisadas"
"Registro Administrativo de la Industria Automotriz de Vehículos Ligeros. Venta de vehículos ","Nacional",2026,"03","Renault","Nueva Koleos","Camiones ligeros","SUV's","IMPORTADO",48,154,"Cifras Revisadas"
"Registro Administrativo de la Industria Automotriz de Vehículos Ligeros. Venta de vehículos ","Nacional",2026,"03","Renault","Oroch","Camiones ligeros","Pick Ups","IMPORTADO",31,172,"Cifras Revisadas"
"Registro Administrativo de la Industria Automotriz de Vehículos Ligeros. Venta de vehículos ","Nacional",2026,"03","SEAT","Arona","Camiones ligeros","SUV's","IMPORTADO",64,141,"Cifras Revisadas"
"Registro Administrativo de la Industria Automotriz de Vehículos Ligeros. Venta de vehículos ","Nacional",2026,"03","SEAT","Ateca","Camiones ligeros","SUV's","IMPORTADO",184,45,"Cifras Revisadas"
"Registro Administrativo de la Industria Automotriz de Vehículos Ligeros. Venta de vehículos ","Nacional",2026,"03","SEAT","CUPRA Formentor","Camiones ligeros","SUV's","IMPORTADO",64,325,"Cifras Revisadas"
"Registro Administrativo de la Industria Automotriz de Vehículos Ligeros. Venta de vehículos ","Nacional",2026,"03","SEAT","CUPRA Terramar","Camiones ligeros","SUV's","IMPORTADO",94,405,"Cifras Revisadas"
"Registro Administrativo de la Industria Automotriz de Vehículos Ligeros. Venta de vehículos ","Nacional",2026,"03","SEAT","Ibiza 4 Ptas","Automóviles","Subcompactos","IMPORTADO",64,597,"Cifras Revisadas"
"Registro Administrativo de la Industria Automotriz de Vehículos Ligeros. Venta de vehículos ","Nacional",2026,"03","SEAT","Leon","Automóviles","Deportivos","IMPORTADO",64,314,"Cifras Revisadas"
"Registro Administrativo de la Industria Automotriz de Vehículos Ligeros. Venta de vehículos ","Nacional",2026,"03","Subaru","Crosstrek","Camiones ligeros","SUV's","IMPORTADO",126,157,"Cifras Revisadas"
"Registro Administrativo de la Industria Automotriz de Vehículos Ligeros. Venta de vehículos ","Nacional",2026,"03","Subaru","Crosstrek MHEV","Camiones ligeros","SUV's","IMPORTADO",126,0,"Cifras Revisadas"
"Registro Administrativo de la Industria Automotriz de Vehículos Ligeros. Venta de vehículos ","Nacional",2026,"03","Subaru","Forester","Camiones ligeros","SUV's","IMPORTADO",126,167,"Cifras Revisadas"
"Registro Administrativo de la Industria Automotriz de Vehículos Ligeros. Venta de vehículos ","Nacional",2026,"03","Subaru","Outback","Camiones ligeros","SUV's","IMPORTADO",126,48,"Cifras Revisadas"
"Registro Administrativo de la Industria Automotriz de Vehículos Ligeros. Venta de vehículos ","Nacional",2026,"03","Subaru","Subaru BRZ","Automóviles","Deportivos","IMPORTADO",126,13,"Cifras Revisadas"
"Registro Administrativo de la Industria Automotriz de Vehículos Ligeros. Venta de vehículos ","Nacional",2026,"03","Subaru","WRX","Automóviles","Deportivos","IMPORTADO",126,17,"Cifras Revisadas"
"Registro Administrativo de la Industria Automotriz de Vehículos Ligeros. Venta de vehículos ","Nacional",2026,"03","Subaru","WRX STI","Automóviles","Deportivos","IMPORTADO",126,0,"Cifras Revisadas"
"Registro Administrativo de la Industria Automotriz de Vehículos Ligeros. Venta de vehículos ","Nacional",2026,"03","Subaru","XV","Camiones ligeros","SUV's","IMPORTADO",126,0,"Cifras Revisadas"
"Registro Administrativo de la Industria Automotriz de Vehículos Ligeros. Venta de vehículos ","Nacional",2026,"03","Suzuki","Baleno","Automóviles","Subcompactos","IMPORTADO",95,271,"Cifras Revisadas"
"Registro Administrativo de la Industria Automotriz de Vehículos Ligeros. Venta de vehículos ","Nacional",2026,"03","Suzuki","DZIRE","Automóviles","Subcompactos","IMPORTADO",95,267,"Cifras Revisadas"
"Registro Administrativo de la Industria Automotriz de Vehículos Ligeros. Venta de vehículos ","Nacional",2026,"03","Suzuki","Ertiga","Automóviles","Compactos","IMPORTADO",96,315,"Cifras Revisadas"
"Registro Administrativo de la Industria Automotriz de Vehículos Ligeros. Venta de vehículos ","Nacional",2026,"03","Suzuki","FRONX","Camiones ligeros","SUV's","IMPORTADO",95,287,"Cifras Revisadas"
"Registro Administrativo de la Industria Automotriz de Vehículos Ligeros. Venta de vehículos ","Nacional",2026,"03","Suzuki","Ignis","Automóviles","Subcompactos","IMPORTADO",126,2,"Cifras Revisadas"
"Registro Administrativo de la Industria Automotriz de Vehículos Ligeros. Venta de vehículos ","Nacional",2026,"03","Suzuki","JIMNY","Camiones ligeros","SUV's","IMPORTADO",126,527,"Cifras Revisadas"
"Registro Administrativo de la Industria Automotriz de Vehículos Ligeros. Venta de vehículos ","Nacional",2026,"03","Suzuki","S Cross","Camiones ligeros","SUV's","IMPORTADO",94,1,"Cifras Revisadas"
"Registro Administrativo de la Industria Automotriz de Vehículos Ligeros. Venta de vehículos ","Nacional",2026,"03","Suzuki","Swift","Automóviles","Subcompactos","IMPORTADO",126,1251,"Cifras Revisadas"
"Registro Administrativo de la Industria Automotriz de Vehículos Ligeros. Venta de vehículos ","Nacional",2026,"03","Toyota","Avanza","Automóviles","Compactos","IMPORTADO",96,1203,"Cifras Revisadas"
"Registro Administrativo de la Industria Automotriz de Vehículos Ligeros. Venta de vehículos ","Nacional",2026,"03","Toyota","Camry","Automóviles","De Lujo","IMPORTADO",66,442,"Cifras Revisadas"
"Registro Administrativo de la Industria Automotriz de Vehículos Ligeros. Venta de vehículos ","Nacional",2026,"03","Toyota","C-HR","Camiones ligeros","SUV's","IMPORTADO",227,0,"Cifras Revisadas"
"Registro Administrativo de la Industria Automotriz de Vehículos Ligeros. Venta de vehículos ","Nacional",2026,"03","Toyota","Corolla","Automóviles","Compactos","IMPORTADO",66,926,"Cifras Revisadas"
"Registro Administrativo de la Industria Automotriz de Vehículos Ligeros. Venta de vehículos ","Nacional",2026,"03","Toyota","Corolla Cross","Camiones ligeros","SUV's","IMPORTADO",66,862,"Cifras Revisadas"
"Registro Administrativo de la Industria Automotriz de Vehículos Ligeros. Venta de vehículos ","Nacional",2026,"03","Toyota","GR Corolla","Automóviles","Deportivos","IMPORTADO",126,14,"Cifras Revisadas"
"Registro Administrativo de la Industria Automotriz de Vehículos Ligeros. Venta de vehículos ","Nacional",2026,"03","Toyota","GR Supra","Automóviles","De Lujo","IMPORTADO",17,7,"Cifras Revisadas"
"Registro Administrativo de la Industria Automotriz de Vehículos Ligeros. Venta de vehículos ","Nacional",2026,"03","Toyota","GR Yaris","Automóviles","Deportivos","IMPORTADO",126,5,"Cifras Revisadas"
"Registro Administrativo de la Industria Automotriz de Vehículos Ligeros. Venta de vehículos ","Nacional",2026,"03","Toyota","Hiace P","Camiones ligeros","SUV's","IMPORTADO",126,44,"Cifras Revisadas"
"Registro Administrativo de la Industria Automotriz de Vehículos Ligeros. Venta de vehículos ","Nacional",2026,"03","Toyota","Hiace V","Camiones ligeros","SUV's","IMPORTADO",126,50,"Cifras Revisadas"
"Registro Administrativo de la Industria Automotriz de Vehículos Ligeros. Venta de vehículos ","Nacional",2026,"03","Toyota","Highlander","Camiones ligeros","SUV's","IMPORTADO",66,488,"Cifras Revisadas"
"Registro Administrativo de la Industria Automotriz de Vehículos Ligeros. Venta de vehículos ","Nacional",2026,"03","Toyota","Hilux Dc","Camiones ligeros","Pick Ups","IMPORTADO",214,1499,"Cifras Revisadas"
"Registro Administrativo de la Industria Automotriz de Vehículos Ligeros. Venta de vehículos ","Nacional",2026,"03","Toyota","Lcruiser","Camiones ligeros","SUV's","IMPORTADO",126,0,"Cifras Revisadas"
"Registro Administrativo de la Industria Automotriz de Vehículos Ligeros. Venta de vehículos ","Nacional",2026,"03","Toyota","Prius","Automóviles","De Lujo","IMPORTADO",126,409,"Cifras Revisadas"
"Registro Administrativo de la Industria Automotriz de Vehículos Ligeros. Venta de vehículos ","Nacional",2026,"03","Toyota","Prius-C","Automóviles","Subcompactos","IMPORTADO",126,0,"Cifras Revisadas"
"Registro Administrativo de la Industria Automotriz de Vehículos Ligeros. Venta de vehículos ","Nacional",2026,"03","Toyota","RAIZE","Camiones ligeros","SUV's","IMPORTADO",96,760,"Cifras Revisadas"
"Registro Administrativo de la Industria Automotriz de Vehículos Ligeros. Venta de vehículos ","Nacional",2026,"03","Toyota","Rav4","Camiones ligeros","SUV's","IMPORTADO",40,715,"Cifras Revisadas"
"Registro Administrativo de la Industria Automotriz de Vehículos Ligeros. Venta de vehículos ","Nacional",2026,"03","Toyota","Sequoia","Camiones ligeros","SUV's","IMPORTADO",66,31,"Cifras Revisadas"
"Registro Administrativo de la Industria Automotriz de Vehículos Ligeros. Venta de vehículos ","Nacional",2026,"03","Toyota","Sienna","Camiones ligeros","Minivans","IMPORTADO",66,690,"Cifras Revisadas"
"Registro Administrativo de la Industria Automotriz de Vehículos Ligeros. Venta de vehículos ","Nacional",2026,"03","Toyota","Tacoma","Camiones ligeros","Pick Ups","NACIONAL",1,0,"Cifras Revisadas"
"Registro Administrativo de la Industria Automotriz de Vehículos Ligeros. Venta de vehículos ","Nacional",2026,"03","Toyota","Tacoma-","Camiones ligeros","Pick Ups","NACIONAL",1,876,"Cifras Revisadas"
"Registro Administrativo de la Industria Automotriz de Vehículos Ligeros. Venta de vehículos ","Nacional",2026,"03","Toyota","Tundra","Camiones ligeros","Pick Ups","IMPORTADO",66,54,"Cifras Revisadas"
"Registro Administrativo de la Industria Automotriz de Vehículos Ligeros. Venta de vehículos ","Nacional",2026,"03","Toyota","Yaris Hatchback","Automóviles","Subcompactos","IMPORTADO",214,106,"Cifras Revisadas"
"Registro Administrativo de la Industria Automotriz de Vehículos Ligeros. Venta de vehículos ","Nacional",2026,"03","Toyota","Yaris Sedan","Automóviles","Subcompactos","IMPORTADO",214,823,"Cifras Revisadas"
"Registro Administrativo de la Industria Automotriz de Vehículos Ligeros. Venta de vehículos ","Nacional",2026,"03","Toyota","Yaris-R","Automóviles","Subcompactos","NACIONAL",1,0,"Cifras Revisadas"
"Registro Administrativo de la Industria Automotriz de Vehículos Ligeros. Venta de vehículos ","Nacional",2026,"03","Toyota","4Runner","Camiones ligeros","SUV's","IMPORTADO",126,125,"Cifras Revisadas"
"Registro Administrativo de la Industria Automotriz de Vehículos Ligeros. Venta de vehículos ","Nacional",2026,"03","Volkswagen","Amarok","Camiones ligeros","Pick Ups","IMPORTADO",12,78,"Cifras Revisadas"
"Registro Administrativo de la Industria Automotriz de Vehículos Ligeros. Venta de vehículos ","Nacional",2026,"03","Volkswagen","Beetle","Automóviles","Compactos","NACIONAL",1,0,"Cifras Revisadas"
"Registro Administrativo de la Industria Automotriz de Vehículos Ligeros. Venta de vehículos ","Nacional",2026,"03","Volkswagen","Beetle Cabrio","Automóviles","Compactos","NACIONAL",1,0,"Cifras Revisadas"
"Registro Administrativo de la Industria Automotriz de Vehículos Ligeros. Venta de vehículos ","Nacional",2026,"03","Volkswagen","Crafter","Camiones ligeros","Pick Ups","IMPORTADO",4,104,"Cifras Revisadas"
"Registro Administrativo de la Industria Automotriz de Vehículos Ligeros. Venta de vehículos ","Nacional",2026,"03","Volkswagen","Crafter chasis","Camiones ligeros","SUV's","IMPORTADO",177,9,"Cifras Revisadas"
"Registro Administrativo de la Industria Automotriz de Vehículos Ligeros. Venta de vehículos ","Nacional",2026,"03","Volkswagen","Cross Sport","Camiones ligeros","SUV's","IMPORTADO",66,0,"Cifras Revisadas"
"Registro Administrativo de la Industria Automotriz de Vehículos Ligeros. Venta de vehículos ","Nacional",2026,"03","Volkswagen","Crossfox","Automóviles","Subcompactos","IMPORTADO",31,0,"Cifras Revisadas"
"Registro Administrativo de la Industria Automotriz de Vehículos Ligeros. Venta de vehículos ","Nacional",2026,"03","Volkswagen","e-Crafter","Camiones ligeros","SUV's","IMPORTADO",177,20,"Cifras Revisadas"
"Registro Administrativo de la Industria Automotriz de Vehículos Ligeros. Venta de vehículos ","Nacional",2026,"03","Volkswagen","Gol","Automóviles","Subcompactos","IMPORTADO",31,0,"Cifras Revisadas"
"Registro Administrativo de la Industria Automotriz de Vehículos Ligeros. Venta de vehículos ","Nacional",2026,"03","Volkswagen","Gol Sedan","Automóviles","Subcompactos","IMPORTADO",31,0,"Cifras Revisadas"
"Registro Administrativo de la Industria Automotriz de Vehículos Ligeros. Venta de vehículos ","Nacional",2026,"03","Volkswagen","Golf","Automóviles","Compactos","IMPORTADO",31,0,"Cifras Revisadas"
"Registro Administrativo de la Industria Automotriz de Vehículos Ligeros. Venta de vehículos ","Nacional",2026,"03","Volkswagen","Golf-","Automóviles","Compactos","NACIONAL",1,0,"Cifras Revisadas"
"Registro Administrativo de la Industria Automotriz de Vehículos Ligeros. Venta de vehículos ","Nacional",2026,"03","Volkswagen","Golf Variant-/Crossgolf","Automóviles","Compactos","NACIONAL",1,0,"Cifras Revisadas"
"Registro Administrativo de la Industria Automotriz de Vehículos Ligeros. Venta de vehículos ","Nacional",2026,"03","Volkswagen","GTI","Automóviles","Deportivos","IMPORTADO",4,95,"Cifras Revisadas"
"Registro Administrativo de la Industria Automotriz de Vehículos Ligeros. Venta de vehículos ","Nacional",2026,"03","Volkswagen","ID.4","Camiones ligeros","SUV's","IMPORTADO",66,8,"Cifras Revisadas"
"Registro Administrativo de la Industria Automotriz de Vehículos Ligeros. Venta de vehículos ","Nacional",2026,"03","Volkswagen","Jetta","Automóviles","Compactos","NACIONAL",1,0,"Cifras Revisadas"
"Registro Administrativo de la Industria Automotriz de Vehículos Ligeros. Venta de vehículos ","Nacional",2026,"03","Volkswagen","Nivus","Camiones ligeros","SUV's","IMPORTADO",31,140,"Cifras Revisadas"
"Registro Administrativo de la Industria Automotriz de Vehículos Ligeros. Venta de vehículos ","Nacional",2026,"03","Volkswagen","Nuevo Jetta","Automóviles","Compactos","NACIONAL",1,1440,"Cifras Revisadas"
"Registro Administrativo de la Industria Automotriz de Vehículos Ligeros. Venta de vehículos ","Nacional",2026,"03","Volkswagen","Nuevo Jetta TDI","Automóviles","Compactos","NACIONAL",1,0,"Cifras Revisadas"
"Registro Administrativo de la Industria Automotriz de Vehículos Ligeros. Venta de vehículos ","Nacional",2026,"03","Volkswagen","Passat","Automóviles","De Lujo","IMPORTADO",66,0,"Cifras Revisadas"
"Registro Administrativo de la Industria Automotriz de Vehículos Ligeros. Venta de vehículos ","Nacional",2026,"03","Volkswagen","Polo 4 Ptas","Automóviles","Subcompactos","IMPORTADO",95,0,"Cifras Revisadas"
"Registro Administrativo de la Industria Automotriz de Vehículos Ligeros. Venta de vehículos ","Nacional",2026,"03","Volkswagen","Polo 4 Ptas","Automóviles","Subcompactos","IMPORTADO",31,141,"Cifras Revisadas"
"Registro Administrativo de la Industria Automotriz de Vehículos Ligeros. Venta de vehículos ","Nacional",2026,"03","Volkswagen","Saveiro","Camiones ligeros","Pick Ups","IMPORTADO",31,1358,"Cifras Revisadas"
"Registro Administrativo de la Industria Automotriz de Vehículos Ligeros. Venta de vehículos ","Nacional",2026,"03","Volkswagen","Taigun","Camiones ligeros","SUV's","IMPORTADO",95,924,"Cifras Revisadas"
"Registro Administrativo de la Industria Automotriz de Vehículos Ligeros. Venta de vehículos ","Nacional",2026,"03","Volkswagen","Taos","Camiones ligeros","SUV's","NACIONAL",1,1663,"Cifras Revisadas"
"Registro Administrativo de la Industria Automotriz de Vehículos Ligeros. Venta de vehículos ","Nacional",2026,"03","Volkswagen","T-Cross","Camiones ligeros","SUV's","IMPORTADO",31,0,"Cifras Revisadas"
"Registro Administrativo de la Industria Automotriz de Vehículos Ligeros. Venta de vehículos ","Nacional",2026,"03","Volkswagen","Teramont","Camiones ligeros","SUV's","IMPORTADO",66,427,"Cifras Revisadas"
"Registro Administrativo de la Industria Automotriz de Vehículos Ligeros. Venta de vehículos ","Nacional",2026,"03","Volkswagen","Tiguan-","Camiones ligeros","SUV's","NACIONAL",1,1686,"Cifras Revisadas"
"Registro Administrativo de la Industria Automotriz de Vehículos Ligeros. Venta de vehículos ","Nacional",2026,"03","Volkswagen","Touareg","Camiones ligeros","SUV's","IMPORTADO",62,0,"Cifras Revisadas"
"Registro Administrativo de la Industria Automotriz de Vehículos Ligeros. Venta de vehículos ","Nacional",2026,"03","Volkswagen","Transporter Carga","Camiones ligeros","SUV's","IMPORTADO",4,113,"Cifras Revisadas"
"Registro Administrativo de la Industria Automotriz de Vehículos Ligeros. Venta de vehículos ","Nacional",2026,"03","Volkswagen","Transporter Pasajeros","Camiones ligeros","SUV's","IMPORTADO",4,15,"Cifras Revisadas"
"Registro Administrativo de la Industria Automotriz de Vehículos Ligeros. Venta de vehículos ","Nacional",2026,"03","Volkswagen","UP!","Automóviles","Subcompactos","IMPORTADO",31,0,"Cifras Revisadas"
"Registro Administrativo de la Industria Automotriz de Vehículos Ligeros. Venta de vehículos ","Nacional",2026,"03","Volkswagen","Vento","Automóviles","Subcompactos","IMPORTADO",95,0,"Cifras Revisadas"
"Registro Administrativo de la Industria Automotriz de Vehículos Ligeros. Venta de vehículos ","Nacional",2026,"03","Volkswagen","Virtus","Automóviles","Subcompactos","IMPORTADO",95,1770,"Cifras Revisadas"
"Registro Administrativo de la Industria Automotriz de Vehículos Ligeros. Venta de vehículos ","Nacional",2026,"03","Volkswagen","Volkswagen Caddy","Camiones ligeros","Pick Ups","IMPORTADO",177,90,"Cifras Revisadas"
"Registro Administrativo de la Industria Automotriz de Vehículos Ligeros. Venta de vehículos ","Nacional",2026,"03","Volkswagen","Volkswagen Tera","Automóviles","Subcompactos","IMPORTADO",31,1339,"Cifras Revisadas"
"Registro Administrativo de la Industria Automotriz de Vehículos Ligeros. Venta de vehículos ","Nacional",2026,"03","Volvo","C40","Automóviles","De Lujo","IMPORTADO",23,29,"Cifras Revisadas"
"Registro Administrativo de la Industria Automotriz de Vehículos Ligeros. Venta de vehículos ","Nacional",2026,"03","Volvo","EX30","Camiones ligeros","SUV's","IMPORTADO",43,156,"Cifras Revisadas"
"Registro Administrativo de la Industria Automotriz de Vehículos Ligeros. Venta de vehículos ","Nacional",2026,"03","Volvo","EX90","Camiones ligeros","SUV's","IMPORTADO",66,1,"Cifras Revisadas"
"Registro Administrativo de la Industria Automotriz de Vehículos Ligeros. Venta de vehículos ","Nacional",2026,"03","Volvo","XC40","Automóviles","De Lujo","IMPORTADO",23,52,"Cifras Revisadas"
"Registro Administrativo de la Industria Automotriz de Vehículos Ligeros. Venta de vehículos ","Nacional",2026,"03","Volvo","XC60 II","Camiones ligeros","SUV's","IMPORTADO",209,95,"Cifras Revisadas"
"Registro Administrativo de la Industria Automotriz de Vehículos Ligeros. Venta de vehículos ","Nacional",2026,"03","Volvo","XC90 II","Camiones ligeros","SUV's","IMPORTADO",209,38,"Cifras Revisadas"
"Registro Administrativo de la Industria Automotriz de Vehículos Ligeros. Venta de vehículos ","Nacional",2026,"03","Zeekr","X","Automóviles","De Lujo","IMPORTADO",43,47,"Cifras Revisadas"
"Registro Administrativo de la Industria Automotriz de Vehículos Ligeros. Venta de vehículos ","Nacional",2026,"03","Zeekr","001","Automóviles","De Lujo","IMPORTADO",43,28,"Cifras Revisadas"
"Registro Administrativo de la Industria Automotriz de Vehículos Ligeros. Venta de vehículos ","Nacional",2026,"03","Zeekr","7X","Automóviles","De Lujo","IMPORTADO",43,98,"Cifras Revisadas"
"Registro Administrativo de la Industria Automotriz de Vehículos Ligeros. Venta de vehículos ","Nacional",2026,"04","Acura","ADX","Camiones ligeros","SUV's","NACIONAL",1,33,"Cifras Revisadas"
"Registro Administrativo de la Industria Automotriz de Vehículos Ligeros. Venta de vehículos ","Nacional",2026,"04","Acura","INTEGRA","Automóviles","De Lujo","IMPORTADO",66,11,"Cifras Revisadas"
"Registro Administrativo de la Industria Automotriz de Vehículos Ligeros. Venta de vehículos ","Nacional",2026,"04","Acura","Mdx","Camiones ligeros","SUV's","IMPORTADO",40,6,"Cifras Revisadas"
"Registro Administrativo de la Industria Automotriz de Vehículos Ligeros. Venta de vehículos ","Nacional",2026,"04","Acura","Rdx","Camiones ligeros","SUV's","IMPORTADO",66,10,"Cifras Revisadas"
"Registro Administrativo de la Industria Automotriz de Vehículos Ligeros. Venta de vehículos ","Nacional",2026,"04","Acura","TLX","Automóviles","De Lujo","IMPORTADO",66,0,"Cifras Revisadas"
"Registro Administrativo de la Industria Automotriz de Vehículos Ligeros. Venta de vehículos ","Nacional",2026,"04","Alfa Romeo","Giulia","Automóviles","De Lujo","IMPORTADO",124,1,"Cifras Revisadas"
"Registro Administrativo de la Industria Automotriz de Vehículos Ligeros. Venta de vehículos ","Nacional",2026,"04","Alfa Romeo","Junior","Camiones ligeros","SUV's","IMPORTADO",124,37,"Cifras Revisadas"
"Registro Administrativo de la Industria Automotriz de Vehículos Ligeros. Venta de vehículos ","Nacional",2026,"04","Alfa Romeo","Stelvio","Automóviles","De Lujo","IMPORTADO",124,3,"Cifras Revisadas"
"Registro Administrativo de la Industria Automotriz de Vehículos Ligeros. Venta de vehículos ","Nacional",2026,"04","Alfa Romeo","TONALE","Camiones ligeros","SUV's","IMPORTADO",124,7,"Cifras Revisadas"
"Registro Administrativo de la Industria Automotriz de Vehículos Ligeros. Venta de vehículos ","Nacional",2026,"04","Audi","A1*","Automóviles","De Lujo","IMPORTADO",64,29,"Cifras Revisadas"
"Registro Administrativo de la Industria Automotriz de Vehículos Ligeros. Venta de vehículos ","Nacional",2026,"04","Audi","A3-","Automóviles","De Lujo","IMPORTADO",4,136,"Cifras Revisadas"
"Registro Administrativo de la Industria Automotriz de Vehículos Ligeros. Venta de vehículos ","Nacional",2026,"04","Audi","A5","Automóviles","De Lujo","IMPORTADO",4,0,"Cifras Revisadas"
"Registro Administrativo de la Industria Automotriz de Vehículos Ligeros. Venta de vehículos ","Nacional",2026,"04","Audi","A5 Sedán","Automóviles","De Lujo","IMPORTADO",4,85,"Cifras Revisadas"
"Registro Administrativo de la Industria Automotriz de Vehículos Ligeros. Venta de vehículos ","Nacional",2026,"04","Audi","A6","Automóviles","De Lujo","IMPORTADO",4,13,"Cifras Revisadas"
"Registro Administrativo de la Industria Automotriz de Vehículos Ligeros. Venta de vehículos ","Nacional",2026,"04","Audi","A8","Automóviles","De Lujo","IMPORTADO",4,1,"Cifras Revisadas"
"Registro Administrativo de la Industria Automotriz de Vehículos Ligeros. Venta de vehículos ","Nacional",2026,"04","Audi","Q 3","Camiones ligeros","SUV's","IMPORTADO",94,81,"Cifras Revisadas"
"Registro Administrativo de la Industria Automotriz de Vehículos Ligeros. Venta de vehículos ","Nacional",2026,"04","Audi","Q2","Automóviles","De Lujo","IMPORTADO",62,39,"Cifras Revisadas"
"Registro Administrativo de la Industria Automotriz de Vehículos Ligeros. Venta de vehículos ","Nacional",2026,"04","Audi","Q3 SB","Camiones ligeros","SUV's","IMPORTADO",94,138,"Cifras Revisadas"
"Registro Administrativo de la Industria Automotriz de Vehículos Ligeros. Venta de vehículos ","Nacional",2026,"04","Audi","Q5","Camiones ligeros","SUV's","NACIONAL",1,182,"Cifras Revisadas"
"Registro Administrativo de la Industria Automotriz de Vehículos Ligeros. Venta de vehículos ","Nacional",2026,"04","Audi","Q6 etron","Automóviles","De Lujo","IMPORTADO",4,8,"Cifras Revisadas"
"Registro Administrativo de la Industria Automotriz de Vehículos Ligeros. Venta de vehículos ","Nacional",2026,"04","Audi","Q7-","Camiones ligeros","SUV's","IMPORTADO",62,21,"Cifras Revisadas"
"Registro Administrativo de la Industria Automotriz de Vehículos Ligeros. Venta de vehículos ","Nacional",2026,"04","Audi","Q8","Camiones ligeros","SUV's","IMPORTADO",4,22,"Cifras Revisadas"
"Registro Administrativo de la Industria Automotriz de Vehículos Ligeros. Venta de vehículos ","Nacional",2026,"04","Auteco","E-Van B2.4T","Camiones ligeros","Minivans","IMPORTADO",43,2,"Cifras Revisadas"
"Registro Administrativo de la Industria Automotriz de Vehículos Ligeros. Venta de vehículos ","Nacional",2026,"04","Bentley","Continental","Automóviles","De Lujo","IMPORTADO",181,1,"Cifras Revisadas"
"Registro Administrativo de la Industria Automotriz de Vehículos Ligeros. Venta de vehículos ","Nacional",2026,"04","BMW","iX","Camiones ligeros","SUV's","IMPORTADO",4,13,"Cifras Revisadas"
"Registro Administrativo de la Industria Automotriz de Vehículos Ligeros. Venta de vehículos ","Nacional",2026,"04","BMW","iX1","Automóviles","De Lujo","IMPORTADO",4,9,"Cifras Revisadas"
"Registro Administrativo de la Industria Automotriz de Vehículos Ligeros. Venta de vehículos ","Nacional",2026,"04","BMW","iX2","Camiones ligeros","SUV's","IMPORTADO",4,14,"Cifras Revisadas"
"Registro Administrativo de la Industria Automotriz de Vehículos Ligeros. Venta de vehículos ","Nacional",2026,"04","BMW","i4","Automóviles","De Lujo","IMPORTADO",4,4,"Cifras Revisadas"
"Registro Administrativo de la Industria Automotriz de Vehículos Ligeros. Venta de vehículos ","Nacional",2026,"04","BMW","i5","Automóviles","De Lujo","IMPORTADO",4,5,"Cifras Revisadas"
"Registro Administrativo de la Industria Automotriz de Vehículos Ligeros. Venta de vehículos ","Nacional",2026,"04","BMW","i7","Automóviles","De Lujo","IMPORTADO",4,1,"Cifras Revisadas"
"Registro Administrativo de la Industria Automotriz de Vehículos Ligeros. Venta de vehículos ","Nacional",2026,"04","BMW","Serie 1 Hatch","Automóviles","De Lujo","IMPORTADO",4,39,"Cifras Revisadas"
"Registro Administrativo de la Industria Automotriz de Vehículos Ligeros. Venta de vehículos ","Nacional",2026,"04","BMW","Serie 2","Automóviles","De Lujo","IMPORTADO",4,82,"Cifras Revisadas"
"Registro Administrativo de la Industria Automotriz de Vehículos Ligeros. Venta de vehículos ","Nacional",2026,"04","BMW","Serie 3","Automóviles","De Lujo","IMPORTADO",4,85,"Cifras Revisadas"
"Registro Administrativo de la Industria Automotriz de Vehículos Ligeros. Venta de vehículos ","Nacional",2026,"04","BMW","Serie 4","Automóviles","De Lujo","IMPORTADO",4,49,"Cifras Revisadas"
"Registro Administrativo de la Industria Automotriz de Vehículos Ligeros. Venta de vehículos ","Nacional",2026,"04","BMW","Serie 5","Automóviles","De Lujo","IMPORTADO",4,14,"Cifras Revisadas"
"Registro Administrativo de la Industria Automotriz de Vehículos Ligeros. Venta de vehículos ","Nacional",2026,"04","BMW","Serie 7","Automóviles","De Lujo","IMPORTADO",4,6,"Cifras Revisadas"
"Registro Administrativo de la Industria Automotriz de Vehículos Ligeros. Venta de vehículos ","Nacional",2026,"04","BMW","XM","Automóviles","De Lujo","IMPORTADO",66,3,"Cifras Revisadas"
"Registro Administrativo de la Industria Automotriz de Vehículos Ligeros. Venta de vehículos ","Nacional",2026,"04","BMW","X1","Camiones ligeros","SUV's","IMPORTADO",4,137,"Cifras Revisadas"
"Registro Administrativo de la Industria Automotriz de Vehículos Ligeros. Venta de vehículos ","Nacional",2026,"04","BMW","X2","Camiones ligeros","SUV's","IMPORTADO",4,92,"Cifras Revisadas"
"Registro Administrativo de la Industria Automotriz de Vehículos Ligeros. Venta de vehículos ","Nacional",2026,"04","BMW","X3","Camiones ligeros","SUV's","IMPORTADO",66,287,"Cifras Revisadas"
"Registro Administrativo de la Industria Automotriz de Vehículos Ligeros. Venta de vehículos ","Nacional",2026,"04","BMW","X4","Camiones ligeros","SUV's","IMPORTADO",66,6,"Cifras Revisadas"
"Registro Administrativo de la Industria Automotriz de Vehículos Ligeros. Venta de vehículos ","Nacional",2026,"04","BMW","X5","Camiones ligeros","SUV's","IMPORTADO",66,102,"Cifras Revisadas"
"Registro Administrativo de la Industria Automotriz de Vehículos Ligeros. Venta de vehículos ","Nacional",2026,"04","BMW","X6","Camiones ligeros","SUV's","IMPORTADO",66,87,"Cifras Revisadas"
"Registro Administrativo de la Industria Automotriz de Vehículos Ligeros. Venta de vehículos ","Nacional",2026,"04","BMW","X7","Camiones ligeros","SUV's","IMPORTADO",66,17,"Cifras Revisadas"
"Registro Administrativo de la Industria Automotriz de Vehículos Ligeros. Venta de vehículos ","Nacional",2026,"04","BMW","Z4-","Automóviles","De Lujo","IMPORTADO",4,36,"Cifras Revisadas"
"Registro Administrativo de la Industria Automotriz de Vehículos Ligeros. Venta de vehículos ","Nacional",2026,"04","Changan","ALSVIN","Automóviles","Subcompactos","IMPORTADO",43,302,"Cifras Revisadas"
"Registro Administrativo de la Industria Automotriz de Vehículos Ligeros. Venta de vehículos ","Nacional",2026,"04","Changan","CS35 PLUS","Camiones ligeros","SUV's","IMPORTADO",43,292,"Cifras Revisadas"
"Registro Administrativo de la Industria Automotriz de Vehículos Ligeros. Venta de vehículos ","Nacional",2026,"04","Changan","CS55 PLUS","Camiones ligeros","SUV's","IMPORTADO",43,160,"Cifras Revisadas"
"Registro Administrativo de la Industria Automotriz de Vehículos Ligeros. Venta de vehículos ","Nacional",2026,"04","Changan","CS55 Plus IDD","Camiones ligeros","SUV's","IMPORTADO",43,217,"Cifras Revisadas"
"Registro Administrativo de la Industria Automotriz de Vehículos Ligeros. Venta de vehículos ","Nacional",2026,"04","Changan","CS75","Camiones ligeros","SUV's","IMPORTADO",43,152,"Cifras Revisadas"
"Registro Administrativo de la Industria Automotriz de Vehículos Ligeros. Venta de vehículos ","Nacional",2026,"04","Changan","CS95","Camiones ligeros","SUV's","IMPORTADO",43,6,"Cifras Revisadas"
"Registro Administrativo de la Industria Automotriz de Vehículos Ligeros. Venta de vehículos ","Nacional",2026,"04","Changan","DEEPAL S07 BEV","Camiones ligeros","SUV's","IMPORTADO",43,1,"Cifras Revisadas"
"Registro Administrativo de la Industria Automotriz de Vehículos Ligeros. Venta de vehículos ","Nacional",2026,"04","Changan","DEEPAL S07 REEV","Camiones ligeros","SUV's","IMPORTADO",43,78,"Cifras Revisadas"
"Registro Administrativo de la Industria Automotriz de Vehículos Ligeros. Venta de vehículos ","Nacional",2026,"04","Changan","Eado Plus","Automóviles","Compactos","IMPORTADO",43,168,"Cifras Revisadas"
"Registro Administrativo de la Industria Automotriz de Vehículos Ligeros. Venta de vehículos ","Nacional",2026,"04","Changan","Eado Plus IDD","Automóviles","Compactos","IMPORTADO",43,211,"Cifras Revisadas"
"Registro Administrativo de la Industria Automotriz de Vehículos Ligeros. Venta de vehículos ","Nacional",2026,"04","Changan","HONOR S","Camiones ligeros","Minivans","IMPORTADO",43,131,"Cifras Revisadas"
"Registro Administrativo de la Industria Automotriz de Vehículos Ligeros. Venta de vehículos ","Nacional",2026,"04","Changan","HUNTER CHASIS","Camiones ligeros","Pick Ups","IMPORTADO",43,18,"Cifras Revisadas"
"Registro Administrativo de la Industria Automotriz de Vehículos Ligeros. Venta de vehículos ","Nacional",2026,"04","Changan","HUNTER PLUS","Camiones ligeros","Pick Ups","IMPORTADO",43,82,"Cifras Revisadas"
"Registro Administrativo de la Industria Automotriz de Vehículos Ligeros. Venta de vehículos ","Nacional",2026,"04","Changan","HUNTER WORK","Camiones ligeros","Pick Ups","IMPORTADO",43,20,"Cifras Revisadas"
"Registro Administrativo de la Industria Automotriz de Vehículos Ligeros. Venta de vehículos ","Nacional",2026,"04","Changan","NEW STAR TRUCK","Camiones ligeros","Pick Ups","IMPORTADO",43,225,"Cifras Revisadas"
"Registro Administrativo de la Industria Automotriz de Vehículos Ligeros. Venta de vehículos ","Nacional",2026,"04","Changan","UNI-K","Camiones ligeros","SUV's","IMPORTADO",43,32,"Cifras Revisadas"
"Registro Administrativo de la Industria Automotriz de Vehículos Ligeros. Venta de vehículos ","Nacional",2026,"04","Chrysler","Cherokee","Camiones ligeros","SUV's","IMPORTADO",66,63,"Cifras Revisadas"
"Registro Administrativo de la Industria Automotriz de Vehículos Ligeros. Venta de vehículos ","Nacional",2026,"04","Chrysler","Commander","Camiones ligeros","SUV's","IMPORTADO",31,96,"Cifras Revisadas"
"Registro Administrativo de la Industria Automotriz de Vehículos Ligeros. Venta de vehículos ","Nacional",2026,"04","Chrysler","Crew Cab-","Camiones ligeros","Pick Ups","NACIONAL",1,219,"Cifras Revisadas"
"Registro Administrativo de la Industria Automotriz de Vehículos Ligeros. Venta de vehículos ","Nacional",2026,"04","Chrysler","Durango","Camiones ligeros","SUV's","IMPORTADO",66,25,"Cifras Revisadas"
"Registro Administrativo de la Industria Automotriz de Vehículos Ligeros. Venta de vehículos ","Nacional",2026,"04","Chrysler","Grand Cherokee","Camiones ligeros","SUV's","IMPORTADO",66,159,"Cifras Revisadas"
"Registro Administrativo de la Industria Automotriz de Vehículos Ligeros. Venta de vehículos ","Nacional",2026,"04","Chrysler","Jeep Compass","Camiones ligeros","SUV's","IMPORTADO",66,200,"Cifras Revisadas"
"Registro Administrativo de la Industria Automotriz de Vehículos Ligeros. Venta de vehículos ","Nacional",2026,"04","Chrysler","Jeep Compass-","Camiones ligeros","SUV's","NACIONAL",1,82,"Cifras Revisadas"
"Registro Administrativo de la Industria Automotriz de Vehículos Ligeros. Venta de vehículos ","Nacional",2026,"04","Chrysler","Journey","Camiones ligeros","SUV's","IMPORTADO",43,6,"Cifras Revisadas"
"Registro Administrativo de la Industria Automotriz de Vehículos Ligeros. Venta de vehículos ","Nacional",2026,"04","Chrysler","JT ","Camiones ligeros","Pick Ups","IMPORTADO",66,77,"Cifras Revisadas"
"Registro Administrativo de la Industria Automotriz de Vehículos Ligeros. Venta de vehículos ","Nacional",2026,"04","Chrysler","Nuevo Attitude","Automóviles","Compactos","IMPORTADO",43,837,"Cifras Revisadas"
"Registro Administrativo de la Industria Automotriz de Vehículos Ligeros. Venta de vehículos ","Nacional",2026,"04","Chrysler","Promaster","Camiones ligeros","SUV's","NACIONAL",1,8,"Cifras Revisadas"
"Registro Administrativo de la Industria Automotriz de Vehículos Ligeros. Venta de vehículos ","Nacional",2026,"04","Chrysler","RAM DS","Camiones ligeros","Pick Ups","IMPORTADO",66,2,"Cifras Revisadas"
"Registro Administrativo de la Industria Automotriz de Vehículos Ligeros. Venta de vehículos ","Nacional",2026,"04","Chrysler","RAM 1200","Camiones ligeros","Pick Ups","NACIONAL",1,1771,"Cifras Revisadas"
"Registro Administrativo de la Industria Automotriz de Vehículos Ligeros. Venta de vehículos ","Nacional",2026,"04","Chrysler","RAM 4000","Camiones ligeros","Pick Ups","NACIONAL",1,299,"Cifras Revisadas"
"Registro Administrativo de la Industria Automotriz de Vehículos Ligeros. Venta de vehículos ","Nacional",2026,"04","Chrysler","RAM 700","Camiones ligeros","Pick Ups","IMPORTADO",31,1350,"Cifras Revisadas"
"Registro Administrativo de la Industria Automotriz de Vehículos Ligeros. Venta de vehículos ","Nacional",2026,"04","Chrysler","Renegade","Camiones ligeros","SUV's","IMPORTADO",31,248,"Cifras Revisadas"
"Registro Administrativo de la Industria Automotriz de Vehículos Ligeros. Venta de vehículos ","Nacional",2026,"04","Chrysler","Wagoneer","Camiones ligeros","SUV's","IMPORTADO",66,24,"Cifras Revisadas"
"Registro Administrativo de la Industria Automotriz de Vehículos Ligeros. Venta de vehículos ","Nacional",2026,"04","Chrysler","Wrangler","Camiones ligeros","SUV's","IMPORTADO",66,194,"Cifras Revisadas"
"Registro Administrativo de la Industria Automotriz de Vehículos Ligeros. Venta de vehículos ","Nacional",2026,"04","Fiat","Argo","Automóviles","Subcompactos","IMPORTADO",31,1,"Cifras Revisadas"
"Registro Administrativo de la Industria Automotriz de Vehículos Ligeros. Venta de vehículos ","Nacional",2026,"04","Fiat","FASTBACK","Camiones ligeros","SUV's","IMPORTADO",31,61,"Cifras Revisadas"
"Registro Administrativo de la Industria Automotriz de Vehículos Ligeros. Venta de vehículos ","Nacional",2026,"04","Fiat","Pulse","Camiones ligeros","SUV's","IMPORTADO",31,175,"Cifras Revisadas"
"Registro Administrativo de la Industria Automotriz de Vehículos Ligeros. Venta de vehículos ","Nacional",2026,"04","Ford Motor","Bronco","Camiones ligeros","SUV's","IMPORTADO",66,104,"Cifras Revisadas"
"Registro Administrativo de la Industria Automotriz de Vehículos Ligeros. Venta de vehículos ","Nacional",2026,"04","Ford Motor","Bronco Sport","Camiones ligeros","SUV's","NACIONAL",1,120,"Cifras Revisadas"
"Registro Administrativo de la Industria Automotriz de Vehículos Ligeros. Venta de vehículos ","Nacional",2026,"04","Ford Motor","Edge","Camiones ligeros","SUV's","IMPORTADO",40,247,"Cifras Revisadas"
"Registro Administrativo de la Industria Automotriz de Vehículos Ligeros. Venta de vehículos ","Nacional",2026,"04","Ford Motor","E-Transit","Camiones ligeros","Pick Ups","IMPORTADO",66,7,"Cifras Revisadas"
"Registro Administrativo de la Industria Automotriz de Vehículos Ligeros. Venta de vehículos ","Nacional",2026,"04","Ford Motor","Expedition","Camiones ligeros","Minivans","IMPORTADO",66,83,"Cifras Revisadas"
"Registro Administrativo de la Industria Automotriz de Vehículos Ligeros. Venta de vehículos ","Nacional",2026,"04","Ford Motor","Explorer","Camiones ligeros","SUV's","IMPORTADO",66,138,"Cifras Revisadas"
"Registro Administrativo de la Industria Automotriz de Vehículos Ligeros. Venta de vehículos ","Nacional",2026,"04","Ford Motor","F 250 Super Duty","Camiones ligeros","Pick Ups","IMPORTADO",66,41,"Cifras Revisadas"
"Registro Administrativo de la Industria Automotriz de Vehículos Ligeros. Venta de vehículos ","Nacional",2026,"04","Ford Motor","F-350","Camiones ligeros","Pick Ups","IMPORTADO",66,148,"Cifras Revisadas"
"Registro Administrativo de la Industria Automotriz de Vehículos Ligeros. Venta de vehículos ","Nacional",2026,"04","Ford Motor","F-450","Camiones ligeros","Pick Ups","IMPORTADO",66,75,"Cifras Revisadas"
"Registro Administrativo de la Industria Automotriz de Vehículos Ligeros. Venta de vehículos ","Nacional",2026,"04","Ford Motor","F-550","Camiones ligeros","Pick Ups","IMPORTADO",66,83,"Cifras Revisadas"
"Registro Administrativo de la Industria Automotriz de Vehículos Ligeros. Venta de vehículos ","Nacional",2026,"04","Ford Motor","Lobo Crew Cab","Camiones ligeros","Pick Ups","IMPORTADO",66,0,"Cifras Revisadas"
"Registro Administrativo de la Industria Automotriz de Vehículos Ligeros. Venta de vehículos ","Nacional",2026,"04","Ford Motor","Lobo Regular Cab","Camiones ligeros","Pick Ups","IMPORTADO",66,275,"Cifras Revisadas"
"Registro Administrativo de la Industria Automotriz de Vehículos Ligeros. Venta de vehículos ","Nacional",2026,"04","Ford Motor","Maverick","Camiones ligeros","Pick Ups","NACIONAL",1,140,"Cifras Revisadas"
"Registro Administrativo de la Industria Automotriz de Vehículos Ligeros. Venta de vehículos ","Nacional",2026,"04","Ford Motor","Mustang","Automóviles","Deportivos","IMPORTADO",66,52,"Cifras Revisadas"
"Registro Administrativo de la Industria Automotriz de Vehículos Ligeros. Venta de vehículos ","Nacional",2026,"04","Ford Motor","Mustang Mach-E","Camiones ligeros","SUV's","NACIONAL",1,23,"Cifras Revisadas"
"Registro Administrativo de la Industria Automotriz de Vehículos Ligeros. Venta de vehículos ","Nacional",2026,"04","Ford Motor","New F150 / F-150","Camiones ligeros","Pick Ups","IMPORTADO",66,423,"Cifras Revisadas"
"Registro Administrativo de la Industria Automotriz de Vehículos Ligeros. Venta de vehículos ","Nacional",2026,"04","Ford Motor","Ranger","Camiones ligeros","Pick Ups","IMPORTADO",12,390,"Cifras Revisadas"
"Registro Administrativo de la Industria Automotriz de Vehículos Ligeros. Venta de vehículos ","Nacional",2026,"04","Ford Motor","Territory","Camiones ligeros","SUV's","IMPORTADO",43,1220,"Cifras Revisadas"
"Registro Administrativo de la Industria Automotriz de Vehículos Ligeros. Venta de vehículos ","Nacional",2026,"04","Ford Motor","Transit","Camiones ligeros","SUV's","IMPORTADO",181,201,"Cifras Revisadas"
"Registro Administrativo de la Industria Automotriz de Vehículos Ligeros. Venta de vehículos ","Nacional",2026,"04","Foton","HI VAN EV","Camiones ligeros","SUV's","IMPORTADO",43,0,"Cifras Revisadas"
"Registro Administrativo de la Industria Automotriz de Vehículos Ligeros. Venta de vehículos ","Nacional",2026,"04","Foton","HI-VAN","Camiones ligeros","SUV's","IMPORTADO",43,28,"Cifras Revisadas"
"Registro Administrativo de la Industria Automotriz de Vehículos Ligeros. Venta de vehículos ","Nacional",2026,"04","Foton","MILER","Camiones ligeros","Pick Ups","IMPORTADO",43,0,"Cifras Revisadas"
"Registro Administrativo de la Industria Automotriz de Vehículos Ligeros. Venta de vehículos ","Nacional",2026,"04","Foton","S3","Camiones ligeros","Pick Ups","IMPORTADO",43,9,"Cifras Revisadas"
"Registro Administrativo de la Industria Automotriz de Vehículos Ligeros. Venta de vehículos ","Nacional",2026,"04","Foton","S3 EV","Camiones ligeros","Pick Ups","IMPORTADO",43,4,"Cifras Revisadas"
"Registro Administrativo de la Industria Automotriz de Vehículos Ligeros. Venta de vehículos ","Nacional",2026,"04","Foton","TM EV","Camiones ligeros","Pick Ups","IMPORTADO",43,0,"Cifras Revisadas"
"Registro Administrativo de la Industria Automotriz de Vehículos Ligeros. Venta de vehículos ","Nacional",2026,"04","Foton","TM 3","Camiones ligeros","Pick Ups","IMPORTADO",43,0,"Cifras Revisadas"
"Registro Administrativo de la Industria Automotriz de Vehículos Ligeros. Venta de vehículos ","Nacional",2026,"04","Foton","TUNLAND","Camiones ligeros","Pick Ups","IMPORTADO",43,65,"Cifras Revisadas"
"Registro Administrativo de la Industria Automotriz de Vehículos Ligeros. Venta de vehículos ","Nacional",2026,"04","Foton","Tunland EV","Camiones ligeros","Pick Ups","IMPORTADO",43,0,"Cifras Revisadas"
"Registro Administrativo de la Industria Automotriz de Vehículos Ligeros. Venta de vehículos ","Nacional",2026,"04","Foton","VIEW","Camiones ligeros","SUV's","IMPORTADO",43,0,"Cifras Revisadas"
"Registro Administrativo de la Industria Automotriz de Vehículos Ligeros. Venta de vehículos ","Nacional",2026,"04","Foton","VIEW EV","Camiones ligeros","SUV's","IMPORTADO",43,0,"Cifras Revisadas"
"Registro Administrativo de la Industria Automotriz de Vehículos Ligeros. Venta de vehículos ","Nacional",2026,"04","Foton","Wonder EV","Camiones ligeros","Pick Ups","IMPORTADO",43,0,"Cifras Revisadas"
"Registro Administrativo de la Industria Automotriz de Vehículos Ligeros. Venta de vehículos ","Nacional",2026,"04","Geely","Cityray","Camiones ligeros","SUV's","IMPORTADO",43,152,"Cifras Revisadas"
"Registro Administrativo de la Industria Automotriz de Vehículos Ligeros. Venta de vehículos ","Nacional",2026,"04","Geely","Coolray","Camiones ligeros","SUV's","IMPORTADO",43,482,"Cifras Revisadas"
"Registro Administrativo de la Industria Automotriz de Vehículos Ligeros. Venta de vehículos ","Nacional",2026,"04","Geely","Emgrand","Automóviles","Subcompactos","IMPORTADO",43,1529,"Cifras Revisadas"
"Registro Administrativo de la Industria Automotriz de Vehículos Ligeros. Venta de vehículos ","Nacional",2026,"04","Geely","EX2","Camiones ligeros","SUV's","IMPORTADO",43,746,"Cifras Revisadas"
"Registro Administrativo de la Industria Automotriz de Vehículos Ligeros. Venta de vehículos ","Nacional",2026,"04","Geely","EX5","Camiones ligeros","SUV's","IMPORTADO",43,25,"Cifras Revisadas"
"Registro Administrativo de la Industria Automotriz de Vehículos Ligeros. Venta de vehículos ","Nacional",2026,"04","Geely","EX5 EM-i","Camiones ligeros","SUV's","IMPORTADO",43,927,"Cifras Revisadas"
"Registro Administrativo de la Industria Automotriz de Vehículos Ligeros. Venta de vehículos ","Nacional",2026,"04","Geely","Geometry C","Camiones ligeros","SUV's","IMPORTADO",43,0,"Cifras Revisadas"
"Registro Administrativo de la Industria Automotriz de Vehículos Ligeros. Venta de vehículos ","Nacional",2026,"04","Geely","Gx3 Pro","Camiones ligeros","SUV's","IMPORTADO",43,27,"Cifras Revisadas"
"Registro Administrativo de la Industria Automotriz de Vehículos Ligeros. Venta de vehículos ","Nacional",2026,"04","Geely","Monjaro","Camiones ligeros","SUV's","IMPORTADO",43,89,"Cifras Revisadas"
"Registro Administrativo de la Industria Automotriz de Vehículos Ligeros. Venta de vehículos ","Nacional",2026,"04","Geely","Okavango","Camiones ligeros","SUV's","IMPORTADO",43,5,"Cifras Revisadas"
"Registro Administrativo de la Industria Automotriz de Vehículos Ligeros. Venta de vehículos ","Nacional",2026,"04","Geely","Starray","Camiones ligeros","SUV's","IMPORTADO",43,24,"Cifras Revisadas"
"Registro Administrativo de la Industria Automotriz de Vehículos Ligeros. Venta de vehículos ","Nacional",2026,"04","General Motors","Acadia","Camiones ligeros","SUV's","IMPORTADO",66,46,"Cifras Revisadas"
"Registro Administrativo de la Industria Automotriz de Vehículos Ligeros. Venta de vehículos ","Nacional",2026,"04","General Motors","Ats 4p","Automóviles","De Lujo","IMPORTADO",66,0,"Cifras Revisadas"
"Registro Administrativo de la Industria Automotriz de Vehículos Ligeros. Venta de vehículos ","Nacional",2026,"04","General Motors","Avalanche UUV","Camiones ligeros","Pick Ups","NACIONAL",1,0,"Cifras Revisadas"
"Registro Administrativo de la Industria Automotriz de Vehículos Ligeros. Venta de vehículos ","Nacional",2026,"04","General Motors","Aveo","Automóviles","Subcompactos","IMPORTADO",43,5875,"Cifras Revisadas"
"Registro Administrativo de la Industria Automotriz de Vehículos Ligeros. Venta de vehículos ","Nacional",2026,"04","General Motors","Aveo-","Automóviles","Subcompactos","NACIONAL",1,0,"Cifras Revisadas"
"Registro Administrativo de la Industria Automotriz de Vehículos Ligeros. Venta de vehículos ","Nacional",2026,"04","General Motors","Aveo HB","Automóviles","Subcompactos","IMPORTADO",43,0,"Cifras Revisadas"
"Registro Administrativo de la Industria Automotriz de Vehículos Ligeros. Venta de vehículos ","Nacional",2026,"04","General Motors","Beat","Automóviles","Subcompactos","IMPORTADO",95,0,"Cifras Revisadas"
"Registro Administrativo de la Industria Automotriz de Vehículos Ligeros. Venta de vehículos ","Nacional",2026,"04","General Motors","Beat 4 PTAS.","Automóviles","Subcompactos","IMPORTADO",95,0,"Cifras Revisadas"
"Registro Administrativo de la Industria Automotriz de Vehículos Ligeros. Venta de vehículos ","Nacional",2026,"04","General Motors","Blazer","Camiones ligeros","SUV's","NACIONAL",1,16,"Cifras Revisadas"
"Registro Administrativo de la Industria Automotriz de Vehículos Ligeros. Venta de vehículos ","Nacional",2026,"04","General Motors","Blazer EV","Camiones ligeros","SUV's","NACIONAL",1,9,"Cifras Revisadas"
"Registro Administrativo de la Industria Automotriz de Vehículos Ligeros. Venta de vehículos ","Nacional",2026,"04","General Motors","Bolt","Automóviles","Subcompactos","IMPORTADO",66,0,"Cifras Revisadas"
"Registro Administrativo de la Industria Automotriz de Vehículos Ligeros. Venta de vehículos ","Nacional",2026,"04","General Motors","Bolt EUV","Camiones ligeros","SUV's","IMPORTADO",66,0,"Cifras Revisadas"
"Registro Administrativo de la Industria Automotriz de Vehículos Ligeros. Venta de vehículos ","Nacional",2026,"04","General Motors","Brightdrop","Camiones ligeros","Minivans","IMPORTADO",40,3,"Cifras Revisadas"
"Registro Administrativo de la Industria Automotriz de Vehículos Ligeros. Venta de vehículos ","Nacional",2026,"04","General Motors","Camaro","Automóviles","Deportivos","IMPORTADO",66,0,"Cifras Revisadas"
"Registro Administrativo de la Industria Automotriz de Vehículos Ligeros. Venta de vehículos ","Nacional",2026,"04","General Motors","Camaro Convertible","Automóviles","De Lujo","IMPORTADO",66,0,"Cifras Revisadas"
"Registro Administrativo de la Industria Automotriz de Vehículos Ligeros. Venta de vehículos ","Nacional",2026,"04","General Motors","Canyon Crew Cab 4x4","Camiones ligeros","Pick Ups","IMPORTADO",66,113,"Cifras Revisadas"
"Registro Administrativo de la Industria Automotriz de Vehículos Ligeros. Venta de vehículos ","Nacional",2026,"04","General Motors","Captiva Sport","Camiones ligeros","SUV's","NACIONAL",1,0,"Cifras Revisadas"
"Registro Administrativo de la Industria Automotriz de Vehículos Ligeros. Venta de vehículos ","Nacional",2026,"04","General Motors","Captiva SUV","Camiones ligeros","SUV's","IMPORTADO",43,1188,"Cifras Revisadas"
"Registro Administrativo de la Industria Automotriz de Vehículos Ligeros. Venta de vehículos ","Nacional",2026,"04","General Motors","Cavalier 4 Ptas","Automóviles","Compactos","IMPORTADO",43,24,"Cifras Revisadas"
"Registro Administrativo de la Industria Automotriz de Vehículos Ligeros. Venta de vehículos ","Nacional",2026,"04","General Motors","Chevrolet Express Cargo Van","Camiones ligeros","Minivans","IMPORTADO",66,0,"Cifras Revisadas"
"Registro Administrativo de la Industria Automotriz de Vehículos Ligeros. Venta de vehículos ","Nacional",2026,"04","General Motors","Chevrolet Express Cutaway","Camiones ligeros","Minivans","IMPORTADO",66,0,"Cifras Revisadas"
"Registro Administrativo de la Industria Automotriz de Vehículos Ligeros. Venta de vehículos ","Nacional",2026,"04","General Motors","Chevrolet Express MAX Cargo Van","Camiones ligeros","Minivans","IMPORTADO",43,58,"Cifras Revisadas"
"Registro Administrativo de la Industria Automotriz de Vehículos Ligeros. Venta de vehículos ","Nacional",2026,"04","General Motors","Chevrolet Express Passenger Van","Camiones ligeros","Minivans","IMPORTADO",66,0,"Cifras Revisadas"
"Registro Administrativo de la Industria Automotriz de Vehículos Ligeros. Venta de vehículos ","Nacional",2026,"04","General Motors","Chevy 3 Ptas","Automóviles","Subcompactos","NACIONAL",1,0,"Cifras Revisadas"
"Registro Administrativo de la Industria Automotriz de Vehículos Ligeros. Venta de vehículos ","Nacional",2026,"04","General Motors","Chevy 4 PTAS","Automóviles","Subcompactos","NACIONAL",1,0,"Cifras Revisadas"
"Registro Administrativo de la Industria Automotriz de Vehículos Ligeros. Venta de vehículos ","Nacional",2026,"04","General Motors","Cheyenne  Doble Cabina","Camiones ligeros","Pick Ups","NACIONAL",1,225,"Cifras Revisadas"
"Registro Administrativo de la Industria Automotriz de Vehículos Ligeros. Venta de vehículos ","Nacional",2026,"04","General Motors","Cheyenne Cabina Regular","Camiones ligeros","Pick Ups","NACIONAL",1,46,"Cifras Revisadas"
"Registro Administrativo de la Industria Automotriz de Vehículos Ligeros. Venta de vehículos ","Nacional",2026,"04","General Motors","Cheyenne Doble Cabina","Camiones ligeros","Pick Ups","IMPORTADO",66,0,"Cifras Revisadas"
"Registro Administrativo de la Industria Automotriz de Vehículos Ligeros. Venta de vehículos ","Nacional",2026,"04","General Motors","Colorado Doble Cabina","Camiones ligeros","Pick Ups","IMPORTADO",66,126,"Cifras Revisadas"
"Registro Administrativo de la Industria Automotriz de Vehículos Ligeros. Venta de vehículos ","Nacional",2026,"04","General Motors","Corvette","Automóviles","Deportivos","IMPORTADO",66,3,"Cifras Revisadas"
"Registro Administrativo de la Industria Automotriz de Vehículos Ligeros. Venta de vehículos ","Nacional",2026,"04","General Motors","Corvette 2  Pts. Convertible","Automóviles","De Lujo","IMPORTADO",66,0,"Cifras Revisadas"
"Registro Administrativo de la Industria Automotriz de Vehículos Ligeros. Venta de vehículos ","Nacional",2026,"04","General Motors","Cruze 4 PTAS-","Automóviles","Compactos","NACIONAL",1,0,"Cifras Revisadas"
"Registro Administrativo de la Industria Automotriz de Vehículos Ligeros. Venta de vehículos ","Nacional",2026,"04","General Motors","Cruze 4 Ptas","Automóviles","Compactos","IMPORTADO",48,0,"Cifras Revisadas"
"Registro Administrativo de la Industria Automotriz de Vehículos Ligeros. Venta de vehículos ","Nacional",2026,"04","General Motors","Cruze 5 Ptas","Automóviles","Compactos","NACIONAL",1,0,"Cifras Revisadas"
"Registro Administrativo de la Industria Automotriz de Vehículos Ligeros. Venta de vehículos ","Nacional",2026,"04","General Motors","Cts 2 Ptas","Automóviles","De Lujo","IMPORTADO",66,0,"Cifras Revisadas"
"Registro Administrativo de la Industria Automotriz de Vehículos Ligeros. Venta de vehículos ","Nacional",2026,"04","General Motors","Cts 4 Ptas","Automóviles","De Lujo","IMPORTADO",66,0,"Cifras Revisadas"
"Registro Administrativo de la Industria Automotriz de Vehículos Ligeros. Venta de vehículos ","Nacional",2026,"04","General Motors","Enclave","Camiones ligeros","SUV's","IMPORTADO",66,44,"Cifras Revisadas"
"Registro Administrativo de la Industria Automotriz de Vehículos Ligeros. Venta de vehículos ","Nacional",2026,"04","General Motors","Encore","Camiones ligeros","SUV's","IMPORTADO",48,30,"Cifras Revisadas"
"Registro Administrativo de la Industria Automotriz de Vehículos Ligeros. Venta de vehículos ","Nacional",2026,"04","General Motors","Envision SUV","Camiones ligeros","SUV's","IMPORTADO",43,33,"Cifras Revisadas"
"Registro Administrativo de la Industria Automotriz de Vehículos Ligeros. Venta de vehículos ","Nacional",2026,"04","General Motors","Envista SUV","Camiones ligeros","SUV's","IMPORTADO",48,93,"Cifras Revisadas"
"Registro Administrativo de la Industria Automotriz de Vehículos Ligeros. Venta de vehículos ","Nacional",2026,"04","General Motors","Epica","Automóviles","Compactos","IMPORTADO",48,0,"Cifras Revisadas"
"Registro Administrativo de la Industria Automotriz de Vehículos Ligeros. Venta de vehículos ","Nacional",2026,"04","General Motors","Equinox EV","Camiones ligeros","SUV's","NACIONAL",1,41,"Cifras Revisadas"
"Registro Administrativo de la Industria Automotriz de Vehículos Ligeros. Venta de vehículos ","Nacional",2026,"04","General Motors","Equinox SUV-","Camiones ligeros","SUV's","NACIONAL",1,0,"Cifras Revisadas"
"Registro Administrativo de la Industria Automotriz de Vehículos Ligeros. Venta de vehículos ","Nacional",2026,"04","General Motors","Equinox Suv","Camiones ligeros","SUV's","IMPORTADO",66,0,"Cifras Revisadas"
"Registro Administrativo de la Industria Automotriz de Vehículos Ligeros. Venta de vehículos ","Nacional",2026,"04","General Motors","Escalade ESV SUV AWD","Camiones ligeros","Minivans","IMPORTADO",66,39,"Cifras Revisadas"
"Registro Administrativo de la Industria Automotriz de Vehículos Ligeros. Venta de vehículos ","Nacional",2026,"04","General Motors","Escalade ESV SUV AWD","Camiones ligeros","Minivans","NACIONAL",1,0,"Cifras Revisadas"
"Registro Administrativo de la Industria Automotriz de Vehículos Ligeros. Venta de vehículos ","Nacional",2026,"04","General Motors","Escalade EXT UUV 4X4","Camiones ligeros","Minivans","NACIONAL",1,0,"Cifras Revisadas"
"Registro Administrativo de la Industria Automotriz de Vehículos Ligeros. Venta de vehículos ","Nacional",2026,"04","General Motors","Escalade IQ Suv","Camiones ligeros","SUV's","NACIONAL",1,7,"Cifras Revisadas"
"Registro Administrativo de la Industria Automotriz de Vehículos Ligeros. Venta de vehículos ","Nacional",2026,"04","General Motors","Escalade IQL Suv","Camiones ligeros","SUV's","NACIONAL",1,4,"Cifras Revisadas"
"Registro Administrativo de la Industria Automotriz de Vehículos Ligeros. Venta de vehículos ","Nacional",2026,"04","General Motors","Escalade Suv","Camiones ligeros","Minivans","IMPORTADO",66,46,"Cifras Revisadas"
"Registro Administrativo de la Industria Automotriz de Vehículos Ligeros. Venta de vehículos ","Nacional",2026,"04","General Motors","GMC Sierra Cabina Regular","Camiones ligeros","Pick Ups","IMPORTADO",66,0,"Cifras Revisadas"
"Registro Administrativo de la Industria Automotriz de Vehículos Ligeros. Venta de vehículos ","Nacional",2026,"04","General Motors","GMC Sierra Doble Cabina","Camiones ligeros","Pick Ups","NACIONAL",1,0,"Cifras Revisadas"
"Registro Administrativo de la Industria Automotriz de Vehículos Ligeros. Venta de vehículos ","Nacional",2026,"04","General Motors","Groove SUV","Camiones ligeros","SUV's","IMPORTADO",43,1521,"Cifras Revisadas"
"Registro Administrativo de la Industria Automotriz de Vehículos Ligeros. Venta de vehículos ","Nacional",2026,"04","General Motors","Hummer EV Pickup","Camiones ligeros","Pick Ups","IMPORTADO",66,9,"Cifras Revisadas"
"Registro Administrativo de la Industria Automotriz de Vehículos Ligeros. Venta de vehículos ","Nacional",2026,"04","General Motors","Hummer EV SUV","Camiones ligeros","SUV's","IMPORTADO",66,12,"Cifras Revisadas"
"Registro Administrativo de la Industria Automotriz de Vehículos Ligeros. Venta de vehículos ","Nacional",2026,"04","General Motors","Kodiak Chassis Cab Class 7 PBV33,000","Camiones ligeros","Pick Ups","NACIONAL",1,0,"Cifras Revisadas"
"Registro Administrativo de la Industria Automotriz de Vehículos Ligeros. Venta de vehículos ","Nacional",2026,"04","General Motors","Lacrosse","Automóviles","De Lujo","IMPORTADO",66,0,"Cifras Revisadas"
"Registro Administrativo de la Industria Automotriz de Vehículos Ligeros. Venta de vehículos ","Nacional",2026,"04","General Motors","Lyriq SUV ","Camiones ligeros","SUV's","IMPORTADO",66,5,"Cifras Revisadas"
"Registro Administrativo de la Industria Automotriz de Vehículos Ligeros. Venta de vehículos ","Nacional",2026,"04","General Motors","Malibu 4 Ptas","Automóviles","Compactos","IMPORTADO",66,0,"Cifras Revisadas"
"Registro Administrativo de la Industria Automotriz de Vehículos Ligeros. Venta de vehículos ","Nacional",2026,"04","General Motors","Matiz 5 Ptas","Automóviles","Subcompactos","IMPORTADO",48,0,"Cifras Revisadas"
"Registro Administrativo de la Industria Automotriz de Vehículos Ligeros. Venta de vehículos ","Nacional",2026,"04","General Motors","Montana Crew Cab","Camiones ligeros","Pick Ups","IMPORTADO",31,165,"Cifras Revisadas"
"Registro Administrativo de la Industria Automotriz de Vehículos Ligeros. Venta de vehículos ","Nacional",2026,"04","General Motors","Onix","Automóviles","Compactos","IMPORTADO",43,699,"Cifras Revisadas"
"Registro Administrativo de la Industria Automotriz de Vehículos Ligeros. Venta de vehículos ","Nacional",2026,"04","General Motors","Onix","Automóviles","Compactos","NACIONAL",1,0,"Cifras Revisadas"
"Registro Administrativo de la Industria Automotriz de Vehículos Ligeros. Venta de vehículos ","Nacional",2026,"04","General Motors","Optiq","Camiones ligeros","SUV's","NACIONAL",1,16,"Cifras Revisadas"
"Registro Administrativo de la Industria Automotriz de Vehículos Ligeros. Venta de vehículos ","Nacional",2026,"04","General Motors","Regal","Automóviles","De Lujo","IMPORTADO",40,0,"Cifras Revisadas"
"Registro Administrativo de la Industria Automotriz de Vehículos Ligeros. Venta de vehículos ","Nacional",2026,"04","General Motors","Sierra Cabina Regular","Camiones ligeros","Pick Ups","NACIONAL",1,48,"Cifras Revisadas"
"Registro Administrativo de la Industria Automotriz de Vehículos Ligeros. Venta de vehículos ","Nacional",2026,"04","General Motors","Sierra Doble Cabina","Camiones ligeros","Pick Ups","IMPORTADO",66,25,"Cifras Revisadas"
"Registro Administrativo de la Industria Automotriz de Vehículos Ligeros. Venta de vehículos ","Nacional",2026,"04","General Motors","Sierra Doble Cabina","Camiones ligeros","Pick Ups","NACIONAL",1,96,"Cifras Revisadas"
"Registro Administrativo de la Industria Automotriz de Vehículos Ligeros. Venta de vehículos ","Nacional",2026,"04","General Motors","Silverado Cabina Regular","Camiones ligeros","Pick Ups","NACIONAL",1,26,"Cifras Revisadas"
"Registro Administrativo de la Industria Automotriz de Vehículos Ligeros. Venta de vehículos ","Nacional",2026,"04","General Motors","Silverado Doble Cabina","Camiones ligeros","Pick Ups","NACIONAL",1,90,"Cifras Revisadas"
"Registro Administrativo de la Industria Automotriz de Vehículos Ligeros. Venta de vehículos ","Nacional",2026,"04","General Motors","Silverado 1500 Cabina Regular","Camiones ligeros","Pick Ups","IMPORTADO",66,0,"Cifras Revisadas"
"Registro Administrativo de la Industria Automotriz de Vehículos Ligeros. Venta de vehículos ","Nacional",2026,"04","General Motors","Silverado 1500 Cabina Regular-","Camiones ligeros","Pick Ups","NACIONAL",1,0,"Cifras Revisadas"
"Registro Administrativo de la Industria Automotriz de Vehículos Ligeros. Venta de vehículos ","Nacional",2026,"04","General Motors","Silverado 2500 Cabina Extendida","Camiones ligeros","Pick Ups","IMPORTADO",66,0,"Cifras Revisadas"
"Registro Administrativo de la Industria Automotriz de Vehículos Ligeros. Venta de vehículos ","Nacional",2026,"04","General Motors","Silverado 2500 Cabina Regular","Camiones ligeros","Pick Ups","IMPORTADO",66,0,"Cifras Revisadas"
"Registro Administrativo de la Industria Automotriz de Vehículos Ligeros. Venta de vehículos ","Nacional",2026,"04","General Motors","Silverado 2500 Cabina Regular-","Camiones ligeros","Pick Ups","NACIONAL",1,0,"Cifras Revisadas"
"Registro Administrativo de la Industria Automotriz de Vehículos Ligeros. Venta de vehículos ","Nacional",2026,"04","General Motors","Silverado 2500 Doble Cabina-","Camiones ligeros","Pick Ups","NACIONAL",1,0,"Cifras Revisadas"
"Registro Administrativo de la Industria Automotriz de Vehículos Ligeros. Venta de vehículos ","Nacional",2026,"04","General Motors","Silverado 3500 Chassis Cab","Camiones ligeros","Pick Ups","NACIONAL",1,3,"Cifras Revisadas"
"Registro Administrativo de la Industria Automotriz de Vehículos Ligeros. Venta de vehículos ","Nacional",2026,"04","General Motors","Silverado 3500 HD Chassis Cab Heavy Duty","Camiones ligeros","Pick Ups","NACIONAL",1,0,"Cifras Revisadas"
"Registro Administrativo de la Industria Automotriz de Vehículos Ligeros. Venta de vehículos ","Nacional",2026,"04","General Motors","Sonic-","Automóviles","Subcompactos","NACIONAL",1,0,"Cifras Revisadas"
"Registro Administrativo de la Industria Automotriz de Vehículos Ligeros. Venta de vehículos ","Nacional",2026,"04","General Motors","Sonic 5 PTS","Automóviles","Subcompactos","IMPORTADO",66,0,"Cifras Revisadas"
"Registro Administrativo de la Industria Automotriz de Vehículos Ligeros. Venta de vehículos ","Nacional",2026,"04","General Motors","Sonic 5 PTS-","Automóviles","Subcompactos","NACIONAL",1,0,"Cifras Revisadas"
"Registro Administrativo de la Industria Automotriz de Vehículos Ligeros. Venta de vehículos ","Nacional",2026,"04","General Motors","Spark","Automóviles","Subcompactos","IMPORTADO",95,0,"Cifras Revisadas"
"Registro Administrativo de la Industria Automotriz de Vehículos Ligeros. Venta de vehículos ","Nacional",2026,"04","General Motors","Spark EUV 4 dr.","Camiones ligeros","SUV's","IMPORTADO",43,361,"Cifras Revisadas"
"Registro Administrativo de la Industria Automotriz de Vehículos Ligeros. Venta de vehículos ","Nacional",2026,"04","General Motors","Spark EV 5 Ptas.","Automóviles","Subcompactos","IMPORTADO",48,0,"Cifras Revisadas"
"Registro Administrativo de la Industria Automotriz de Vehículos Ligeros. Venta de vehículos ","Nacional",2026,"04","General Motors","Spark NG","Automóviles","Subcompactos","IMPORTADO",48,0,"Cifras Revisadas"
"Registro Administrativo de la Industria Automotriz de Vehículos Ligeros. Venta de vehículos ","Nacional",2026,"04","General Motors","SRX SUV-","Camiones ligeros","SUV's","NACIONAL",1,0,"Cifras Revisadas"
"Registro Administrativo de la Industria Automotriz de Vehículos Ligeros. Venta de vehículos ","Nacional",2026,"04","General Motors","Suburban Suv","Camiones ligeros","SUV's","IMPORTADO",66,132,"Cifras Revisadas"
"Registro Administrativo de la Industria Automotriz de Vehículos Ligeros. Venta de vehículos ","Nacional",2026,"04","General Motors","S10","Camiones ligeros","Pick Ups","IMPORTADO",31,2318,"Cifras Revisadas"
"Registro Administrativo de la Industria Automotriz de Vehículos Ligeros. Venta de vehículos ","Nacional",2026,"04","General Motors","S10 Max Cabina Regular","Camiones ligeros","Pick Ups","IMPORTADO",43,0,"Cifras Revisadas"
"Registro Administrativo de la Industria Automotriz de Vehículos Ligeros. Venta de vehículos ","Nacional",2026,"04","General Motors","S10 Max Chassis","Camiones ligeros","Pick Ups","IMPORTADO",43,0,"Cifras Revisadas"
"Registro Administrativo de la Industria Automotriz de Vehículos Ligeros. Venta de vehículos ","Nacional",2026,"04","General Motors","S10 Max Doble Cabina","Camiones ligeros","Pick Ups","IMPORTADO",43,0,"Cifras Revisadas"
"Registro Administrativo de la Industria Automotriz de Vehículos Ligeros. Venta de vehículos ","Nacional",2026,"04","General Motors","Tahoe","Camiones ligeros","SUV's","IMPORTADO",66,102,"Cifras Revisadas"
"Registro Administrativo de la Industria Automotriz de Vehículos Ligeros. Venta de vehículos ","Nacional",2026,"04","General Motors","Terrain SUV-","Camiones ligeros","SUV's","NACIONAL",1,167,"Cifras Revisadas"
"Registro Administrativo de la Industria Automotriz de Vehículos Ligeros. Venta de vehículos ","Nacional",2026,"04","General Motors","Terrain Suv","Camiones ligeros","SUV's","IMPORTADO",40,0,"Cifras Revisadas"
"Registro Administrativo de la Industria Automotriz de Vehículos Ligeros. Venta de vehículos ","Nacional",2026,"04","General Motors","Tornado Pickup","Camiones ligeros","Pick Ups","IMPORTADO",31,0,"Cifras Revisadas"
"Registro Administrativo de la Industria Automotriz de Vehículos Ligeros. Venta de vehículos ","Nacional",2026,"04","General Motors","Tornado Van","Camiones ligeros","Minivans","IMPORTADO",43,1093,"Cifras Revisadas"
"Registro Administrativo de la Industria Automotriz de Vehículos Ligeros. Venta de vehículos ","Nacional",2026,"04","General Motors","Tracker","Camiones ligeros","SUV's","IMPORTADO",31,193,"Cifras Revisadas"
"Registro Administrativo de la Industria Automotriz de Vehículos Ligeros. Venta de vehículos ","Nacional",2026,"04","General Motors","Traverse Suv","Camiones ligeros","SUV's","IMPORTADO",66,116,"Cifras Revisadas"
"Registro Administrativo de la Industria Automotriz de Vehículos Ligeros. Venta de vehículos ","Nacional",2026,"04","General Motors","Trax","Camiones ligeros","SUV's","NACIONAL",1,447,"Cifras Revisadas"
"Registro Administrativo de la Industria Automotriz de Vehículos Ligeros. Venta de vehículos ","Nacional",2026,"04","General Motors","Verano","Automóviles","De Lujo","IMPORTADO",66,0,"Cifras Revisadas"
"Registro Administrativo de la Industria Automotriz de Vehículos Ligeros. Venta de vehículos ","Nacional",2026,"04","General Motors","Volt 4 Ptas.","Automóviles","Subcompactos","IMPORTADO",66,0,"Cifras Revisadas"
"Registro Administrativo de la Industria Automotriz de Vehículos Ligeros. Venta de vehículos ","Nacional",2026,"04","General Motors","Xt4 Suv","Camiones ligeros","SUV's","IMPORTADO",66,4,"Cifras Revisadas"
"Registro Administrativo de la Industria Automotriz de Vehículos Ligeros. Venta de vehículos ","Nacional",2026,"04","General Motors","XT5 SUV","Camiones ligeros","SUV's","IMPORTADO",66,0,"Cifras Revisadas"
"Registro Administrativo de la Industria Automotriz de Vehículos Ligeros. Venta de vehículos ","Nacional",2026,"04","General Motors","Yukon Suv","Camiones ligeros","SUV's","IMPORTADO",66,51,"Cifras Revisadas"
"Registro Administrativo de la Industria Automotriz de Vehículos Ligeros. Venta de vehículos ","Nacional",2026,"04","General Motors","Yukon XL","Camiones ligeros","SUV's","IMPORTADO",66,39,"Cifras Revisadas"
"Registro Administrativo de la Industria Automotriz de Vehículos Ligeros. Venta de vehículos ","Nacional",2026,"04","Great Wall Motor","HAVAL H6","Camiones ligeros","SUV's","IMPORTADO",43,180,"Cifras Revisadas"
"Registro Administrativo de la Industria Automotriz de Vehículos Ligeros. Venta de vehículos ","Nacional",2026,"04","Great Wall Motor","HAVAL Jolion","Camiones ligeros","SUV's","IMPORTADO",43,514,"Cifras Revisadas"
"Registro Administrativo de la Industria Automotriz de Vehículos Ligeros. Venta de vehículos ","Nacional",2026,"04","Great Wall Motor","ORA 03","Automóviles","Subcompactos","IMPORTADO",43,1,"Cifras Revisadas"
"Registro Administrativo de la Industria Automotriz de Vehículos Ligeros. Venta de vehículos ","Nacional",2026,"04","Great Wall Motor","POER","Camiones ligeros","Pick Ups","IMPORTADO",43,177,"Cifras Revisadas"
"Registro Administrativo de la Industria Automotriz de Vehículos Ligeros. Venta de vehículos ","Nacional",2026,"04","Great Wall Motor","POER 500","Camiones ligeros","Pick Ups","IMPORTADO",43,0,"Cifras Revisadas"
"Registro Administrativo de la Industria Automotriz de Vehículos Ligeros. Venta de vehículos ","Nacional",2026,"04","Great Wall Motor","TANK 300","Camiones ligeros","SUV's","IMPORTADO",43,22,"Cifras Revisadas"
"Registro Administrativo de la Industria Automotriz de Vehículos Ligeros. Venta de vehículos ","Nacional",2026,"04","Great Wall Motor","TANK 500","Camiones ligeros","SUV's","IMPORTADO",43,21,"Cifras Revisadas"
"Registro Administrativo de la Industria Automotriz de Vehículos Ligeros. Venta de vehículos ","Nacional",2026,"04","Honda","Accord-","Automóviles","De Lujo","IMPORTADO",66,133,"Cifras Revisadas"
"Registro Administrativo de la Industria Automotriz de Vehículos Ligeros. Venta de vehículos ","Nacional",2026,"04","Honda","BR-V","Camiones ligeros","SUV's","IMPORTADO",214,386,"Cifras Revisadas"
"Registro Administrativo de la Industria Automotriz de Vehículos Ligeros. Venta de vehículos ","Nacional",2026,"04","Honda","Civic","Automóviles","Compactos","IMPORTADO",66,158,"Cifras Revisadas"
"Registro Administrativo de la Industria Automotriz de Vehículos Ligeros. Venta de vehículos ","Nacional",2026,"04","Honda","CR-V","Camiones ligeros","SUV's","IMPORTADO",66,598,"Cifras Revisadas"
"Registro Administrativo de la Industria Automotriz de Vehículos Ligeros. Venta de vehículos ","Nacional",2026,"04","Honda","Honda City","Automóviles","Compactos","IMPORTADO",31,399,"Cifras Revisadas"
"Registro Administrativo de la Industria Automotriz de Vehículos Ligeros. Venta de vehículos ","Nacional",2026,"04","Honda","Honda Pilot","Camiones ligeros","SUV's","IMPORTADO",66,92,"Cifras Revisadas"
"Registro Administrativo de la Industria Automotriz de Vehículos Ligeros. Venta de vehículos ","Nacional",2026,"04","Honda","HR-V-","Camiones ligeros","SUV's","NACIONAL",1,622,"Cifras Revisadas"
"Registro Administrativo de la Industria Automotriz de Vehículos Ligeros. Venta de vehículos ","Nacional",2026,"04","Honda","Insight Hybrid","Automóviles","Compactos","IMPORTADO",66,0,"Cifras Revisadas"
"Registro Administrativo de la Industria Automotriz de Vehículos Ligeros. Venta de vehículos ","Nacional",2026,"04","Honda","Odyssey","Camiones ligeros","Minivans","IMPORTADO",40,51,"Cifras Revisadas"
"Registro Administrativo de la Industria Automotriz de Vehículos Ligeros. Venta de vehículos ","Nacional",2026,"04","Honda","Prelude","Automóviles","Deportivos","IMPORTADO",126,23,"Cifras Revisadas"
"Registro Administrativo de la Industria Automotriz de Vehículos Ligeros. Venta de vehículos ","Nacional",2026,"04","Hyundai","Accent Hatchback","Automóviles","Subcompactos","NACIONAL",1,0,"Cifras Revisadas"
"Registro Administrativo de la Industria Automotriz de Vehículos Ligeros. Venta de vehículos ","Nacional",2026,"04","Hyundai","Accent Sedan","Automóviles","Subcompactos","NACIONAL",1,0,"Cifras Revisadas"
"Registro Administrativo de la Industria Automotriz de Vehículos Ligeros. Venta de vehículos ","Nacional",2026,"04","Hyundai","Creta","Camiones ligeros","SUV's","IMPORTADO",95,909,"Cifras Revisadas"
"Registro Administrativo de la Industria Automotriz de Vehículos Ligeros. Venta de vehículos ","Nacional",2026,"04","Hyundai","Elantra","Automóviles","Compactos","IMPORTADO",66,38,"Cifras Revisadas"
"Registro Administrativo de la Industria Automotriz de Vehículos Ligeros. Venta de vehículos ","Nacional",2026,"04","Hyundai","Genesis","Automóviles","De Lujo","IMPORTADO",48,0,"Cifras Revisadas"
"Registro Administrativo de la Industria Automotriz de Vehículos Ligeros. Venta de vehículos ","Nacional",2026,"04","Hyundai","Grand I10","Automóviles","Subcompactos","IMPORTADO",95,1545,"Cifras Revisadas"
"Registro Administrativo de la Industria Automotriz de Vehículos Ligeros. Venta de vehículos ","Nacional",2026,"04","Hyundai","Grand I10 Sedán","Automóviles","Subcompactos","IMPORTADO",95,1352,"Cifras Revisadas"
"Registro Administrativo de la Industria Automotriz de Vehículos Ligeros. Venta de vehículos ","Nacional",2026,"04","Hyundai","HB20 HATCHBACK","Automóviles","Compactos","IMPORTADO",31,13,"Cifras Revisadas"
"Registro Administrativo de la Industria Automotriz de Vehículos Ligeros. Venta de vehículos ","Nacional",2026,"04","Hyundai","HB20 SEDAN","Automóviles","Compactos","IMPORTADO",31,192,"Cifras Revisadas"
"Registro Administrativo de la Industria Automotriz de Vehículos Ligeros. Venta de vehículos ","Nacional",2026,"04","Hyundai","Ioniq","Automóviles","Compactos","IMPORTADO",48,0,"Cifras Revisadas"
"Registro Administrativo de la Industria Automotriz de Vehículos Ligeros. Venta de vehículos ","Nacional",2026,"04","Hyundai","Ioniq 5","Automóviles","Compactos","IMPORTADO",48,5,"Cifras Revisadas"
"Registro Administrativo de la Industria Automotriz de Vehículos Ligeros. Venta de vehículos ","Nacional",2026,"04","Hyundai","IX35","Camiones ligeros","SUV's","IMPORTADO",184,0,"Cifras Revisadas"
"Registro Administrativo de la Industria Automotriz de Vehículos Ligeros. Venta de vehículos ","Nacional",2026,"04","Hyundai","Palisade","Camiones ligeros","SUV's","IMPORTADO",48,78,"Cifras Revisadas"
"Registro Administrativo de la Industria Automotriz de Vehículos Ligeros. Venta de vehículos ","Nacional",2026,"04","Hyundai","Santa Fe","Camiones ligeros","SUV's","IMPORTADO",66,54,"Cifras Revisadas"
"Registro Administrativo de la Industria Automotriz de Vehículos Ligeros. Venta de vehículos ","Nacional",2026,"04","Hyundai","Santa FE 7 P","Camiones ligeros","SUV's","IMPORTADO",48,0,"Cifras Revisadas"
"Registro Administrativo de la Industria Automotriz de Vehículos Ligeros. Venta de vehículos ","Nacional",2026,"04","Hyundai","Sonata","Automóviles","Compactos","IMPORTADO",66,0,"Cifras Revisadas"
"Registro Administrativo de la Industria Automotriz de Vehículos Ligeros. Venta de vehículos ","Nacional",2026,"04","Hyundai","Starex","Camiones ligeros","Minivans","IMPORTADO",48,0,"Cifras Revisadas"
"Registro Administrativo de la Industria Automotriz de Vehículos Ligeros. Venta de vehículos ","Nacional",2026,"04","Hyundai","Tucson","Camiones ligeros","SUV's","IMPORTADO",184,258,"Cifras Revisadas"
"Registro Administrativo de la Industria Automotriz de Vehículos Ligeros. Venta de vehículos ","Nacional",2026,"04","Hyundai","Veloster","Automóviles","Deportivos","IMPORTADO",48,0,"Cifras Revisadas"
"Registro Administrativo de la Industria Automotriz de Vehículos Ligeros. Venta de vehículos ","Nacional",2026,"04","Infiniti","Infiniti","Automóviles","De Lujo","IMPORTADO",126,0,"Cifras Revisadas"
"Registro Administrativo de la Industria Automotriz de Vehículos Ligeros. Venta de vehículos ","Nacional",2026,"04","Infiniti","QX30","Automóviles","De Lujo","IMPORTADO",181,0,"Cifras Revisadas"
"Registro Administrativo de la Industria Automotriz de Vehículos Ligeros. Venta de vehículos ","Nacional",2026,"04","Infiniti","QX50","Camiones ligeros","SUV's","NACIONAL",1,11,"Cifras Revisadas"
"Registro Administrativo de la Industria Automotriz de Vehículos Ligeros. Venta de vehículos ","Nacional",2026,"04","Infiniti","QX55","Camiones ligeros","SUV's","NACIONAL",1,11,"Cifras Revisadas"
"Registro Administrativo de la Industria Automotriz de Vehículos Ligeros. Venta de vehículos ","Nacional",2026,"04","Infiniti","QX60","Camiones ligeros","SUV's","IMPORTADO",126,49,"Cifras Revisadas"
"Registro Administrativo de la Industria Automotriz de Vehículos Ligeros. Venta de vehículos ","Nacional",2026,"04","Infiniti","QX70","Camiones ligeros","SUV's","IMPORTADO",126,0,"Cifras Revisadas"
"Registro Administrativo de la Industria Automotriz de Vehículos Ligeros. Venta de vehículos ","Nacional",2026,"04","Infiniti","QX80","Camiones ligeros","SUV's","IMPORTADO",126,28,"Cifras Revisadas"
"Registro Administrativo de la Industria Automotriz de Vehículos Ligeros. Venta de vehículos ","Nacional",2026,"04","Infiniti","Q50","Automóviles","De Lujo","IMPORTADO",126,0,"Cifras Revisadas"
"Registro Administrativo de la Industria Automotriz de Vehículos Ligeros. Venta de vehículos ","Nacional",2026,"04","Infiniti","Q60","Automóviles","De Lujo","IMPORTADO",126,0,"Cifras Revisadas"
"Registro Administrativo de la Industria Automotriz de Vehículos Ligeros. Venta de vehículos ","Nacional",2026,"04","Infiniti","Q70","Automóviles","De Lujo","IMPORTADO",126,0,"Cifras Revisadas"
"Registro Administrativo de la Industria Automotriz de Vehículos Ligeros. Venta de vehículos ","Nacional",2026,"04","Isuzu","ELF 200","Camiones ligeros","Pick Ups","IMPORTADO",126,132,"Cifras Revisadas"
"Registro Administrativo de la Industria Automotriz de Vehículos Ligeros. Venta de vehículos ","Nacional",2026,"04","Isuzu","ELF 300","Camiones ligeros","Pick Ups","IMPORTADO",126,87,"Cifras Revisadas"
"Registro Administrativo de la Industria Automotriz de Vehículos Ligeros. Venta de vehículos ","Nacional",2026,"04","Isuzu","ELF 350","Camiones ligeros","Pick Ups","IMPORTADO",126,26,"Cifras Revisadas"
"Registro Administrativo de la Industria Automotriz de Vehículos Ligeros. Venta de vehículos ","Nacional",2026,"04","Isuzu","ELF100","Camiones ligeros","Pick Ups","IMPORTADO",126,41,"Cifras Revisadas"
"Registro Administrativo de la Industria Automotriz de Vehículos Ligeros. Venta de vehículos ","Nacional",2026,"04","JAC","E SUNRAY","Camiones ligeros","Minivans","NACIONAL",1,1,"Cifras Revisadas"
"Registro Administrativo de la Industria Automotriz de Vehículos Ligeros. Venta de vehículos ","Nacional",2026,"04","JAC","E 10X","Automóviles","Compactos","NACIONAL",1,4,"Cifras Revisadas"
"Registro Administrativo de la Industria Automotriz de Vehículos Ligeros. Venta de vehículos ","Nacional",2026,"04","JAC","E 30x","Automóviles","Subcompactos","NACIONAL",1,8,"Cifras Revisadas"
"Registro Administrativo de la Industria Automotriz de Vehículos Ligeros. Venta de vehículos ","Nacional",2026,"04","JAC","Frison","Camiones ligeros","Pick Ups","NACIONAL",1,762,"Cifras Revisadas"
"Registro Administrativo de la Industria Automotriz de Vehículos Ligeros. Venta de vehículos ","Nacional",2026,"04","JAC","JAC2","Camiones ligeros","SUV's","NACIONAL",1,144,"Cifras Revisadas"
"Registro Administrativo de la Industria Automotriz de Vehículos Ligeros. Venta de vehículos ","Nacional",2026,"04","JAC","JAC4","Camiones ligeros","SUV's","NACIONAL",1,149,"Cifras Revisadas"
"Registro Administrativo de la Industria Automotriz de Vehículos Ligeros. Venta de vehículos ","Nacional",2026,"04","JAC","JAC6","Camiones ligeros","SUV's","NACIONAL",1,108,"Cifras Revisadas"
"Registro Administrativo de la Industria Automotriz de Vehículos Ligeros. Venta de vehículos ","Nacional",2026,"04","JAC","JAC8","Camiones ligeros","SUV's","NACIONAL",1,235,"Cifras Revisadas"
"Registro Administrativo de la Industria Automotriz de Vehículos Ligeros. Venta de vehículos ","Nacional",2026,"04","JAC","J7","Automóviles","Compactos","NACIONAL",1,13,"Cifras Revisadas"
"Registro Administrativo de la Industria Automotriz de Vehículos Ligeros. Venta de vehículos ","Nacional",2026,"04","JAC","Sei2","Camiones ligeros","SUV's","NACIONAL",1,8,"Cifras Revisadas"
"Registro Administrativo de la Industria Automotriz de Vehículos Ligeros. Venta de vehículos ","Nacional",2026,"04","JAC","Sei4 Pro","Camiones ligeros","SUV's","NACIONAL",1,1,"Cifras Revisadas"
"Registro Administrativo de la Industria Automotriz de Vehículos Ligeros. Venta de vehículos ","Nacional",2026,"04","JAC","Sei6 Pro","Camiones ligeros","SUV's","NACIONAL",1,1,"Cifras Revisadas"
"Registro Administrativo de la Industria Automotriz de Vehículos Ligeros. Venta de vehículos ","Nacional",2026,"04","JAC","SUNRAY","Camiones ligeros","Minivans","NACIONAL",1,222,"Cifras Revisadas"
"Registro Administrativo de la Industria Automotriz de Vehículos Ligeros. Venta de vehículos ","Nacional",2026,"04","JAC","Sunray City","Camiones ligeros","Minivans","NACIONAL",1,77,"Cifras Revisadas"
"Registro Administrativo de la Industria Automotriz de Vehículos Ligeros. Venta de vehículos ","Nacional",2026,"04","JAC","Traveler","Automóviles","Compactos","NACIONAL",1,14,"Cifras Revisadas"
"Registro Administrativo de la Industria Automotriz de Vehículos Ligeros. Venta de vehículos ","Nacional",2026,"04","JAC","X 200","Camiones ligeros","Pick Ups","NACIONAL",1,48,"Cifras Revisadas"
"Registro Administrativo de la Industria Automotriz de Vehículos Ligeros. Venta de vehículos ","Nacional",2026,"04","JAC","X350","Camiones ligeros","Pick Ups","NACIONAL",1,112,"Cifras Revisadas"
"Registro Administrativo de la Industria Automotriz de Vehículos Ligeros. Venta de vehículos ","Nacional",2026,"04","Jetour Soueast","Dashing","Camiones ligeros","SUV's","IMPORTADO",43,103,"Cifras Revisadas"
"Registro Administrativo de la Industria Automotriz de Vehículos Ligeros. Venta de vehículos ","Nacional",2026,"04","Jetour Soueast","S06 i-DM","Camiones ligeros","SUV's","IMPORTADO",43,41,"Cifras Revisadas"
"Registro Administrativo de la Industria Automotriz de Vehículos Ligeros. Venta de vehículos ","Nacional",2026,"04","Jetour Soueast","S07","Camiones ligeros","SUV's","IMPORTADO",43,9,"Cifras Revisadas"
"Registro Administrativo de la Industria Automotriz de Vehículos Ligeros. Venta de vehículos ","Nacional",2026,"04","Jetour Soueast","S09","Camiones ligeros","SUV's","IMPORTADO",43,6,"Cifras Revisadas"
"Registro Administrativo de la Industria Automotriz de Vehículos Ligeros. Venta de vehículos ","Nacional",2026,"04","Jetour Soueast","T1","Camiones ligeros","SUV's","IMPORTADO",43,57,"Cifras Revisadas"
"Registro Administrativo de la Industria Automotriz de Vehículos Ligeros. Venta de vehículos ","Nacional",2026,"04","Jetour Soueast","T1 i-DM","Camiones ligeros","SUV's","IMPORTADO",43,95,"Cifras Revisadas"
"Registro Administrativo de la Industria Automotriz de Vehículos Ligeros. Venta de vehículos ","Nacional",2026,"04","Jetour Soueast","T2","Camiones ligeros","SUV's","IMPORTADO",43,72,"Cifras Revisadas"
"Registro Administrativo de la Industria Automotriz de Vehículos Ligeros. Venta de vehículos ","Nacional",2026,"04","Jetour Soueast","T2 i-DM","Camiones ligeros","SUV's","IMPORTADO",43,144,"Cifras Revisadas"
"Registro Administrativo de la Industria Automotriz de Vehículos Ligeros. Venta de vehículos ","Nacional",2026,"04","Jetour Soueast","X70","Camiones ligeros","SUV's","IMPORTADO",43,12,"Cifras Revisadas"
"Registro Administrativo de la Industria Automotriz de Vehículos Ligeros. Venta de vehículos ","Nacional",2026,"04","Jetour Soueast","X70 Plus","Camiones ligeros","SUV's","IMPORTADO",43,8,"Cifras Revisadas"
"Registro Administrativo de la Industria Automotriz de Vehículos Ligeros. Venta de vehículos ","Nacional",2026,"04","KIA","EV6","Camiones ligeros","SUV's","IMPORTADO",48,1,"Cifras Revisadas"
"Registro Administrativo de la Industria Automotriz de Vehículos Ligeros. Venta de vehículos ","Nacional",2026,"04","KIA","KIA K3 Hatchback","Automóviles","Subcompactos","NACIONAL",1,616,"Cifras Revisadas"
"Registro Administrativo de la Industria Automotriz de Vehículos Ligeros. Venta de vehículos ","Nacional",2026,"04","KIA","KIA K3 Sedán","Automóviles","Subcompactos","NACIONAL",1,3768,"Cifras Revisadas"
"Registro Administrativo de la Industria Automotriz de Vehículos Ligeros. Venta de vehículos ","Nacional",2026,"04","KIA","KIA Niro","Camiones ligeros","SUV's","IMPORTADO",48,67,"Cifras Revisadas"
"Registro Administrativo de la Industria Automotriz de Vehículos Ligeros. Venta de vehículos ","Nacional",2026,"04","KIA","K4 Hatchback","Automóviles","Compactos","NACIONAL",1,125,"Cifras Revisadas"
"Registro Administrativo de la Industria Automotriz de Vehículos Ligeros. Venta de vehículos ","Nacional",2026,"04","KIA","K4 Sedán","Automóviles","Compactos","NACIONAL",1,862,"Cifras Revisadas"
"Registro Administrativo de la Industria Automotriz de Vehículos Ligeros. Venta de vehículos ","Nacional",2026,"04","KIA","Seltos-","Camiones ligeros","SUV's","IMPORTADO",43,981,"Cifras Revisadas"
"Registro Administrativo de la Industria Automotriz de Vehículos Ligeros. Venta de vehículos ","Nacional",2026,"04","KIA","Sonet","Camiones ligeros","SUV's","IMPORTADO",43,1117,"Cifras Revisadas"
"Registro Administrativo de la Industria Automotriz de Vehículos Ligeros. Venta de vehículos ","Nacional",2026,"04","KIA","Sorento","Camiones ligeros","SUV's","IMPORTADO",66,180,"Cifras Revisadas"
"Registro Administrativo de la Industria Automotriz de Vehículos Ligeros. Venta de vehículos ","Nacional",2026,"04","KIA","SPORTAGE","Camiones ligeros","SUV's","IMPORTADO",48,403,"Cifras Revisadas"
"Registro Administrativo de la Industria Automotriz de Vehículos Ligeros. Venta de vehículos ","Nacional",2026,"04","KIA","Sportage HEV","Camiones ligeros","SUV's","IMPORTADO",48,476,"Cifras Revisadas"
"Registro Administrativo de la Industria Automotriz de Vehículos Ligeros. Venta de vehículos ","Nacional",2026,"04","KIA","Telluride","Camiones ligeros","SUV's","IMPORTADO",66,8,"Cifras Revisadas"
"Registro Administrativo de la Industria Automotriz de Vehículos Ligeros. Venta de vehículos ","Nacional",2026,"04","Land Rover","Defender","Camiones ligeros","SUV's","IMPORTADO",181,45,"Cifras Revisadas"
"Registro Administrativo de la Industria Automotriz de Vehículos Ligeros. Venta de vehículos ","Nacional",2026,"04","Land Rover","Discovery","Automóviles","De Lujo","IMPORTADO",181,0,"Cifras Revisadas"
"Registro Administrativo de la Industria Automotriz de Vehículos Ligeros. Venta de vehículos ","Nacional",2026,"04","Land Rover","Discovery Sport","Automóviles","De Lujo","IMPORTADO",181,1,"Cifras Revisadas"
"Registro Administrativo de la Industria Automotriz de Vehículos Ligeros. Venta de vehículos ","Nacional",2026,"04","Land Rover","Range Rover","Automóviles","De Lujo","IMPORTADO",181,10,"Cifras Revisadas"
"Registro Administrativo de la Industria Automotriz de Vehículos Ligeros. Venta de vehículos ","Nacional",2026,"04","Land Rover","Range Rover Evoque","Automóviles","De Lujo","IMPORTADO",181,27,"Cifras Revisadas"
"Registro Administrativo de la Industria Automotriz de Vehículos Ligeros. Venta de vehículos ","Nacional",2026,"04","Land Rover","Range Rover Sport","Camiones ligeros","SUV's","IMPORTADO",181,48,"Cifras Revisadas"
"Registro Administrativo de la Industria Automotriz de Vehículos Ligeros. Venta de vehículos ","Nacional",2026,"04","Land Rover","Range Rover Velar","Automóviles","De Lujo","IMPORTADO",181,21,"Cifras Revisadas"
"Registro Administrativo de la Industria Automotriz de Vehículos Ligeros. Venta de vehículos ","Nacional",2026,"04","Lexus","ES","Automóviles","De Lujo","IMPORTADO",66,0,"Cifras Revisadas"
"Registro Administrativo de la Industria Automotriz de Vehículos Ligeros. Venta de vehículos ","Nacional",2026,"04","Lexus","GX","Camiones ligeros","SUV's","IMPORTADO",126,16,"Cifras Revisadas"
"Registro Administrativo de la Industria Automotriz de Vehículos Ligeros. Venta de vehículos ","Nacional",2026,"04","Lexus","IS","Automóviles","De Lujo","IMPORTADO",126,10,"Cifras Revisadas"
"Registro Administrativo de la Industria Automotriz de Vehículos Ligeros. Venta de vehículos ","Nacional",2026,"04","Lexus","LC","Automóviles","De Lujo","IMPORTADO",126,1,"Cifras Revisadas"
"Registro Administrativo de la Industria Automotriz de Vehículos Ligeros. Venta de vehículos ","Nacional",2026,"04","Lexus","LS","Automóviles","De Lujo","IMPORTADO",126,0,"Cifras Revisadas"
"Registro Administrativo de la Industria Automotriz de Vehículos Ligeros. Venta de vehículos ","Nacional",2026,"04","Lexus","LX","Camiones ligeros","SUV's","IMPORTADO",126,15,"Cifras Revisadas"
"Registro Administrativo de la Industria Automotriz de Vehículos Ligeros. Venta de vehículos ","Nacional",2026,"04","Lexus","NX","Camiones ligeros","SUV's","IMPORTADO",40,91,"Cifras Revisadas"
"Registro Administrativo de la Industria Automotriz de Vehículos Ligeros. Venta de vehículos ","Nacional",2026,"04","Lexus","RX","Camiones ligeros","SUV's","IMPORTADO",40,71,"Cifras Revisadas"
"Registro Administrativo de la Industria Automotriz de Vehículos Ligeros. Venta de vehículos ","Nacional",2026,"04","Lexus","TX","Camiones ligeros","SUV's","IMPORTADO",66,13,"Cifras Revisadas"
"Registro Administrativo de la Industria Automotriz de Vehículos Ligeros. Venta de vehículos ","Nacional",2026,"04","Lexus","UX","Camiones ligeros","SUV's","IMPORTADO",126,23,"Cifras Revisadas"
"Registro Administrativo de la Industria Automotriz de Vehículos Ligeros. Venta de vehículos ","Nacional",2026,"04","Lincoln","AVIATOR","Camiones ligeros","SUV's","IMPORTADO",66,4,"Cifras Revisadas"
"Registro Administrativo de la Industria Automotriz de Vehículos Ligeros. Venta de vehículos ","Nacional",2026,"04","Lincoln","Corsair","Camiones ligeros","SUV's","IMPORTADO",40,17,"Cifras Revisadas"
"Registro Administrativo de la Industria Automotriz de Vehículos Ligeros. Venta de vehículos ","Nacional",2026,"04","Lincoln","NAUTILUS","Automóviles","De Lujo","IMPORTADO",66,68,"Cifras Revisadas"
"Registro Administrativo de la Industria Automotriz de Vehículos Ligeros. Venta de vehículos ","Nacional",2026,"04","Lincoln","Navigator","Camiones ligeros","Minivans","IMPORTADO",66,60,"Cifras Revisadas"
"Registro Administrativo de la Industria Automotriz de Vehículos Ligeros. Venta de vehículos ","Nacional",2026,"04","Lynk&Co","01","Automóviles","De Lujo","IMPORTADO",43,16,"Cifras Revisadas"
"Registro Administrativo de la Industria Automotriz de Vehículos Ligeros. Venta de vehículos ","Nacional",2026,"04","Lynk&Co","02","Automóviles","De Lujo","IMPORTADO",43,14,"Cifras Revisadas"
"Registro Administrativo de la Industria Automotriz de Vehículos Ligeros. Venta de vehículos ","Nacional",2026,"04","Lynk&Co","08","Automóviles","De Lujo","IMPORTADO",43,100,"Cifras Revisadas"
"Registro Administrativo de la Industria Automotriz de Vehículos Ligeros. Venta de vehículos ","Nacional",2026,"04","Lynk&Co","09","Automóviles","De Lujo","IMPORTADO",43,8,"Cifras Revisadas"
"Registro Administrativo de la Industria Automotriz de Vehículos Ligeros. Venta de vehículos ","Nacional",2026,"04","Mazda","BT-50","Camiones ligeros","Pick Ups","IMPORTADO",214,179,"Cifras Revisadas"
"Registro Administrativo de la Industria Automotriz de Vehículos Ligeros. Venta de vehículos ","Nacional",2026,"04","Mazda","CX-3","Camiones ligeros","SUV's","IMPORTADO",126,0,"Cifras Revisadas"
"Registro Administrativo de la Industria Automotriz de Vehículos Ligeros. Venta de vehículos ","Nacional",2026,"04","Mazda","CX-3","Camiones ligeros","SUV's","NACIONAL",1,499,"Cifras Revisadas"
"Registro Administrativo de la Industria Automotriz de Vehículos Ligeros. Venta de vehículos ","Nacional",2026,"04","Mazda","CX-30","Camiones ligeros","SUV's","NACIONAL",1,2346,"Cifras Revisadas"
"Registro Administrativo de la Industria Automotriz de Vehículos Ligeros. Venta de vehículos ","Nacional",2026,"04","Mazda","CX-5","Camiones ligeros","SUV's","IMPORTADO",126,2092,"Cifras Revisadas"
"Registro Administrativo de la Industria Automotriz de Vehículos Ligeros. Venta de vehículos ","Nacional",2026,"04","Mazda","CX-50","Camiones ligeros","SUV's","IMPORTADO",66,314,"Cifras Revisadas"
"Registro Administrativo de la Industria Automotriz de Vehículos Ligeros. Venta de vehículos ","Nacional",2026,"04","Mazda","Cx-7","Camiones ligeros","SUV's","IMPORTADO",126,0,"Cifras Revisadas"
"Registro Administrativo de la Industria Automotriz de Vehículos Ligeros. Venta de vehículos ","Nacional",2026,"04","Mazda","CX-70","Camiones ligeros","SUV's","IMPORTADO",126,53,"Cifras Revisadas"
"Registro Administrativo de la Industria Automotriz de Vehículos Ligeros. Venta de vehículos ","Nacional",2026,"04","Mazda","CX-9","Camiones ligeros","SUV's","IMPORTADO",126,0,"Cifras Revisadas"
"Registro Administrativo de la Industria Automotriz de Vehículos Ligeros. Venta de vehículos ","Nacional",2026,"04","Mazda","CX-90","Camiones ligeros","SUV's","IMPORTADO",126,264,"Cifras Revisadas"
"Registro Administrativo de la Industria Automotriz de Vehículos Ligeros. Venta de vehículos ","Nacional",2026,"04","Mazda","Mazda 2","Automóviles","Subcompactos","IMPORTADO",126,0,"Cifras Revisadas"
"Registro Administrativo de la Industria Automotriz de Vehículos Ligeros. Venta de vehículos ","Nacional",2026,"04","Mazda","Mazda 2 Hatchback","Automóviles","Subcompactos","NACIONAL",1,275,"Cifras Revisadas"
"Registro Administrativo de la Industria Automotriz de Vehículos Ligeros. Venta de vehículos ","Nacional",2026,"04","Mazda","Mazda 2 Sedán","Automóviles","Subcompactos","NACIONAL",1,1329,"Cifras Revisadas"
"Registro Administrativo de la Industria Automotriz de Vehículos Ligeros. Venta de vehículos ","Nacional",2026,"04","Mazda","Mazda 3 Hatchback","Automóviles","Compactos","IMPORTADO",126,192,"Cifras Revisadas"
"Registro Administrativo de la Industria Automotriz de Vehículos Ligeros. Venta de vehículos ","Nacional",2026,"04","Mazda","Mazda 3 Hatchback","Automóviles","Compactos","NACIONAL",1,0,"Cifras Revisadas"
"Registro Administrativo de la Industria Automotriz de Vehículos Ligeros. Venta de vehículos ","Nacional",2026,"04","Mazda","Mazda 3 Sedán","Automóviles","Compactos","IMPORTADO",126,0,"Cifras Revisadas"
"Registro Administrativo de la Industria Automotriz de Vehículos Ligeros. Venta de vehículos ","Nacional",2026,"04","Mazda","Mazda 3 Sedán-","Automóviles","Compactos","NACIONAL",1,691,"Cifras Revisadas"
"Registro Administrativo de la Industria Automotriz de Vehículos Ligeros. Venta de vehículos ","Nacional",2026,"04","Mazda","Mazda 5","Automóviles","Compactos","IMPORTADO",126,0,"Cifras Revisadas"
"Registro Administrativo de la Industria Automotriz de Vehículos Ligeros. Venta de vehículos ","Nacional",2026,"04","Mazda","Mazda 6","Automóviles","De Lujo","IMPORTADO",126,0,"Cifras Revisadas"
"Registro Administrativo de la Industria Automotriz de Vehículos Ligeros. Venta de vehículos ","Nacional",2026,"04","Mazda","Mx-5","Automóviles","Deportivos","IMPORTADO",126,157,"Cifras Revisadas"
"Registro Administrativo de la Industria Automotriz de Vehículos Ligeros. Venta de vehículos ","Nacional",2026,"04","Mercedes Benz","AMG GT","Automóviles","De Lujo","IMPORTADO",4,3,"Cifras Revisadas"
"Registro Administrativo de la Industria Automotriz de Vehículos Ligeros. Venta de vehículos ","Nacional",2026,"04","Mercedes Benz","CLA","Automóviles","De Lujo","IMPORTADO",94,68,"Cifras Revisadas"
"Registro Administrativo de la Industria Automotriz de Vehículos Ligeros. Venta de vehículos ","Nacional",2026,"04","Mercedes Benz","Clase A hatchback","Automóviles","De Lujo","IMPORTADO",4,13,"Cifras Revisadas"
"Registro Administrativo de la Industria Automotriz de Vehículos Ligeros. Venta de vehículos ","Nacional",2026,"04","Mercedes Benz","Clase A Sedan","Automóviles","De Lujo","IMPORTADO",4,7,"Cifras Revisadas"
"Registro Administrativo de la Industria Automotriz de Vehículos Ligeros. Venta de vehículos ","Nacional",2026,"04","Mercedes Benz","Clase C coupe","Automóviles","De Lujo","IMPORTADO",4,0,"Cifras Revisadas"
"Registro Administrativo de la Industria Automotriz de Vehículos Ligeros. Venta de vehículos ","Nacional",2026,"04","Mercedes Benz","Clase C Sedan","Automóviles","De Lujo","IMPORTADO",4,19,"Cifras Revisadas"
"Registro Administrativo de la Industria Automotriz de Vehículos Ligeros. Venta de vehículos ","Nacional",2026,"04","Mercedes Benz","Clase E coupe","Automóviles","De Lujo","IMPORTADO",4,0,"Cifras Revisadas"
"Registro Administrativo de la Industria Automotriz de Vehículos Ligeros. Venta de vehículos ","Nacional",2026,"04","Mercedes Benz","Clase E sedan","Automóviles","De Lujo","IMPORTADO",4,14,"Cifras Revisadas"
"Registro Administrativo de la Industria Automotriz de Vehículos Ligeros. Venta de vehículos ","Nacional",2026,"04","Mercedes Benz","Clase G","Camiones ligeros","SUV's","IMPORTADO",17,19,"Cifras Revisadas"
"Registro Administrativo de la Industria Automotriz de Vehículos Ligeros. Venta de vehículos ","Nacional",2026,"04","Mercedes Benz","Clase GLE","Camiones ligeros","SUV's","IMPORTADO",66,105,"Cifras Revisadas"
"Registro Administrativo de la Industria Automotriz de Vehículos Ligeros. Venta de vehículos ","Nacional",2026,"04","Mercedes Benz","Clase GLS","Camiones ligeros","SUV's","IMPORTADO",66,17,"Cifras Revisadas"
"Registro Administrativo de la Industria Automotriz de Vehículos Ligeros. Venta de vehículos ","Nacional",2026,"04","Mercedes Benz","Clase S coupe","Automóviles","De Lujo","IMPORTADO",4,0,"Cifras Revisadas"
"Registro Administrativo de la Industria Automotriz de Vehículos Ligeros. Venta de vehículos ","Nacional",2026,"04","Mercedes Benz","Clase S sedan","Automóviles","De Lujo","IMPORTADO",4,4,"Cifras Revisadas"
"Registro Administrativo de la Industria Automotriz de Vehículos Ligeros. Venta de vehículos ","Nacional",2026,"04","Mercedes Benz","Clase SL","Automóviles","De Lujo","IMPORTADO",4,4,"Cifras Revisadas"
"Registro Administrativo de la Industria Automotriz de Vehículos Ligeros. Venta de vehículos ","Nacional",2026,"04","Mercedes Benz","Clase V","Camiones ligeros","SUV's","IMPORTADO",64,0,"Cifras Revisadas"
"Registro Administrativo de la Industria Automotriz de Vehículos Ligeros. Venta de vehículos ","Nacional",2026,"04","Mercedes Benz","CLE","Automóviles","De Lujo","IMPORTADO",4,17,"Cifras Revisadas"
"Registro Administrativo de la Industria Automotriz de Vehículos Ligeros. Venta de vehículos ","Nacional",2026,"04","Mercedes Benz","CLS","Automóviles","De Lujo","IMPORTADO",4,0,"Cifras Revisadas"
"Registro Administrativo de la Industria Automotriz de Vehículos Ligeros. Venta de vehículos ","Nacional",2026,"04","Mercedes Benz","EQA","Camiones ligeros","SUV's","IMPORTADO",4,2,"Cifras Revisadas"
"Registro Administrativo de la Industria Automotriz de Vehículos Ligeros. Venta de vehículos ","Nacional",2026,"04","Mercedes Benz","EQB","Camiones ligeros","SUV's","IMPORTADO",94,0,"Cifras Revisadas"
"Registro Administrativo de la Industria Automotriz de Vehículos Ligeros. Venta de vehículos ","Nacional",2026,"04","Mercedes Benz","EQC","Camiones ligeros","SUV's","IMPORTADO",4,1,"Cifras Revisadas"
"Registro Administrativo de la Industria Automotriz de Vehículos Ligeros. Venta de vehículos ","Nacional",2026,"04","Mercedes Benz","EQE","Automóviles","De Lujo","IMPORTADO",4,0,"Cifras Revisadas"
"Registro Administrativo de la Industria Automotriz de Vehículos Ligeros. Venta de vehículos ","Nacional",2026,"04","Mercedes Benz","EQE SUV","Camiones ligeros","SUV's","IMPORTADO",66,13,"Cifras Revisadas"
"Registro Administrativo de la Industria Automotriz de Vehículos Ligeros. Venta de vehículos ","Nacional",2026,"04","Mercedes Benz","EQS","Automóviles","De Lujo","IMPORTADO",4,1,"Cifras Revisadas"
"Registro Administrativo de la Industria Automotriz de Vehículos Ligeros. Venta de vehículos ","Nacional",2026,"04","Mercedes Benz","EQS SUV","Camiones ligeros","SUV's","IMPORTADO",66,1,"Cifras Revisadas"
"Registro Administrativo de la Industria Automotriz de Vehículos Ligeros. Venta de vehículos ","Nacional",2026,"04","Mercedes Benz","GLA","Camiones ligeros","SUV's","IMPORTADO",4,17,"Cifras Revisadas"
"Registro Administrativo de la Industria Automotriz de Vehículos Ligeros. Venta de vehículos ","Nacional",2026,"04","Mercedes Benz","GLB","Camiones ligeros","SUV's","NACIONAL",1,54,"Cifras Revisadas"
"Registro Administrativo de la Industria Automotriz de Vehículos Ligeros. Venta de vehículos ","Nacional",2026,"04","Mercedes Benz","GLC","Camiones ligeros","SUV's","IMPORTADO",4,132,"Cifras Revisadas"
"Registro Administrativo de la Industria Automotriz de Vehículos Ligeros. Venta de vehículos ","Nacional",2026,"04","Mercedes Benz","SLC","Automóviles","De Lujo","IMPORTADO",4,0,"Cifras Revisadas"
"Registro Administrativo de la Industria Automotriz de Vehículos Ligeros. Venta de vehículos ","Nacional",2026,"04","Mercedes Benz","Sprinter","Camiones ligeros","SUV's","IMPORTADO",4,115,"Cifras Revisadas"
"Registro Administrativo de la Industria Automotriz de Vehículos Ligeros. Venta de vehículos ","Nacional",2026,"04","Mercedes Benz","Vito","Camiones ligeros","SUV's","IMPORTADO",64,4,"Cifras Revisadas"
"Registro Administrativo de la Industria Automotriz de Vehículos Ligeros. Venta de vehículos ","Nacional",2026,"04","MG Motor","CYBERSTER","Automóviles","Deportivos","IMPORTADO",43,8,"Cifras Revisadas"
"Registro Administrativo de la Industria Automotriz de Vehículos Ligeros. Venta de vehículos ","Nacional",2026,"04","MG Motor","eHS","Camiones ligeros","SUV's","IMPORTADO",43,7,"Cifras Revisadas"
"Registro Administrativo de la Industria Automotriz de Vehículos Ligeros. Venta de vehículos ","Nacional",2026,"04","MG Motor","GT","Automóviles","Compactos","IMPORTADO",43,0,"Cifras Revisadas"
"Registro Administrativo de la Industria Automotriz de Vehículos Ligeros. Venta de vehículos ","Nacional",2026,"04","MG Motor","HS","Camiones ligeros","SUV's","IMPORTADO",43,100,"Cifras Revisadas"
"Registro Administrativo de la Industria Automotriz de Vehículos Ligeros. Venta de vehículos ","Nacional",2026,"04","MG Motor","HS PHEV","Camiones ligeros","SUV's","IMPORTADO",43,35,"Cifras Revisadas"
"Registro Administrativo de la Industria Automotriz de Vehículos Ligeros. Venta de vehículos ","Nacional",2026,"04","MG Motor","HSHEV","Camiones ligeros","SUV's","IMPORTADO",43,99,"Cifras Revisadas"
"Registro Administrativo de la Industria Automotriz de Vehículos Ligeros. Venta de vehículos ","Nacional",2026,"04","MG Motor","IMLS7","Camiones ligeros","SUV's","IMPORTADO",43,16,"Cifras Revisadas"
"Registro Administrativo de la Industria Automotriz de Vehículos Ligeros. Venta de vehículos ","Nacional",2026,"04","MG Motor","MG One","Camiones ligeros","SUV's","IMPORTADO",43,0,"Cifras Revisadas"
"Registro Administrativo de la Industria Automotriz de Vehículos Ligeros. Venta de vehículos ","Nacional",2026,"04","MG Motor","MG3","Automóviles","Subcompactos","IMPORTADO",43,776,"Cifras Revisadas"
"Registro Administrativo de la Industria Automotriz de Vehículos Ligeros. Venta de vehículos ","Nacional",2026,"04","MG Motor","MG3HEV","Automóviles","Subcompactos","IMPORTADO",43,52,"Cifras Revisadas"
"Registro Administrativo de la Industria Automotriz de Vehículos Ligeros. Venta de vehículos ","Nacional",2026,"04","MG Motor","MG4","Automóviles","Subcompactos","IMPORTADO",43,20,"Cifras Revisadas"
"Registro Administrativo de la Industria Automotriz de Vehículos Ligeros. Venta de vehículos ","Nacional",2026,"04","MG Motor","MG5","Automóviles","Compactos","IMPORTADO",43,2257,"Cifras Revisadas"
"Registro Administrativo de la Industria Automotriz de Vehículos Ligeros. Venta de vehículos ","Nacional",2026,"04","MG Motor","MG7","Automóviles","De Lujo","IMPORTADO",43,35,"Cifras Revisadas"
"Registro Administrativo de la Industria Automotriz de Vehículos Ligeros. Venta de vehículos ","Nacional",2026,"04","MG Motor","RX5","Camiones ligeros","SUV's","IMPORTADO",43,2,"Cifras Revisadas"
"Registro Administrativo de la Industria Automotriz de Vehículos Ligeros. Venta de vehículos ","Nacional",2026,"04","MG Motor","RX8","Camiones ligeros","SUV's","IMPORTADO",43,5,"Cifras Revisadas"
"Registro Administrativo de la Industria Automotriz de Vehículos Ligeros. Venta de vehículos ","Nacional",2026,"04","MG Motor","RX9","Camiones ligeros","SUV's","IMPORTADO",43,50,"Cifras Revisadas"
"Registro Administrativo de la Industria Automotriz de Vehículos Ligeros. Venta de vehículos ","Nacional",2026,"04","MG Motor","ZS","Camiones ligeros","SUV's","IMPORTADO",43,556,"Cifras Revisadas"
"Registro Administrativo de la Industria Automotriz de Vehículos Ligeros. Venta de vehículos ","Nacional",2026,"04","MG Motor","ZSEV","Camiones ligeros","SUV's","IMPORTADO",43,0,"Cifras Revisadas"
"Registro Administrativo de la Industria Automotriz de Vehículos Ligeros. Venta de vehículos ","Nacional",2026,"04","MG Motor","ZSHEV","Camiones ligeros","SUV's","IMPORTADO",43,238,"Cifras Revisadas"
"Registro Administrativo de la Industria Automotriz de Vehículos Ligeros. Venta de vehículos ","Nacional",2026,"04","Mini","MINI Aceman","Automóviles","De Lujo","IMPORTADO",43,35,"Cifras Revisadas"
"Registro Administrativo de la Industria Automotriz de Vehículos Ligeros. Venta de vehículos ","Nacional",2026,"04","Mini","MINI CONVERTIBLE","Automóviles","De Lujo","IMPORTADO",181,17,"Cifras Revisadas"
"Registro Administrativo de la Industria Automotriz de Vehículos Ligeros. Venta de vehículos ","Nacional",2026,"04","Mini","MINI COUNTRYMAN","Camiones ligeros","SUV's","IMPORTADO",181,52,"Cifras Revisadas"
"Registro Administrativo de la Industria Automotriz de Vehículos Ligeros. Venta de vehículos ","Nacional",2026,"04","Mini","MINI Countryman E","Automóviles","De Lujo","IMPORTADO",4,20,"Cifras Revisadas"
"Registro Administrativo de la Industria Automotriz de Vehículos Ligeros. Venta de vehículos ","Nacional",2026,"04","Mini","MINI E","Automóviles","De Lujo","IMPORTADO",43,35,"Cifras Revisadas"
"Registro Administrativo de la Industria Automotriz de Vehículos Ligeros. Venta de vehículos ","Nacional",2026,"04","Mini","MINI 3 PTAS","Automóviles","De Lujo","IMPORTADO",181,73,"Cifras Revisadas"
"Registro Administrativo de la Industria Automotriz de Vehículos Ligeros. Venta de vehículos ","Nacional",2026,"04","Mini","MINI 5 PTAS","Automóviles","De Lujo","IMPORTADO",181,31,"Cifras Revisadas"
"Registro Administrativo de la Industria Automotriz de Vehículos Ligeros. Venta de vehículos ","Nacional",2026,"04","Mitsubishi","L200","Camiones ligeros","Pick Ups","IMPORTADO",214,978,"Cifras Revisadas"
"Registro Administrativo de la Industria Automotriz de Vehículos Ligeros. Venta de vehículos ","Nacional",2026,"04","Mitsubishi","Mirage","Automóviles","Subcompactos","IMPORTADO",214,0,"Cifras Revisadas"
"Registro Administrativo de la Industria Automotriz de Vehículos Ligeros. Venta de vehículos ","Nacional",2026,"04","Mitsubishi","Mirage G4","Automóviles","Subcompactos","IMPORTADO",214,85,"Cifras Revisadas"
"Registro Administrativo de la Industria Automotriz de Vehículos Ligeros. Venta de vehículos ","Nacional",2026,"04","Mitsubishi","Montero Sport","Camiones ligeros","SUV's","IMPORTADO",214,2,"Cifras Revisadas"
"Registro Administrativo de la Industria Automotriz de Vehículos Ligeros. Venta de vehículos ","Nacional",2026,"04","Mitsubishi","Outlander","Camiones ligeros","SUV's","IMPORTADO",126,183,"Cifras Revisadas"
"Registro Administrativo de la Industria Automotriz de Vehículos Ligeros. Venta de vehículos ","Nacional",2026,"04","Mitsubishi","Outlander PHEV","Camiones ligeros","SUV's","IMPORTADO",126,20,"Cifras Revisadas"
"Registro Administrativo de la Industria Automotriz de Vehículos Ligeros. Venta de vehículos ","Nacional",2026,"04","Mitsubishi","Outlander Sport","Camiones ligeros","SUV's","IMPORTADO",96,508,"Cifras Revisadas"
"Registro Administrativo de la Industria Automotriz de Vehículos Ligeros. Venta de vehículos ","Nacional",2026,"04","Mitsubishi","Xpander","Camiones ligeros","SUV's","IMPORTADO",96,313,"Cifras Revisadas"
"Registro Administrativo de la Industria Automotriz de Vehículos Ligeros. Venta de vehículos ","Nacional",2026,"04","MOTORNATION","BAIC EU5","Automóviles","Compactos","IMPORTADO",43,10,"Cifras Revisadas"
"Registro Administrativo de la Industria Automotriz de Vehículos Ligeros. Venta de vehículos ","Nacional",2026,"04","MOTORNATION","BAIC X35","Camiones ligeros","SUV's","IMPORTADO",999,13,"Cifras Revisadas"
"Registro Administrativo de la Industria Automotriz de Vehículos Ligeros. Venta de vehículos ","Nacional",2026,"04","MOTORNATION","CHANGAN ALSVIN","Automóviles","Subcompactos","IMPORTADO",43,2,"Cifras Revisadas"
"Registro Administrativo de la Industria Automotriz de Vehículos Ligeros. Venta de vehículos ","Nacional",2026,"04","MOTORNATION","CHANGAN CS35PLUS","Camiones ligeros","SUV's","IMPORTADO",43,1,"Cifras Revisadas"
"Registro Administrativo de la Industria Automotriz de Vehículos Ligeros. Venta de vehículos ","Nacional",2026,"04","MOTORNATION","CHANGAN CS55PLUS","Camiones ligeros","SUV's","IMPORTADO",43,3,"Cifras Revisadas"
"Registro Administrativo de la Industria Automotriz de Vehículos Ligeros. Venta de vehículos ","Nacional",2026,"04","MOTORNATION","CHANGAN HUNTER","Camiones ligeros","Pick Ups","IMPORTADO",43,1,"Cifras Revisadas"
"Registro Administrativo de la Industria Automotriz de Vehículos Ligeros. Venta de vehículos ","Nacional",2026,"04","MOTORNATION","CHANGAN UNI-K ","Camiones ligeros","SUV's","IMPORTADO",43,5,"Cifras Revisadas"
"Registro Administrativo de la Industria Automotriz de Vehículos Ligeros. Venta de vehículos ","Nacional",2026,"04","MOTORNATION","DFSK E5","Camiones ligeros","SUV's","IMPORTADO",43,2,"Cifras Revisadas"
"Registro Administrativo de la Industria Automotriz de Vehículos Ligeros. Venta de vehículos ","Nacional",2026,"04","MOTORNATION","JMC GRAND AVENUE","Camiones ligeros","Pick Ups","IMPORTADO",43,3,"Cifras Revisadas"
"Registro Administrativo de la Industria Automotriz de Vehículos Ligeros. Venta de vehículos ","Nacional",2026,"04","MOTORNATION","JMC VIGUS","Camiones ligeros","Pick Ups","IMPORTADO",43,7,"Cifras Revisadas"
"Registro Administrativo de la Industria Automotriz de Vehículos Ligeros. Venta de vehículos ","Nacional",2026,"04","MOTORNATION","SERES 5 EV","Camiones ligeros","SUV's","IMPORTADO",43,1,"Cifras Revisadas"
"Registro Administrativo de la Industria Automotriz de Vehículos Ligeros. Venta de vehículos ","Nacional",2026,"04","MOTORNATION","SERES 5 MAX ","Camiones ligeros","Pick Ups","IMPORTADO",43,3,"Cifras Revisadas"
"Registro Administrativo de la Industria Automotriz de Vehículos Ligeros. Venta de vehículos ","Nacional",2026,"04","Nissan","Altima","Automóviles","De Lujo","IMPORTADO",66,0,"Cifras Revisadas"
"Registro Administrativo de la Industria Automotriz de Vehículos Ligeros. Venta de vehículos ","Nacional",2026,"04","Nissan","Armada","Camiones ligeros","SUV's","IMPORTADO",66,0,"Cifras Revisadas"
"Registro Administrativo de la Industria Automotriz de Vehículos Ligeros. Venta de vehículos ","Nacional",2026,"04","Nissan","Cabstar Mediano","Camiones ligeros","Pick Ups","IMPORTADO",64,0,"Cifras Revisadas"
"Registro Administrativo de la Industria Automotriz de Vehículos Ligeros. Venta de vehículos ","Nacional",2026,"04","Nissan","Frontier V6","Camiones ligeros","Pick Ups","IMPORTADO",66,64,"Cifras Revisadas"
"Registro Administrativo de la Industria Automotriz de Vehículos Ligeros. Venta de vehículos ","Nacional",2026,"04","Nissan","GT-R","Automóviles","Deportivos","IMPORTADO",126,0,"Cifras Revisadas"
"Registro Administrativo de la Industria Automotriz de Vehículos Ligeros. Venta de vehículos ","Nacional",2026,"04","Nissan","Juke","Automóviles","Compactos","IMPORTADO",126,0,"Cifras Revisadas"
"Registro Administrativo de la Industria Automotriz de Vehículos Ligeros. Venta de vehículos ","Nacional",2026,"04","Nissan","Kicks","Camiones ligeros","SUV's","NACIONAL",1,2341,"Cifras Revisadas"
"Registro Administrativo de la Industria Automotriz de Vehículos Ligeros. Venta de vehículos ","Nacional",2026,"04","Nissan","Leaf","Automóviles","Compactos","IMPORTADO",126,0,"Cifras Revisadas"
"Registro Administrativo de la Industria Automotriz de Vehículos Ligeros. Venta de vehículos ","Nacional",2026,"04","Nissan","Magnite","Camiones ligeros","SUV's","IMPORTADO",95,3139,"Cifras Revisadas"
"Registro Administrativo de la Industria Automotriz de Vehículos Ligeros. Venta de vehículos ","Nacional",2026,"04","Nissan","March","Automóviles","Subcompactos","NACIONAL",1,2200,"Cifras Revisadas"
"Registro Administrativo de la Industria Automotriz de Vehículos Ligeros. Venta de vehículos ","Nacional",2026,"04","Nissan","Maxima","Automóviles","De Lujo","IMPORTADO",126,0,"Cifras Revisadas"
"Registro Administrativo de la Industria Automotriz de Vehículos Ligeros. Venta de vehículos ","Nacional",2026,"04","Nissan","Murano","Camiones ligeros","SUV's","IMPORTADO",126,0,"Cifras Revisadas"
"Registro Administrativo de la Industria Automotriz de Vehículos Ligeros. Venta de vehículos ","Nacional",2026,"04","Nissan","Note","Automóviles","Compactos","NACIONAL",1,0,"Cifras Revisadas"
"Registro Administrativo de la Industria Automotriz de Vehículos Ligeros. Venta de vehículos ","Nacional",2026,"04","Nissan","NP300","Camiones ligeros","Pick Ups","NACIONAL",1,3778,"Cifras Revisadas"
"Registro Administrativo de la Industria Automotriz de Vehículos Ligeros. Venta de vehículos ","Nacional",2026,"04","Nissan","NV 200 Cargo","Camiones ligeros","SUV's","NACIONAL",1,0,"Cifras Revisadas"
"Registro Administrativo de la Industria Automotriz de Vehículos Ligeros. Venta de vehículos ","Nacional",2026,"04","Nissan","NV 200 NY TAXI","Camiones ligeros","SUV's","NACIONAL",1,0,"Cifras Revisadas"
"Registro Administrativo de la Industria Automotriz de Vehículos Ligeros. Venta de vehículos ","Nacional",2026,"04","Nissan","NV2500 V6 Toldo Alto","Camiones ligeros","Minivans","IMPORTADO",66,0,"Cifras Revisadas"
"Registro Administrativo de la Industria Automotriz de Vehículos Ligeros. Venta de vehículos ","Nacional",2026,"04","Nissan","Pathfinder","Camiones ligeros","SUV's","IMPORTADO",126,42,"Cifras Revisadas"
"Registro Administrativo de la Industria Automotriz de Vehículos Ligeros. Venta de vehículos ","Nacional",2026,"04","Nissan","Sentra","Automóviles","Compactos","NACIONAL",1,901,"Cifras Revisadas"
"Registro Administrativo de la Industria Automotriz de Vehículos Ligeros. Venta de vehículos ","Nacional",2026,"04","Nissan","Tiida Sedan","Automóviles","Compactos","NACIONAL",1,0,"Cifras Revisadas"
"Registro Administrativo de la Industria Automotriz de Vehículos Ligeros. Venta de vehículos ","Nacional",2026,"04","Nissan","Titan","Camiones ligeros","Pick Ups","IMPORTADO",66,0,"Cifras Revisadas"
"Registro Administrativo de la Industria Automotriz de Vehículos Ligeros. Venta de vehículos ","Nacional",2026,"04","Nissan","Urvan Panel","Camiones ligeros","SUV's","IMPORTADO",126,546,"Cifras Revisadas"
"Registro Administrativo de la Industria Automotriz de Vehículos Ligeros. Venta de vehículos ","Nacional",2026,"04","Nissan","Urvan Pasajeros","Camiones ligeros","SUV's","IMPORTADO",126,421,"Cifras Revisadas"
"Registro Administrativo de la Industria Automotriz de Vehículos Ligeros. Venta de vehículos ","Nacional",2026,"04","Nissan","Versa","Automóviles","Compactos","NACIONAL",1,4373,"Cifras Revisadas"
"Registro Administrativo de la Industria Automotriz de Vehículos Ligeros. Venta de vehículos ","Nacional",2026,"04","Nissan","Xtrail","Camiones ligeros","SUV's","IMPORTADO",126,1420,"Cifras Revisadas"
"Registro Administrativo de la Industria Automotriz de Vehículos Ligeros. Venta de vehículos ","Nacional",2026,"04","Nissan","Z","Automóviles","Deportivos","IMPORTADO",126,5,"Cifras Revisadas"
"Registro Administrativo de la Industria Automotriz de Vehículos Ligeros. Venta de vehículos ","Nacional",2026,"04","Nissan","370 Z","Automóviles","Deportivos","IMPORTADO",126,0,"Cifras Revisadas"
"Registro Administrativo de la Industria Automotriz de Vehículos Ligeros. Venta de vehículos ","Nacional",2026,"04","Peugeot","E-Partner","Camiones ligeros","Minivans","IMPORTADO",64,2,"Cifras Revisadas"
"Registro Administrativo de la Industria Automotriz de Vehículos Ligeros. Venta de vehículos ","Nacional",2026,"04","Peugeot","Expert Cargo Van","Camiones ligeros","Pick Ups","IMPORTADO",74,95,"Cifras Revisadas"
"Registro Administrativo de la Industria Automotriz de Vehículos Ligeros. Venta de vehículos ","Nacional",2026,"04","Peugeot","Manager Hdi","Camiones ligeros","Pick Ups","IMPORTADO",124,62,"Cifras Revisadas"
"Registro Administrativo de la Industria Automotriz de Vehículos Ligeros. Venta de vehículos ","Nacional",2026,"04","Peugeot","Partner","Camiones ligeros","Pick Ups","IMPORTADO",64,276,"Cifras Revisadas"
"Registro Administrativo de la Industria Automotriz de Vehículos Ligeros. Venta de vehículos ","Nacional",2026,"04","Peugeot","Partner Rapid","Camiones ligeros","Minivans","IMPORTADO",31,252,"Cifras Revisadas"
"Registro Administrativo de la Industria Automotriz de Vehículos Ligeros. Venta de vehículos ","Nacional",2026,"04","Peugeot","RIFTER","Camiones ligeros","Pick Ups","IMPORTADO",64,132,"Cifras Revisadas"
"Registro Administrativo de la Industria Automotriz de Vehículos Ligeros. Venta de vehículos ","Nacional",2026,"04","Peugeot","2008","Camiones ligeros","SUV's","IMPORTADO",74,215,"Cifras Revisadas"
"Registro Administrativo de la Industria Automotriz de Vehículos Ligeros. Venta de vehículos ","Nacional",2026,"04","Peugeot","3008","Camiones ligeros","SUV's","IMPORTADO",74,141,"Cifras Revisadas"
"Registro Administrativo de la Industria Automotriz de Vehículos Ligeros. Venta de vehículos ","Nacional",2026,"04","Peugeot","5008","Camiones ligeros","SUV's","IMPORTADO",74,50,"Cifras Revisadas"
"Registro Administrativo de la Industria Automotriz de Vehículos Ligeros. Venta de vehículos ","Nacional",2026,"04","Porsche","Cayenne","Camiones ligeros","SUV's","IMPORTADO",4,77,"Cifras Revisadas"
"Registro Administrativo de la Industria Automotriz de Vehículos Ligeros. Venta de vehículos ","Nacional",2026,"04","Porsche","Cayman","Automóviles","De Lujo","IMPORTADO",4,0,"Cifras Revisadas"
"Registro Administrativo de la Industria Automotriz de Vehículos Ligeros. Venta de vehículos ","Nacional",2026,"04","Porsche","Macan","Camiones ligeros","SUV's","IMPORTADO",4,82,"Cifras Revisadas"
"Registro Administrativo de la Industria Automotriz de Vehículos Ligeros. Venta de vehículos ","Nacional",2026,"04","Porsche","Panamera","Automóviles","De Lujo","IMPORTADO",4,1,"Cifras Revisadas"
"Registro Administrativo de la Industria Automotriz de Vehículos Ligeros. Venta de vehículos ","Nacional",2026,"04","Porsche","Taycan","Automóviles","Deportivos","IMPORTADO",4,4,"Cifras Revisadas"
"Registro Administrativo de la Industria Automotriz de Vehículos Ligeros. Venta de vehículos ","Nacional",2026,"04","Porsche","718 Boxster","Automóviles","Deportivos","IMPORTADO",4,0,"Cifras Revisadas"
"Registro Administrativo de la Industria Automotriz de Vehículos Ligeros. Venta de vehículos ","Nacional",2026,"04","Porsche","911 Carrera / Turbo / GT","Automóviles","Deportivos","IMPORTADO",4,108,"Cifras Revisadas"
"Registro Administrativo de la Industria Automotriz de Vehículos Ligeros. Venta de vehículos ","Nacional",2026,"04","Renault","Arkana","Camiones ligeros","SUV's","IMPORTADO",48,212,"Cifras Revisadas"
"Registro Administrativo de la Industria Automotriz de Vehículos Ligeros. Venta de vehículos ","Nacional",2026,"04","Renault","Boreal","Camiones ligeros","SUV's","IMPORTADO",31,89,"Cifras Revisadas"
"Registro Administrativo de la Industria Automotriz de Vehículos Ligeros. Venta de vehículos ","Nacional",2026,"04","Renault","Duster","Camiones ligeros","SUV's","IMPORTADO",46,45,"Cifras Revisadas"
"Registro Administrativo de la Industria Automotriz de Vehículos Ligeros. Venta de vehículos ","Nacional",2026,"04","Renault","Kangoo","Camiones ligeros","Pick Ups","IMPORTADO",12,125,"Cifras Revisadas"
"Registro Administrativo de la Industria Automotriz de Vehículos Ligeros. Venta de vehículos ","Nacional",2026,"04","Renault","Kangoo ZE","Camiones ligeros","Pick Ups","IMPORTADO",12,9,"Cifras Revisadas"
"Registro Administrativo de la Industria Automotriz de Vehículos Ligeros. Venta de vehículos ","Nacional",2026,"04","Renault","Kardian","Automóviles","Compactos","IMPORTADO",31,270,"Cifras Revisadas"
"Registro Administrativo de la Industria Automotriz de Vehículos Ligeros. Venta de vehículos ","Nacional",2026,"04","Renault","Koleos","Camiones ligeros","SUV's","IMPORTADO",48,1,"Cifras Revisadas"
"Registro Administrativo de la Industria Automotriz de Vehículos Ligeros. Venta de vehículos ","Nacional",2026,"04","Renault","Kwid","Automóviles","Subcompactos","IMPORTADO",31,1747,"Cifras Revisadas"
"Registro Administrativo de la Industria Automotriz de Vehículos Ligeros. Venta de vehículos ","Nacional",2026,"04","Renault","Kwid e-Tech","Automóviles","Subcompactos","IMPORTADO",43,2,"Cifras Revisadas"
"Registro Administrativo de la Industria Automotriz de Vehículos Ligeros. Venta de vehículos ","Nacional",2026,"04","Renault","Master","Camiones ligeros","Minivans","IMPORTADO",74,28,"Cifras Revisadas"
"Registro Administrativo de la Industria Automotriz de Vehículos Ligeros. Venta de vehículos ","Nacional",2026,"04","Renault","Master E- Tech eléctrico","Camiones ligeros","Minivans","IMPORTADO",74,101,"Cifras Revisadas"
"Registro Administrativo de la Industria Automotriz de Vehículos Ligeros. Venta de vehículos ","Nacional",2026,"04","Renault","MEGANE E-TECH","Automóviles","Subcompactos","IMPORTADO",74,12,"Cifras Revisadas"
"Registro Administrativo de la Industria Automotriz de Vehículos Ligeros. Venta de vehículos ","Nacional",2026,"04","Renault","Nueva Koleos","Camiones ligeros","SUV's","IMPORTADO",48,189,"Cifras Revisadas"
"Registro Administrativo de la Industria Automotriz de Vehículos Ligeros. Venta de vehículos ","Nacional",2026,"04","Renault","Oroch","Camiones ligeros","Pick Ups","IMPORTADO",31,170,"Cifras Revisadas"
"Registro Administrativo de la Industria Automotriz de Vehículos Ligeros. Venta de vehículos ","Nacional",2026,"04","SEAT","Arona","Camiones ligeros","SUV's","IMPORTADO",64,144,"Cifras Revisadas"
"Registro Administrativo de la Industria Automotriz de Vehículos Ligeros. Venta de vehículos ","Nacional",2026,"04","SEAT","Ateca","Camiones ligeros","SUV's","IMPORTADO",184,31,"Cifras Revisadas"
"Registro Administrativo de la Industria Automotriz de Vehículos Ligeros. Venta de vehículos ","Nacional",2026,"04","SEAT","CUPRA Formentor","Camiones ligeros","SUV's","IMPORTADO",64,311,"Cifras Revisadas"
"Registro Administrativo de la Industria Automotriz de Vehículos Ligeros. Venta de vehículos ","Nacional",2026,"04","SEAT","CUPRA Terramar","Camiones ligeros","SUV's","IMPORTADO",94,320,"Cifras Revisadas"
"Registro Administrativo de la Industria Automotriz de Vehículos Ligeros. Venta de vehículos ","Nacional",2026,"04","SEAT","Ibiza 4 Ptas","Automóviles","Subcompactos","IMPORTADO",64,502,"Cifras Revisadas"
"Registro Administrativo de la Industria Automotriz de Vehículos Ligeros. Venta de vehículos ","Nacional",2026,"04","SEAT","Leon","Automóviles","Deportivos","IMPORTADO",64,324,"Cifras Revisadas"
"Registro Administrativo de la Industria Automotriz de Vehículos Ligeros. Venta de vehículos ","Nacional",2026,"04","Subaru","Crosstrek","Camiones ligeros","SUV's","IMPORTADO",126,151,"Cifras Revisadas"
"Registro Administrativo de la Industria Automotriz de Vehículos Ligeros. Venta de vehículos ","Nacional",2026,"04","Subaru","Crosstrek MHEV","Camiones ligeros","SUV's","IMPORTADO",126,3,"Cifras Revisadas"
"Registro Administrativo de la Industria Automotriz de Vehículos Ligeros. Venta de vehículos ","Nacional",2026,"04","Subaru","Forester","Camiones ligeros","SUV's","IMPORTADO",126,128,"Cifras Revisadas"
"Registro Administrativo de la Industria Automotriz de Vehículos Ligeros. Venta de vehículos ","Nacional",2026,"04","Subaru","Outback","Camiones ligeros","SUV's","IMPORTADO",126,66,"Cifras Revisadas"
"Registro Administrativo de la Industria Automotriz de Vehículos Ligeros. Venta de vehículos ","Nacional",2026,"04","Subaru","Subaru BRZ","Automóviles","Deportivos","IMPORTADO",126,15,"Cifras Revisadas"
"Registro Administrativo de la Industria Automotriz de Vehículos Ligeros. Venta de vehículos ","Nacional",2026,"04","Subaru","Trailseeker","Camiones ligeros","SUV's","IMPORTADO",126,0,"Cifras Revisadas"
"Registro Administrativo de la Industria Automotriz de Vehículos Ligeros. Venta de vehículos ","Nacional",2026,"04","Subaru","WRX","Automóviles","Deportivos","IMPORTADO",126,16,"Cifras Revisadas"
"Registro Administrativo de la Industria Automotriz de Vehículos Ligeros. Venta de vehículos ","Nacional",2026,"04","Subaru","WRX STI","Automóviles","Deportivos","IMPORTADO",126,0,"Cifras Revisadas"
"Registro Administrativo de la Industria Automotriz de Vehículos Ligeros. Venta de vehículos ","Nacional",2026,"04","Subaru","XV","Camiones ligeros","SUV's","IMPORTADO",126,0,"Cifras Revisadas"
"Registro Administrativo de la Industria Automotriz de Vehículos Ligeros. Venta de vehículos ","Nacional",2026,"04","Suzuki","Baleno","Automóviles","Subcompactos","IMPORTADO",95,89,"Cifras Revisadas"
"Registro Administrativo de la Industria Automotriz de Vehículos Ligeros. Venta de vehículos ","Nacional",2026,"04","Suzuki","Ciaz","Automóviles","Compactos","IMPORTADO",95,1,"Cifras Revisadas"
"Registro Administrativo de la Industria Automotriz de Vehículos Ligeros. Venta de vehículos ","Nacional",2026,"04","Suzuki","DZIRE","Automóviles","Subcompactos","IMPORTADO",95,304,"Cifras Revisadas"
"Registro Administrativo de la Industria Automotriz de Vehículos Ligeros. Venta de vehículos ","Nacional",2026,"04","Suzuki","Ertiga","Automóviles","Compactos","IMPORTADO",96,316,"Cifras Revisadas"
"Registro Administrativo de la Industria Automotriz de Vehículos Ligeros. Venta de vehículos ","Nacional",2026,"04","Suzuki","FRONX","Camiones ligeros","SUV's","IMPORTADO",95,241,"Cifras Revisadas"
"Registro Administrativo de la Industria Automotriz de Vehículos Ligeros. Venta de vehículos ","Nacional",2026,"04","Suzuki","Grand Vitara","Camiones ligeros","SUV's","IMPORTADO",95,0,"Cifras Revisadas"
"Registro Administrativo de la Industria Automotriz de Vehículos Ligeros. Venta de vehículos ","Nacional",2026,"04","Suzuki","Ignis","Automóviles","Subcompactos","IMPORTADO",126,0,"Cifras Revisadas"
"Registro Administrativo de la Industria Automotriz de Vehículos Ligeros. Venta de vehículos ","Nacional",2026,"04","Suzuki","JIMNY","Camiones ligeros","SUV's","IMPORTADO",126,354,"Cifras Revisadas"
"Registro Administrativo de la Industria Automotriz de Vehículos Ligeros. Venta de vehículos ","Nacional",2026,"04","Suzuki","Swift","Automóviles","Subcompactos","IMPORTADO",126,1118,"Cifras Revisadas"
"Registro Administrativo de la Industria Automotriz de Vehículos Ligeros. Venta de vehículos ","Nacional",2026,"04","Toyota","Avanza","Automóviles","Compactos","IMPORTADO",96,879,"Cifras Revisadas"
"Registro Administrativo de la Industria Automotriz de Vehículos Ligeros. Venta de vehículos ","Nacional",2026,"04","Toyota","Camry","Automóviles","De Lujo","IMPORTADO",66,353,"Cifras Revisadas"
"Registro Administrativo de la Industria Automotriz de Vehículos Ligeros. Venta de vehículos ","Nacional",2026,"04","Toyota","C-HR","Camiones ligeros","SUV's","IMPORTADO",227,0,"Cifras Revisadas"
"Registro Administrativo de la Industria Automotriz de Vehículos Ligeros. Venta de vehículos ","Nacional",2026,"04","Toyota","Corolla","Automóviles","Compactos","IMPORTADO",66,724,"Cifras Revisadas"
"Registro Administrativo de la Industria Automotriz de Vehículos Ligeros. Venta de vehículos ","Nacional",2026,"04","Toyota","Corolla Cross","Camiones ligeros","SUV's","IMPORTADO",66,667,"Cifras Revisadas"
"Registro Administrativo de la Industria Automotriz de Vehículos Ligeros. Venta de vehículos ","Nacional",2026,"04","Toyota","GR Corolla","Automóviles","Deportivos","IMPORTADO",126,46,"Cifras Revisadas"
"Registro Administrativo de la Industria Automotriz de Vehículos Ligeros. Venta de vehículos ","Nacional",2026,"04","Toyota","GR Supra","Automóviles","De Lujo","IMPORTADO",17,5,"Cifras Revisadas"
"Registro Administrativo de la Industria Automotriz de Vehículos Ligeros. Venta de vehículos ","Nacional",2026,"04","Toyota","GR Yaris","Automóviles","Deportivos","IMPORTADO",126,0,"Cifras Revisadas"
"Registro Administrativo de la Industria Automotriz de Vehículos Ligeros. Venta de vehículos ","Nacional",2026,"04","Toyota","Hiace P","Camiones ligeros","SUV's","IMPORTADO",126,17,"Cifras Revisadas"
"Registro Administrativo de la Industria Automotriz de Vehículos Ligeros. Venta de vehículos ","Nacional",2026,"04","Toyota","Hiace V","Camiones ligeros","SUV's","IMPORTADO",126,108,"Cifras Revisadas"
"Registro Administrativo de la Industria Automotriz de Vehículos Ligeros. Venta de vehículos ","Nacional",2026,"04","Toyota","Highlander","Camiones ligeros","SUV's","IMPORTADO",66,354,"Cifras Revisadas"
"Registro Administrativo de la Industria Automotriz de Vehículos Ligeros. Venta de vehículos ","Nacional",2026,"04","Toyota","Hilux Dc","Camiones ligeros","Pick Ups","IMPORTADO",214,1671,"Cifras Revisadas"
"Registro Administrativo de la Industria Automotriz de Vehículos Ligeros. Venta de vehículos ","Nacional",2026,"04","Toyota","Lcruiser","Camiones ligeros","SUV's","IMPORTADO",126,0,"Cifras Revisadas"
"Registro Administrativo de la Industria Automotriz de Vehículos Ligeros. Venta de vehículos ","Nacional",2026,"04","Toyota","Prius","Automóviles","De Lujo","IMPORTADO",126,324,"Cifras Revisadas"
"Registro Administrativo de la Industria Automotriz de Vehículos Ligeros. Venta de vehículos ","Nacional",2026,"04","Toyota","Prius-C","Automóviles","Subcompactos","IMPORTADO",126,0,"Cifras Revisadas"
"Registro Administrativo de la Industria Automotriz de Vehículos Ligeros. Venta de vehículos ","Nacional",2026,"04","Toyota","RAIZE","Camiones ligeros","SUV's","IMPORTADO",96,574,"Cifras Revisadas"
"Registro Administrativo de la Industria Automotriz de Vehículos Ligeros. Venta de vehículos ","Nacional",2026,"04","Toyota","Rav4","Camiones ligeros","SUV's","IMPORTADO",40,1619,"Cifras Revisadas"
"Registro Administrativo de la Industria Automotriz de Vehículos Ligeros. Venta de vehículos ","Nacional",2026,"04","Toyota","Sequoia","Camiones ligeros","SUV's","IMPORTADO",66,17,"Cifras Revisadas"
"Registro Administrativo de la Industria Automotriz de Vehículos Ligeros. Venta de vehículos ","Nacional",2026,"04","Toyota","Sienna","Camiones ligeros","Minivans","IMPORTADO",66,820,"Cifras Revisadas"
"Registro Administrativo de la Industria Automotriz de Vehículos Ligeros. Venta de vehículos ","Nacional",2026,"04","Toyota","Tacoma","Camiones ligeros","Pick Ups","NACIONAL",1,0,"Cifras Revisadas"
"Registro Administrativo de la Industria Automotriz de Vehículos Ligeros. Venta de vehículos ","Nacional",2026,"04","Toyota","Tacoma-","Camiones ligeros","Pick Ups","NACIONAL",1,877,"Cifras Revisadas"
"Registro Administrativo de la Industria Automotriz de Vehículos Ligeros. Venta de vehículos ","Nacional",2026,"04","Toyota","Tundra","Camiones ligeros","Pick Ups","IMPORTADO",66,47,"Cifras Revisadas"
"Registro Administrativo de la Industria Automotriz de Vehículos Ligeros. Venta de vehículos ","Nacional",2026,"04","Toyota","Yaris Hatchback","Automóviles","Subcompactos","IMPORTADO",214,85,"Cifras Revisadas"
"Registro Administrativo de la Industria Automotriz de Vehículos Ligeros. Venta de vehículos ","Nacional",2026,"04","Toyota","Yaris Sedan","Automóviles","Subcompactos","IMPORTADO",214,1518,"Cifras Revisadas"
"Registro Administrativo de la Industria Automotriz de Vehículos Ligeros. Venta de vehículos ","Nacional",2026,"04","Toyota","Yaris-R","Automóviles","Subcompactos","NACIONAL",1,0,"Cifras Revisadas"
"Registro Administrativo de la Industria Automotriz de Vehículos Ligeros. Venta de vehículos ","Nacional",2026,"04","Toyota","4Runner","Camiones ligeros","SUV's","IMPORTADO",126,8,"Cifras Revisadas"
"Registro Administrativo de la Industria Automotriz de Vehículos Ligeros. Venta de vehículos ","Nacional",2026,"04","Volkswagen","Amarok","Camiones ligeros","Pick Ups","IMPORTADO",12,69,"Cifras Revisadas"
"Registro Administrativo de la Industria Automotriz de Vehículos Ligeros. Venta de vehículos ","Nacional",2026,"04","Volkswagen","Beetle","Automóviles","Compactos","NACIONAL",1,0,"Cifras Revisadas"
"Registro Administrativo de la Industria Automotriz de Vehículos Ligeros. Venta de vehículos ","Nacional",2026,"04","Volkswagen","Beetle Cabrio","Automóviles","Compactos","NACIONAL",1,0,"Cifras Revisadas"
"Registro Administrativo de la Industria Automotriz de Vehículos Ligeros. Venta de vehículos ","Nacional",2026,"04","Volkswagen","Crafter","Camiones ligeros","Pick Ups","IMPORTADO",4,148,"Cifras Revisadas"
"Registro Administrativo de la Industria Automotriz de Vehículos Ligeros. Venta de vehículos ","Nacional",2026,"04","Volkswagen","Crafter chasis","Camiones ligeros","SUV's","IMPORTADO",177,8,"Cifras Revisadas"
"Registro Administrativo de la Industria Automotriz de Vehículos Ligeros. Venta de vehículos ","Nacional",2026,"04","Volkswagen","Cross Sport","Camiones ligeros","SUV's","IMPORTADO",66,0,"Cifras Revisadas"
"Registro Administrativo de la Industria Automotriz de Vehículos Ligeros. Venta de vehículos ","Nacional",2026,"04","Volkswagen","Crossfox","Automóviles","Subcompactos","IMPORTADO",31,0,"Cifras Revisadas"
"Registro Administrativo de la Industria Automotriz de Vehículos Ligeros. Venta de vehículos ","Nacional",2026,"04","Volkswagen","e-Crafter","Camiones ligeros","SUV's","IMPORTADO",177,2,"Cifras Revisadas"
"Registro Administrativo de la Industria Automotriz de Vehículos Ligeros. Venta de vehículos ","Nacional",2026,"04","Volkswagen","Gol","Automóviles","Subcompactos","IMPORTADO",31,0,"Cifras Revisadas"
"Registro Administrativo de la Industria Automotriz de Vehículos Ligeros. Venta de vehículos ","Nacional",2026,"04","Volkswagen","Gol Sedan","Automóviles","Subcompactos","IMPORTADO",31,0,"Cifras Revisadas"
"Registro Administrativo de la Industria Automotriz de Vehículos Ligeros. Venta de vehículos ","Nacional",2026,"04","Volkswagen","Golf","Automóviles","Compactos","IMPORTADO",31,0,"Cifras Revisadas"
"Registro Administrativo de la Industria Automotriz de Vehículos Ligeros. Venta de vehículos ","Nacional",2026,"04","Volkswagen","Golf-","Automóviles","Compactos","NACIONAL",1,0,"Cifras Revisadas"
"Registro Administrativo de la Industria Automotriz de Vehículos Ligeros. Venta de vehículos ","Nacional",2026,"04","Volkswagen","Golf Variant-/Crossgolf","Automóviles","Compactos","NACIONAL",1,0,"Cifras Revisadas"
"Registro Administrativo de la Industria Automotriz de Vehículos Ligeros. Venta de vehículos ","Nacional",2026,"04","Volkswagen","GTI","Automóviles","Deportivos","IMPORTADO",4,91,"Cifras Revisadas"
"Registro Administrativo de la Industria Automotriz de Vehículos Ligeros. Venta de vehículos ","Nacional",2026,"04","Volkswagen","ID.4","Camiones ligeros","SUV's","IMPORTADO",66,1,"Cifras Revisadas"
"Registro Administrativo de la Industria Automotriz de Vehículos Ligeros. Venta de vehículos ","Nacional",2026,"04","Volkswagen","Jetta","Automóviles","Compactos","NACIONAL",1,0,"Cifras Revisadas"
"Registro Administrativo de la Industria Automotriz de Vehículos Ligeros. Venta de vehículos ","Nacional",2026,"04","Volkswagen","Nivus","Camiones ligeros","SUV's","IMPORTADO",31,130,"Cifras Revisadas"
"Registro Administrativo de la Industria Automotriz de Vehículos Ligeros. Venta de vehículos ","Nacional",2026,"04","Volkswagen","Nuevo Jetta","Automóviles","Compactos","NACIONAL",1,1375,"Cifras Revisadas"
"Registro Administrativo de la Industria Automotriz de Vehículos Ligeros. Venta de vehículos ","Nacional",2026,"04","Volkswagen","Nuevo Jetta TDI","Automóviles","Compactos","NACIONAL",1,0,"Cifras Revisadas"
"Registro Administrativo de la Industria Automotriz de Vehículos Ligeros. Venta de vehículos ","Nacional",2026,"04","Volkswagen","Passat","Automóviles","De Lujo","IMPORTADO",66,0,"Cifras Revisadas"
"Registro Administrativo de la Industria Automotriz de Vehículos Ligeros. Venta de vehículos ","Nacional",2026,"04","Volkswagen","Polo 4 Ptas","Automóviles","Subcompactos","IMPORTADO",95,0,"Cifras Revisadas"
"Registro Administrativo de la Industria Automotriz de Vehículos Ligeros. Venta de vehículos ","Nacional",2026,"04","Volkswagen","Polo 4 Ptas","Automóviles","Subcompactos","IMPORTADO",31,172,"Cifras Revisadas"
"Registro Administrativo de la Industria Automotriz de Vehículos Ligeros. Venta de vehículos ","Nacional",2026,"04","Volkswagen","Saveiro","Camiones ligeros","Pick Ups","IMPORTADO",31,1344,"Cifras Revisadas"
"Registro Administrativo de la Industria Automotriz de Vehículos Ligeros. Venta de vehículos ","Nacional",2026,"04","Volkswagen","Taigun","Camiones ligeros","SUV's","IMPORTADO",95,422,"Cifras Revisadas"
"Registro Administrativo de la Industria Automotriz de Vehículos Ligeros. Venta de vehículos ","Nacional",2026,"04","Volkswagen","Taos","Camiones ligeros","SUV's","NACIONAL",1,1462,"Cifras Revisadas"
"Registro Administrativo de la Industria Automotriz de Vehículos Ligeros. Venta de vehículos ","Nacional",2026,"04","Volkswagen","T-Cross","Camiones ligeros","SUV's","IMPORTADO",31,0,"Cifras Revisadas"
"Registro Administrativo de la Industria Automotriz de Vehículos Ligeros. Venta de vehículos ","Nacional",2026,"04","Volkswagen","Teramont","Camiones ligeros","SUV's","IMPORTADO",66,303,"Cifras Revisadas"
"Registro Administrativo de la Industria Automotriz de Vehículos Ligeros. Venta de vehículos ","Nacional",2026,"04","Volkswagen","Tiguan-","Camiones ligeros","SUV's","NACIONAL",1,1511,"Cifras Revisadas"
"Registro Administrativo de la Industria Automotriz de Vehículos Ligeros. Venta de vehículos ","Nacional",2026,"04","Volkswagen","Touareg","Camiones ligeros","SUV's","IMPORTADO",62,0,"Cifras Revisadas"
"Registro Administrativo de la Industria Automotriz de Vehículos Ligeros. Venta de vehículos ","Nacional",2026,"04","Volkswagen","Transporter Carga","Camiones ligeros","SUV's","IMPORTADO",4,101,"Cifras Revisadas"
"Registro Administrativo de la Industria Automotriz de Vehículos Ligeros. Venta de vehículos ","Nacional",2026,"04","Volkswagen","Transporter Pasajeros","Camiones ligeros","SUV's","IMPORTADO",4,2,"Cifras Revisadas"
"Registro Administrativo de la Industria Automotriz de Vehículos Ligeros. Venta de vehículos ","Nacional",2026,"04","Volkswagen","UP!","Automóviles","Subcompactos","IMPORTADO",31,0,"Cifras Revisadas"
"Registro Administrativo de la Industria Automotriz de Vehículos Ligeros. Venta de vehículos ","Nacional",2026,"04","Volkswagen","Vento","Automóviles","Subcompactos","IMPORTADO",95,0,"Cifras Revisadas"
"Registro Administrativo de la Industria Automotriz de Vehículos Ligeros. Venta de vehículos ","Nacional",2026,"04","Volkswagen","Virtus","Automóviles","Subcompactos","IMPORTADO",95,1621,"Cifras Revisadas"
"Registro Administrativo de la Industria Automotriz de Vehículos Ligeros. Venta de vehículos ","Nacional",2026,"04","Volkswagen","Volkswagen Caddy","Camiones ligeros","Pick Ups","IMPORTADO",177,193,"Cifras Revisadas"
"Registro Administrativo de la Industria Automotriz de Vehículos Ligeros. Venta de vehículos ","Nacional",2026,"04","Volkswagen","Volkswagen Tera","Automóviles","Subcompactos","IMPORTADO",31,1335,"Cifras Revisadas"
"Registro Administrativo de la Industria Automotriz de Vehículos Ligeros. Venta de vehículos ","Nacional",2026,"04","Volvo","C40","Automóviles","De Lujo","IMPORTADO",23,14,"Cifras Revisadas"
"Registro Administrativo de la Industria Automotriz de Vehículos Ligeros. Venta de vehículos ","Nacional",2026,"04","Volvo","EX30","Camiones ligeros","SUV's","IMPORTADO",43,99,"Cifras Revisadas"
"Registro Administrativo de la Industria Automotriz de Vehículos Ligeros. Venta de vehículos ","Nacional",2026,"04","Volvo","EX90","Camiones ligeros","SUV's","IMPORTADO",66,5,"Cifras Revisadas"
"Registro Administrativo de la Industria Automotriz de Vehículos Ligeros. Venta de vehículos ","Nacional",2026,"04","Volvo","S60 III","Automóviles","De Lujo","IMPORTADO",66,0,"Cifras Revisadas"
"Registro Administrativo de la Industria Automotriz de Vehículos Ligeros. Venta de vehículos ","Nacional",2026,"04","Volvo","XC40","Automóviles","De Lujo","IMPORTADO",23,10,"Cifras Revisadas"
"Registro Administrativo de la Industria Automotriz de Vehículos Ligeros. Venta de vehículos ","Nacional",2026,"04","Volvo","XC60 II","Camiones ligeros","SUV's","IMPORTADO",209,87,"Cifras Revisadas"
"Registro Administrativo de la Industria Automotriz de Vehículos Ligeros. Venta de vehículos ","Nacional",2026,"04","Volvo","XC90 II","Camiones ligeros","SUV's","IMPORTADO",209,45,"Cifras Revisadas"
"Registro Administrativo de la Industria Automotriz de Vehículos Ligeros. Venta de vehículos ","Nacional",2026,"04","Zeekr","X","Automóviles","De Lujo","IMPORTADO",43,35,"Cifras Revisadas"
"Registro Administrativo de la Industria Automotriz de Vehículos Ligeros. Venta de vehículos ","Nacional",2026,"04","Zeekr","001","Automóviles","De Lujo","IMPORTADO",43,34,"Cifras Revisadas"
"Registro Administrativo de la Industria Automotriz de Vehículos Ligeros. Venta de vehículos ","Nacional",2026,"04","Zeekr","7X","Automóviles","De Lujo","IMPORTADO",43,108,"Cifras Revisadas"
"Registro Administrativo de la Industria Automotriz de Vehículos Ligeros. Venta de vehículos ","Nacional",2026,"05","Acura","ADX","Camiones ligeros","SUV's","NACIONAL",1,22,"Cifras Revisadas"
"Registro Administrativo de la Industria Automotriz de Vehículos Ligeros. Venta de vehículos ","Nacional",2026,"05","Acura","INTEGRA","Automóviles","De Lujo","IMPORTADO",66,8,"Cifras Revisadas"
"Registro Administrativo de la Industria Automotriz de Vehículos Ligeros. Venta de vehículos ","Nacional",2026,"05","Acura","Mdx","Camiones ligeros","SUV's","IMPORTADO",40,15,"Cifras Revisadas"
"Registro Administrativo de la Industria Automotriz de Vehículos Ligeros. Venta de vehículos ","Nacional",2026,"05","Acura","Rdx","Camiones ligeros","SUV's","IMPORTADO",66,10,"Cifras Revisadas"
"Registro Administrativo de la Industria Automotriz de Vehículos Ligeros. Venta de vehículos ","Nacional",2026,"05","Acura","TLX","Automóviles","De Lujo","IMPORTADO",66,1,"Cifras Revisadas"
"Registro Administrativo de la Industria Automotriz de Vehículos Ligeros. Venta de vehículos ","Nacional",2026,"05","Alfa Romeo","Giulia","Automóviles","De Lujo","IMPORTADO",124,2,"Cifras Revisadas"
"Registro Administrativo de la Industria Automotriz de Vehículos Ligeros. Venta de vehículos ","Nacional",2026,"05","Alfa Romeo","Junior","Camiones ligeros","SUV's","IMPORTADO",124,45,"Cifras Revisadas"
"Registro Administrativo de la Industria Automotriz de Vehículos Ligeros. Venta de vehículos ","Nacional",2026,"05","Alfa Romeo","TONALE","Camiones ligeros","SUV's","IMPORTADO",124,3,"Cifras Revisadas"
"Registro Administrativo de la Industria Automotriz de Vehículos Ligeros. Venta de vehículos ","Nacional",2026,"05","Audi","A1*","Automóviles","De Lujo","IMPORTADO",64,36,"Cifras Revisadas"
"Registro Administrativo de la Industria Automotriz de Vehículos Ligeros. Venta de vehículos ","Nacional",2026,"05","Audi","A3-","Automóviles","De Lujo","IMPORTADO",4,50,"Cifras Revisadas"
"Registro Administrativo de la Industria Automotriz de Vehículos Ligeros. Venta de vehículos ","Nacional",2026,"05","Audi","A3 Sedán","Automóviles","De Lujo","IMPORTADO",4,106,"Cifras Revisadas"
"Registro Administrativo de la Industria Automotriz de Vehículos Ligeros. Venta de vehículos ","Nacional",2026,"05","Audi","A4","Automóviles","De Lujo","IMPORTADO",4,3,"Cifras Revisadas"
"Registro Administrativo de la Industria Automotriz de Vehículos Ligeros. Venta de vehículos ","Nacional",2026,"05","Audi","A5 Sedán","Automóviles","De Lujo","IMPORTADO",4,101,"Cifras Revisadas"
"Registro Administrativo de la Industria Automotriz de Vehículos Ligeros. Venta de vehículos ","Nacional",2026,"05","Audi","A6","Automóviles","De Lujo","IMPORTADO",4,15,"Cifras Revisadas"
"Registro Administrativo de la Industria Automotriz de Vehículos Ligeros. Venta de vehículos ","Nacional",2026,"05","Audi","A8","Automóviles","De Lujo","IMPORTADO",4,2,"Cifras Revisadas"
"Registro Administrativo de la Industria Automotriz de Vehículos Ligeros. Venta de vehículos ","Nacional",2026,"05","Audi","Q 3","Camiones ligeros","SUV's","IMPORTADO",94,73,"Cifras Revisadas"
"Registro Administrativo de la Industria Automotriz de Vehículos Ligeros. Venta de vehículos ","Nacional",2026,"05","Audi","Q2","Automóviles","De Lujo","IMPORTADO",62,39,"Cifras Revisadas"
"Registro Administrativo de la Industria Automotriz de Vehículos Ligeros. Venta de vehículos ","Nacional",2026,"05","Audi","Q3 SB","Camiones ligeros","SUV's","IMPORTADO",94,126,"Cifras Revisadas"
"Registro Administrativo de la Industria Automotriz de Vehículos Ligeros. Venta de vehículos ","Nacional",2026,"05","Audi","Q5","Camiones ligeros","SUV's","NACIONAL",1,199,"Cifras Revisadas"
"Registro Administrativo de la Industria Automotriz de Vehículos Ligeros. Venta de vehículos ","Nacional",2026,"05","Audi","Q6 etron","Automóviles","De Lujo","IMPORTADO",4,14,"Cifras Revisadas"
"Registro Administrativo de la Industria Automotriz de Vehículos Ligeros. Venta de vehículos ","Nacional",2026,"05","Audi","Q7-","Camiones ligeros","SUV's","IMPORTADO",62,19,"Cifras Revisadas"
"Registro Administrativo de la Industria Automotriz de Vehículos Ligeros. Venta de vehículos ","Nacional",2026,"05","Audi","Q8","Camiones ligeros","SUV's","IMPORTADO",4,34,"Cifras Revisadas"
"Registro Administrativo de la Industria Automotriz de Vehículos Ligeros. Venta de vehículos ","Nacional",2026,"05","Auteco","D2S 150","Automóviles","Subcompactos","IMPORTADO",43,0,"Cifras Revisadas"
"Registro Administrativo de la Industria Automotriz de Vehículos Ligeros. Venta de vehículos ","Nacional",2026,"05","Auteco","D2S 250","Automóviles","Subcompactos","IMPORTADO",43,0,"Cifras Revisadas"
"Registro Administrativo de la Industria Automotriz de Vehículos Ligeros. Venta de vehículos ","Nacional",2026,"05","Auteco","E-TRUCK B2.0T","Camiones ligeros","Pick Ups","IMPORTADO",43,0,"Cifras Revisadas"
"Registro Administrativo de la Industria Automotriz de Vehículos Ligeros. Venta de vehículos ","Nacional",2026,"05","Auteco","E-Van B2.4T","Camiones ligeros","Minivans","IMPORTADO",43,0,"Cifras Revisadas"
"Registro Administrativo de la Industria Automotriz de Vehículos Ligeros. Venta de vehículos ","Nacional",2026,"05","Auteco","E-VAN S1.0T PRO","Camiones ligeros","Minivans","IMPORTADO",43,0,"Cifras Revisadas"
"Registro Administrativo de la Industria Automotriz de Vehículos Ligeros. Venta de vehículos ","Nacional",2026,"05","Auteco","RICH 6 EV","Camiones ligeros","Pick Ups","IMPORTADO",43,0,"Cifras Revisadas"
"Registro Administrativo de la Industria Automotriz de Vehículos Ligeros. Venta de vehículos ","Nacional",2026,"05","Auteco","Rich 7EV 4x4","Camiones ligeros","Pick Ups","IMPORTADO",43,0,"Cifras Revisadas"
"Registro Administrativo de la Industria Automotriz de Vehículos Ligeros. Venta de vehículos ","Nacional",2026,"05","Bentley","Bentayga","Automóviles","De Lujo","IMPORTADO",181,1,"Cifras Revisadas"
"Registro Administrativo de la Industria Automotriz de Vehículos Ligeros. Venta de vehículos ","Nacional",2026,"05","BMW","iX","Camiones ligeros","SUV's","IMPORTADO",4,15,"Cifras Revisadas"
"Registro Administrativo de la Industria Automotriz de Vehículos Ligeros. Venta de vehículos ","Nacional",2026,"05","BMW","iX1","Automóviles","De Lujo","IMPORTADO",4,11,"Cifras Revisadas"
"Registro Administrativo de la Industria Automotriz de Vehículos Ligeros. Venta de vehículos ","Nacional",2026,"05","BMW","iX2","Camiones ligeros","SUV's","IMPORTADO",4,12,"Cifras Revisadas"
"Registro Administrativo de la Industria Automotriz de Vehículos Ligeros. Venta de vehículos ","Nacional",2026,"05","BMW","i4","Automóviles","De Lujo","IMPORTADO",4,6,"Cifras Revisadas"
"Registro Administrativo de la Industria Automotriz de Vehículos Ligeros. Venta de vehículos ","Nacional",2026,"05","BMW","i5","Automóviles","De Lujo","IMPORTADO",4,4,"Cifras Revisadas"
"Registro Administrativo de la Industria Automotriz de Vehículos Ligeros. Venta de vehículos ","Nacional",2026,"05","BMW","Serie 1 Hatch","Automóviles","De Lujo","IMPORTADO",4,54,"Cifras Revisadas"
"Registro Administrativo de la Industria Automotriz de Vehículos Ligeros. Venta de vehículos ","Nacional",2026,"05","BMW","Serie 2","Automóviles","De Lujo","IMPORTADO",4,111,"Cifras Revisadas"
"Registro Administrativo de la Industria Automotriz de Vehículos Ligeros. Venta de vehículos ","Nacional",2026,"05","BMW","Serie 3","Automóviles","De Lujo","IMPORTADO",4,90,"Cifras Revisadas"
"Registro Administrativo de la Industria Automotriz de Vehículos Ligeros. Venta de vehículos ","Nacional",2026,"05","BMW","Serie 4","Automóviles","De Lujo","IMPORTADO",4,38,"Cifras Revisadas"
"Registro Administrativo de la Industria Automotriz de Vehículos Ligeros. Venta de vehículos ","Nacional",2026,"05","BMW","Serie 5","Automóviles","De Lujo","IMPORTADO",4,13,"Cifras Revisadas"
"Registro Administrativo de la Industria Automotriz de Vehículos Ligeros. Venta de vehículos ","Nacional",2026,"05","BMW","Serie 7","Automóviles","De Lujo","IMPORTADO",4,5,"Cifras Revisadas"
"Registro Administrativo de la Industria Automotriz de Vehículos Ligeros. Venta de vehículos ","Nacional",2026,"05","BMW","XM","Automóviles","De Lujo","IMPORTADO",66,2,"Cifras Revisadas"
"Registro Administrativo de la Industria Automotriz de Vehículos Ligeros. Venta de vehículos ","Nacional",2026,"05","BMW","X1","Camiones ligeros","SUV's","IMPORTADO",4,183,"Cifras Revisadas"
"Registro Administrativo de la Industria Automotriz de Vehículos Ligeros. Venta de vehículos ","Nacional",2026,"05","BMW","X2","Camiones ligeros","SUV's","IMPORTADO",4,97,"Cifras Revisadas"
"Registro Administrativo de la Industria Automotriz de Vehículos Ligeros. Venta de vehículos ","Nacional",2026,"05","BMW","X3","Camiones ligeros","SUV's","IMPORTADO",66,311,"Cifras Revisadas"
"Registro Administrativo de la Industria Automotriz de Vehículos Ligeros. Venta de vehículos ","Nacional",2026,"05","BMW","X4","Camiones ligeros","SUV's","IMPORTADO",66,7,"Cifras Revisadas"
"Registro Administrativo de la Industria Automotriz de Vehículos Ligeros. Venta de vehículos ","Nacional",2026,"05","BMW","X5","Camiones ligeros","SUV's","IMPORTADO",66,115,"Cifras Revisadas"
"Registro Administrativo de la Industria Automotriz de Vehículos Ligeros. Venta de vehículos ","Nacional",2026,"05","BMW","X6","Camiones ligeros","SUV's","IMPORTADO",66,78,"Cifras Revisadas"
"Registro Administrativo de la Industria Automotriz de Vehículos Ligeros. Venta de vehículos ","Nacional",2026,"05","BMW","X7","Camiones ligeros","SUV's","IMPORTADO",66,17,"Cifras Revisadas"
"Registro Administrativo de la Industria Automotriz de Vehículos Ligeros. Venta de vehículos ","Nacional",2026,"05","BMW","Z4-","Automóviles","De Lujo","IMPORTADO",4,25,"Cifras Revisadas"
"Registro Administrativo de la Industria Automotriz de Vehículos Ligeros. Venta de vehículos ","Nacional",2026,"05","Changan","ALSVIN","Automóviles","Subcompactos","IMPORTADO",43,275,"Cifras Revisadas"
"Registro Administrativo de la Industria Automotriz de Vehículos Ligeros. Venta de vehículos ","Nacional",2026,"05","Changan","CS35 PLUS","Camiones ligeros","SUV's","IMPORTADO",43,303,"Cifras Revisadas"
"Registro Administrativo de la Industria Automotriz de Vehículos Ligeros. Venta de vehículos ","Nacional",2026,"05","Changan","CS55 PLUS","Camiones ligeros","SUV's","IMPORTADO",43,133,"Cifras Revisadas"
"Registro Administrativo de la Industria Automotriz de Vehículos Ligeros. Venta de vehículos ","Nacional",2026,"05","Changan","CS55 Plus IDD","Camiones ligeros","SUV's","IMPORTADO",43,191,"Cifras Revisadas"
"Registro Administrativo de la Industria Automotriz de Vehículos Ligeros. Venta de vehículos ","Nacional",2026,"05","Changan","CS75","Camiones ligeros","SUV's","IMPORTADO",43,113,"Cifras Revisadas"
"Registro Administrativo de la Industria Automotriz de Vehículos Ligeros. Venta de vehículos ","Nacional",2026,"05","Changan","CS95","Camiones ligeros","SUV's","IMPORTADO",43,5,"Cifras Revisadas"
"Registro Administrativo de la Industria Automotriz de Vehículos Ligeros. Venta de vehículos ","Nacional",2026,"05","Changan","DEEPAL S07 BEV","Camiones ligeros","SUV's","IMPORTADO",43,25,"Cifras Revisadas"
"Registro Administrativo de la Industria Automotriz de Vehículos Ligeros. Venta de vehículos ","Nacional",2026,"05","Changan","DEEPAL S07 REEV","Camiones ligeros","SUV's","IMPORTADO",43,71,"Cifras Revisadas"
"Registro Administrativo de la Industria Automotriz de Vehículos Ligeros. Venta de vehículos ","Nacional",2026,"05","Changan","Eado Plus","Automóviles","Compactos","IMPORTADO",43,156,"Cifras Revisadas"
"Registro Administrativo de la Industria Automotriz de Vehículos Ligeros. Venta de vehículos ","Nacional",2026,"05","Changan","Eado Plus IDD","Automóviles","Compactos","IMPORTADO",43,205,"Cifras Revisadas"
"Registro Administrativo de la Industria Automotriz de Vehículos Ligeros. Venta de vehículos ","Nacional",2026,"05","Changan","HONOR S","Camiones ligeros","Minivans","IMPORTADO",43,124,"Cifras Revisadas"
"Registro Administrativo de la Industria Automotriz de Vehículos Ligeros. Venta de vehículos ","Nacional",2026,"05","Changan","HUNTER CHASIS","Camiones ligeros","Pick Ups","IMPORTADO",43,48,"Cifras Revisadas"
"Registro Administrativo de la Industria Automotriz de Vehículos Ligeros. Venta de vehículos ","Nacional",2026,"05","Changan","HUNTER PLUS","Camiones ligeros","Pick Ups","IMPORTADO",43,54,"Cifras Revisadas"
"Registro Administrativo de la Industria Automotriz de Vehículos Ligeros. Venta de vehículos ","Nacional",2026,"05","Changan","HUNTER WORK","Camiones ligeros","Pick Ups","IMPORTADO",43,45,"Cifras Revisadas"
"Registro Administrativo de la Industria Automotriz de Vehículos Ligeros. Venta de vehículos ","Nacional",2026,"05","Changan","NEW STAR TRUCK","Camiones ligeros","Pick Ups","IMPORTADO",43,198,"Cifras Revisadas"
"Registro Administrativo de la Industria Automotriz de Vehículos Ligeros. Venta de vehículos ","Nacional",2026,"05","Changan","UNI-K","Camiones ligeros","SUV's","IMPORTADO",43,26,"Cifras Revisadas"
"Registro Administrativo de la Industria Automotriz de Vehículos Ligeros. Venta de vehículos ","Nacional",2026,"05","Chrysler","Cherokee","Camiones ligeros","SUV's","IMPORTADO",66,143,"Cifras Revisadas"
"Registro Administrativo de la Industria Automotriz de Vehículos Ligeros. Venta de vehículos ","Nacional",2026,"05","Chrysler","Commander","Camiones ligeros","SUV's","IMPORTADO",31,65,"Cifras Revisadas"
"Registro Administrativo de la Industria Automotriz de Vehículos Ligeros. Venta de vehículos ","Nacional",2026,"05","Chrysler","Crew Cab-","Camiones ligeros","Pick Ups","NACIONAL",1,206,"Cifras Revisadas"
"Registro Administrativo de la Industria Automotriz de Vehículos Ligeros. Venta de vehículos ","Nacional",2026,"05","Chrysler","Durango","Camiones ligeros","SUV's","IMPORTADO",66,19,"Cifras Revisadas"
"Registro Administrativo de la Industria Automotriz de Vehículos Ligeros. Venta de vehículos ","Nacional",2026,"05","Chrysler","Grand Cherokee","Camiones ligeros","SUV's","IMPORTADO",66,176,"Cifras Revisadas"
"Registro Administrativo de la Industria Automotriz de Vehículos Ligeros. Venta de vehículos ","Nacional",2026,"05","Chrysler","Jeep Compass","Camiones ligeros","SUV's","IMPORTADO",66,299,"Cifras Revisadas"
"Registro Administrativo de la Industria Automotriz de Vehículos Ligeros. Venta de vehículos ","Nacional",2026,"05","Chrysler","Jeep Compass-","Camiones ligeros","SUV's","NACIONAL",1,73,"Cifras Revisadas"
"Registro Administrativo de la Industria Automotriz de Vehículos Ligeros. Venta de vehículos ","Nacional",2026,"05","Chrysler","Journey","Camiones ligeros","SUV's","IMPORTADO",43,3,"Cifras Revisadas"
"Registro Administrativo de la Industria Automotriz de Vehículos Ligeros. Venta de vehículos ","Nacional",2026,"05","Chrysler","JT ","Camiones ligeros","Pick Ups","IMPORTADO",66,79,"Cifras Revisadas"
"Registro Administrativo de la Industria Automotriz de Vehículos Ligeros. Venta de vehículos ","Nacional",2026,"05","Chrysler","Nuevo Attitude","Automóviles","Compactos","IMPORTADO",43,1246,"Cifras Revisadas"
"Registro Administrativo de la Industria Automotriz de Vehículos Ligeros. Venta de vehículos ","Nacional",2026,"05","Chrysler","Promaster","Camiones ligeros","SUV's","NACIONAL",1,14,"Cifras Revisadas"
"Registro Administrativo de la Industria Automotriz de Vehículos Ligeros. Venta de vehículos ","Nacional",2026,"05","Chrysler","RAM 1200","Camiones ligeros","Pick Ups","NACIONAL",1,1868,"Cifras Revisadas"
"Registro Administrativo de la Industria Automotriz de Vehículos Ligeros. Venta de vehículos ","Nacional",2026,"05","Chrysler","RAM 4000","Camiones ligeros","Pick Ups","NACIONAL",1,150,"Cifras Revisadas"
"Registro Administrativo de la Industria Automotriz de Vehículos Ligeros. Venta de vehículos ","Nacional",2026,"05","Chrysler","RAM 700","Camiones ligeros","Pick Ups","IMPORTADO",31,1710,"Cifras Revisadas"
"Registro Administrativo de la Industria Automotriz de Vehículos Ligeros. Venta de vehículos ","Nacional",2026,"05","Chrysler","Renegade","Camiones ligeros","SUV's","IMPORTADO",31,249,"Cifras Revisadas"
"Registro Administrativo de la Industria Automotriz de Vehículos Ligeros. Venta de vehículos ","Nacional",2026,"05","Chrysler","Wagoneer","Camiones ligeros","SUV's","IMPORTADO",66,28,"Cifras Revisadas"
"Registro Administrativo de la Industria Automotriz de Vehículos Ligeros. Venta de vehículos ","Nacional",2026,"05","Chrysler","Wrangler","Camiones ligeros","SUV's","IMPORTADO",66,241,"Cifras Revisadas"
"Registro Administrativo de la Industria Automotriz de Vehículos Ligeros. Venta de vehículos ","Nacional",2026,"05","Fiat","Argo","Automóviles","Subcompactos","IMPORTADO",31,1,"Cifras Revisadas"
"Registro Administrativo de la Industria Automotriz de Vehículos Ligeros. Venta de vehículos ","Nacional",2026,"05","Fiat","FASTBACK","Camiones ligeros","SUV's","IMPORTADO",31,75,"Cifras Revisadas"
"Registro Administrativo de la Industria Automotriz de Vehículos Ligeros. Venta de vehículos ","Nacional",2026,"05","Fiat","Pulse","Camiones ligeros","SUV's","IMPORTADO",31,150,"Cifras Revisadas"
"Registro Administrativo de la Industria Automotriz de Vehículos Ligeros. Venta de vehículos ","Nacional",2026,"05","Ford Motor","Bronco","Camiones ligeros","SUV's","IMPORTADO",66,74,"Cifras Revisadas"
"Registro Administrativo de la Industria Automotriz de Vehículos Ligeros. Venta de vehículos ","Nacional",2026,"05","Ford Motor","Bronco Sport","Camiones ligeros","SUV's","NACIONAL",1,147,"Cifras Revisadas"
"Registro Administrativo de la Industria Automotriz de Vehículos Ligeros. Venta de vehículos ","Nacional",2026,"05","Ford Motor","Edge","Camiones ligeros","SUV's","IMPORTADO",40,253,"Cifras Revisadas"
"Registro Administrativo de la Industria Automotriz de Vehículos Ligeros. Venta de vehículos ","Nacional",2026,"05","Ford Motor","E-Transit","Camiones ligeros","Pick Ups","IMPORTADO",66,18,"Cifras Revisadas"
"Registro Administrativo de la Industria Automotriz de Vehículos Ligeros. Venta de vehículos ","Nacional",2026,"05","Ford Motor","Expedition","Camiones ligeros","Minivans","IMPORTADO",66,66,"Cifras Revisadas"
"Registro Administrativo de la Industria Automotriz de Vehículos Ligeros. Venta de vehículos ","Nacional",2026,"05","Ford Motor","Explorer","Camiones ligeros","SUV's","IMPORTADO",66,209,"Cifras Revisadas"
"Registro Administrativo de la Industria Automotriz de Vehículos Ligeros. Venta de vehículos ","Nacional",2026,"05","Ford Motor","F 250 Super Duty","Camiones ligeros","Pick Ups","IMPORTADO",66,32,"Cifras Revisadas"
"Registro Administrativo de la Industria Automotriz de Vehículos Ligeros. Venta de vehículos ","Nacional",2026,"05","Ford Motor","F-350","Camiones ligeros","Pick Ups","IMPORTADO",66,158,"Cifras Revisadas"
"Registro Administrativo de la Industria Automotriz de Vehículos Ligeros. Venta de vehículos ","Nacional",2026,"05","Ford Motor","F-450","Camiones ligeros","Pick Ups","IMPORTADO",66,49,"Cifras Revisadas"
"Registro Administrativo de la Industria Automotriz de Vehículos Ligeros. Venta de vehículos ","Nacional",2026,"05","Ford Motor","F-550","Camiones ligeros","Pick Ups","IMPORTADO",66,57,"Cifras Revisadas"
"Registro Administrativo de la Industria Automotriz de Vehículos Ligeros. Venta de vehículos ","Nacional",2026,"05","Ford Motor","Lobo Regular Cab","Camiones ligeros","Pick Ups","IMPORTADO",66,217,"Cifras Revisadas"
"Registro Administrativo de la Industria Automotriz de Vehículos Ligeros. Venta de vehículos ","Nacional",2026,"05","Ford Motor","Maverick","Camiones ligeros","Pick Ups","NACIONAL",1,251,"Cifras Revisadas"
"Registro Administrativo de la Industria Automotriz de Vehículos Ligeros. Venta de vehículos ","Nacional",2026,"05","Ford Motor","Mustang","Automóviles","Deportivos","IMPORTADO",66,71,"Cifras Revisadas"
"Registro Administrativo de la Industria Automotriz de Vehículos Ligeros. Venta de vehículos ","Nacional",2026,"05","Ford Motor","Mustang Mach-E","Camiones ligeros","SUV's","NACIONAL",1,30,"Cifras Revisadas"
"Registro Administrativo de la Industria Automotriz de Vehículos Ligeros. Venta de vehículos ","Nacional",2026,"05","Ford Motor","New F150 / F-150","Camiones ligeros","Pick Ups","IMPORTADO",66,501,"Cifras Revisadas"
"Registro Administrativo de la Industria Automotriz de Vehículos Ligeros. Venta de vehículos ","Nacional",2026,"05","Ford Motor","Ranger","Camiones ligeros","Pick Ups","IMPORTADO",12,385,"Cifras Revisadas"
"Registro Administrativo de la Industria Automotriz de Vehículos Ligeros. Venta de vehículos ","Nacional",2026,"05","Ford Motor","Territory","Camiones ligeros","SUV's","IMPORTADO",43,1501,"Cifras Revisadas"
"Registro Administrativo de la Industria Automotriz de Vehículos Ligeros. Venta de vehículos ","Nacional",2026,"05","Ford Motor","Transit","Camiones ligeros","SUV's","IMPORTADO",181,240,"Cifras Revisadas"
"Registro Administrativo de la Industria Automotriz de Vehículos Ligeros. Venta de vehículos ","Nacional",2026,"05","Foton","HI VAN EV","Camiones ligeros","SUV's","IMPORTADO",43,10,"Cifras Revisadas"
"Registro Administrativo de la Industria Automotriz de Vehículos Ligeros. Venta de vehículos ","Nacional",2026,"05","Foton","HI-VAN","Camiones ligeros","SUV's","IMPORTADO",43,54,"Cifras Revisadas"
"Registro Administrativo de la Industria Automotriz de Vehículos Ligeros. Venta de vehículos ","Nacional",2026,"05","Foton","MILER","Camiones ligeros","Pick Ups","IMPORTADO",43,0,"Cifras Revisadas"
"Registro Administrativo de la Industria Automotriz de Vehículos Ligeros. Venta de vehículos ","Nacional",2026,"05","Foton","S3","Camiones ligeros","Pick Ups","IMPORTADO",43,0,"Cifras Revisadas"
"Registro Administrativo de la Industria Automotriz de Vehículos Ligeros. Venta de vehículos ","Nacional",2026,"05","Foton","S3 EV","Camiones ligeros","Pick Ups","IMPORTADO",43,0,"Cifras Revisadas"
"Registro Administrativo de la Industria Automotriz de Vehículos Ligeros. Venta de vehículos ","Nacional",2026,"05","Foton","TM EV","Camiones ligeros","Pick Ups","IMPORTADO",43,0,"Cifras Revisadas"
"Registro Administrativo de la Industria Automotriz de Vehículos Ligeros. Venta de vehículos ","Nacional",2026,"05","Foton","TM 3","Camiones ligeros","Pick Ups","IMPORTADO",43,1,"Cifras Revisadas"
"Registro Administrativo de la Industria Automotriz de Vehículos Ligeros. Venta de vehículos ","Nacional",2026,"05","Foton","TUNLAND","Camiones ligeros","Pick Ups","IMPORTADO",43,50,"Cifras Revisadas"
"Registro Administrativo de la Industria Automotriz de Vehículos Ligeros. Venta de vehículos ","Nacional",2026,"05","Foton","Tunland EV","Camiones ligeros","Pick Ups","IMPORTADO",43,0,"Cifras Revisadas"
"Registro Administrativo de la Industria Automotriz de Vehículos Ligeros. Venta de vehículos ","Nacional",2026,"05","Foton","VIEW","Camiones ligeros","SUV's","IMPORTADO",43,74,"Cifras Revisadas"
"Registro Administrativo de la Industria Automotriz de Vehículos Ligeros. Venta de vehículos ","Nacional",2026,"05","Foton","VIEW EV","Camiones ligeros","SUV's","IMPORTADO",43,0,"Cifras Revisadas"
"Registro Administrativo de la Industria Automotriz de Vehículos Ligeros. Venta de vehículos ","Nacional",2026,"05","Foton","WONDER","Camiones ligeros","Pick Ups","IMPORTADO",43,20,"Cifras Revisadas"
"Registro Administrativo de la Industria Automotriz de Vehículos Ligeros. Venta de vehículos ","Nacional",2026,"05","Foton","Wonder EV","Camiones ligeros","Pick Ups","IMPORTADO",43,0,"Cifras Revisadas"
"Registro Administrativo de la Industria Automotriz de Vehículos Ligeros. Venta de vehículos ","Nacional",2026,"05","Geely","Cityray","Camiones ligeros","SUV's","IMPORTADO",43,116,"Cifras Revisadas"
"Registro Administrativo de la Industria Automotriz de Vehículos Ligeros. Venta de vehículos ","Nacional",2026,"05","Geely","Coolray","Camiones ligeros","SUV's","IMPORTADO",43,491,"Cifras Revisadas"
"Registro Administrativo de la Industria Automotriz de Vehículos Ligeros. Venta de vehículos ","Nacional",2026,"05","Geely","Emgrand","Automóviles","Subcompactos","IMPORTADO",43,1938,"Cifras Revisadas"
"Registro Administrativo de la Industria Automotriz de Vehículos Ligeros. Venta de vehículos ","Nacional",2026,"05","Geely","EX2","Camiones ligeros","SUV's","IMPORTADO",43,664,"Cifras Revisadas"
"Registro Administrativo de la Industria Automotriz de Vehículos Ligeros. Venta de vehículos ","Nacional",2026,"05","Geely","EX5","Camiones ligeros","SUV's","IMPORTADO",43,16,"Cifras Revisadas"
"Registro Administrativo de la Industria Automotriz de Vehículos Ligeros. Venta de vehículos ","Nacional",2026,"05","Geely","EX5 EM-i","Camiones ligeros","SUV's","IMPORTADO",43,838,"Cifras Revisadas"
"Registro Administrativo de la Industria Automotriz de Vehículos Ligeros. Venta de vehículos ","Nacional",2026,"05","Geely","Geometry C","Camiones ligeros","SUV's","IMPORTADO",43,0,"Cifras Revisadas"
"Registro Administrativo de la Industria Automotriz de Vehículos Ligeros. Venta de vehículos ","Nacional",2026,"05","Geely","Gx3 Pro","Camiones ligeros","SUV's","IMPORTADO",43,32,"Cifras Revisadas"
"Registro Administrativo de la Industria Automotriz de Vehículos Ligeros. Venta de vehículos ","Nacional",2026,"05","Geely","Monjaro","Camiones ligeros","SUV's","IMPORTADO",43,99,"Cifras Revisadas"
"Registro Administrativo de la Industria Automotriz de Vehículos Ligeros. Venta de vehículos ","Nacional",2026,"05","Geely","Okavango","Camiones ligeros","SUV's","IMPORTADO",43,4,"Cifras Revisadas"
"Registro Administrativo de la Industria Automotriz de Vehículos Ligeros. Venta de vehículos ","Nacional",2026,"05","Geely","Starray","Camiones ligeros","SUV's","IMPORTADO",43,32,"Cifras Revisadas"
"Registro Administrativo de la Industria Automotriz de Vehículos Ligeros. Venta de vehículos ","Nacional",2026,"05","General Motors","Acadia","Camiones ligeros","SUV's","IMPORTADO",66,45,"Cifras Revisadas"
"Registro Administrativo de la Industria Automotriz de Vehículos Ligeros. Venta de vehículos ","Nacional",2026,"05","General Motors","Ats 4p","Automóviles","De Lujo","IMPORTADO",66,0,"Cifras Revisadas"
"Registro Administrativo de la Industria Automotriz de Vehículos Ligeros. Venta de vehículos ","Nacional",2026,"05","General Motors","Avalanche UUV","Camiones ligeros","Pick Ups","NACIONAL",1,0,"Cifras Revisadas"
"Registro Administrativo de la Industria Automotriz de Vehículos Ligeros. Venta de vehículos ","Nacional",2026,"05","General Motors","Aveo","Automóviles","Subcompactos","IMPORTADO",43,5461,"Cifras Revisadas"
"Registro Administrativo de la Industria Automotriz de Vehículos Ligeros. Venta de vehículos ","Nacional",2026,"05","General Motors","Aveo-","Automóviles","Subcompactos","NACIONAL",1,0,"Cifras Revisadas"
"Registro Administrativo de la Industria Automotriz de Vehículos Ligeros. Venta de vehículos ","Nacional",2026,"05","General Motors","Aveo HB","Automóviles","Subcompactos","IMPORTADO",43,0,"Cifras Revisadas"
"Registro Administrativo de la Industria Automotriz de Vehículos Ligeros. Venta de vehículos ","Nacional",2026,"05","General Motors","Beat","Automóviles","Subcompactos","IMPORTADO",95,0,"Cifras Revisadas"
"Registro Administrativo de la Industria Automotriz de Vehículos Ligeros. Venta de vehículos ","Nacional",2026,"05","General Motors","Beat 4 PTAS.","Automóviles","Subcompactos","IMPORTADO",95,1,"Cifras Revisadas"
"Registro Administrativo de la Industria Automotriz de Vehículos Ligeros. Venta de vehículos ","Nacional",2026,"05","General Motors","Blazer","Camiones ligeros","SUV's","NACIONAL",1,17,"Cifras Revisadas"
"Registro Administrativo de la Industria Automotriz de Vehículos Ligeros. Venta de vehículos ","Nacional",2026,"05","General Motors","Blazer EV","Camiones ligeros","SUV's","NACIONAL",1,6,"Cifras Revisadas"
"Registro Administrativo de la Industria Automotriz de Vehículos Ligeros. Venta de vehículos ","Nacional",2026,"05","General Motors","Bolt","Automóviles","Subcompactos","IMPORTADO",66,0,"Cifras Revisadas"
"Registro Administrativo de la Industria Automotriz de Vehículos Ligeros. Venta de vehículos ","Nacional",2026,"05","General Motors","Bolt EUV","Camiones ligeros","SUV's","IMPORTADO",66,0,"Cifras Revisadas"
"Registro Administrativo de la Industria Automotriz de Vehículos Ligeros. Venta de vehículos ","Nacional",2026,"05","General Motors","Brightdrop","Camiones ligeros","Minivans","IMPORTADO",40,1,"Cifras Revisadas"
"Registro Administrativo de la Industria Automotriz de Vehículos Ligeros. Venta de vehículos ","Nacional",2026,"05","General Motors","Camaro","Automóviles","Deportivos","IMPORTADO",66,0,"Cifras Revisadas"
"Registro Administrativo de la Industria Automotriz de Vehículos Ligeros. Venta de vehículos ","Nacional",2026,"05","General Motors","Camaro Convertible","Automóviles","De Lujo","IMPORTADO",66,0,"Cifras Revisadas"
"Registro Administrativo de la Industria Automotriz de Vehículos Ligeros. Venta de vehículos ","Nacional",2026,"05","General Motors","Canyon Crew Cab 4x4","Camiones ligeros","Pick Ups","IMPORTADO",66,125,"Cifras Revisadas"
"Registro Administrativo de la Industria Automotriz de Vehículos Ligeros. Venta de vehículos ","Nacional",2026,"05","General Motors","Captiva Sport","Camiones ligeros","SUV's","NACIONAL",1,0,"Cifras Revisadas"
"Registro Administrativo de la Industria Automotriz de Vehículos Ligeros. Venta de vehículos ","Nacional",2026,"05","General Motors","Captiva SUV","Camiones ligeros","SUV's","IMPORTADO",43,1363,"Cifras Revisadas"
"Registro Administrativo de la Industria Automotriz de Vehículos Ligeros. Venta de vehículos ","Nacional",2026,"05","General Motors","Cavalier 4 Ptas","Automóviles","Compactos","IMPORTADO",43,11,"Cifras Revisadas"
"Registro Administrativo de la Industria Automotriz de Vehículos Ligeros. Venta de vehículos ","Nacional",2026,"05","General Motors","Chevrolet Express Cargo Van","Camiones ligeros","Minivans","IMPORTADO",66,1,"Cifras Revisadas"
"Registro Administrativo de la Industria Automotriz de Vehículos Ligeros. Venta de vehículos ","Nacional",2026,"05","General Motors","Chevrolet Express Cutaway","Camiones ligeros","Minivans","IMPORTADO",66,0,"Cifras Revisadas"
"Registro Administrativo de la Industria Automotriz de Vehículos Ligeros. Venta de vehículos ","Nacional",2026,"05","General Motors","Chevrolet Express MAX Cargo Van","Camiones ligeros","Minivans","IMPORTADO",43,180,"Cifras Revisadas"
"Registro Administrativo de la Industria Automotriz de Vehículos Ligeros. Venta de vehículos ","Nacional",2026,"05","General Motors","Chevrolet Express Passenger Van","Camiones ligeros","Minivans","IMPORTADO",66,0,"Cifras Revisadas"
"Registro Administrativo de la Industria Automotriz de Vehículos Ligeros. Venta de vehículos ","Nacional",2026,"05","General Motors","Chevy 3 Ptas","Automóviles","Subcompactos","NACIONAL",1,0,"Cifras Revisadas"
"Registro Administrativo de la Industria Automotriz de Vehículos Ligeros. Venta de vehículos ","Nacional",2026,"05","General Motors","Chevy 4 PTAS","Automóviles","Subcompactos","NACIONAL",1,0,"Cifras Revisadas"
"Registro Administrativo de la Industria Automotriz de Vehículos Ligeros. Venta de vehículos ","Nacional",2026,"05","General Motors","Cheyenne  Doble Cabina","Camiones ligeros","Pick Ups","NACIONAL",1,258,"Cifras Revisadas"
"Registro Administrativo de la Industria Automotriz de Vehículos Ligeros. Venta de vehículos ","Nacional",2026,"05","General Motors","Cheyenne Cabina Regular","Camiones ligeros","Pick Ups","NACIONAL",1,56,"Cifras Revisadas"
"Registro Administrativo de la Industria Automotriz de Vehículos Ligeros. Venta de vehículos ","Nacional",2026,"05","General Motors","Cheyenne Doble Cabina","Camiones ligeros","Pick Ups","IMPORTADO",66,0,"Cifras Revisadas"
"Registro Administrativo de la Industria Automotriz de Vehículos Ligeros. Venta de vehículos ","Nacional",2026,"05","General Motors","Colorado Doble Cabina","Camiones ligeros","Pick Ups","IMPORTADO",66,113,"Cifras Revisadas"
"Registro Administrativo de la Industria Automotriz de Vehículos Ligeros. Venta de vehículos ","Nacional",2026,"05","General Motors","Corvette","Automóviles","Deportivos","IMPORTADO",66,6,"Cifras Revisadas"
"Registro Administrativo de la Industria Automotriz de Vehículos Ligeros. Venta de vehículos ","Nacional",2026,"05","General Motors","Corvette 2  Pts. Convertible","Automóviles","De Lujo","IMPORTADO",66,1,"Cifras Revisadas"
"Registro Administrativo de la Industria Automotriz de Vehículos Ligeros. Venta de vehículos ","Nacional",2026,"05","General Motors","Cruze 4 PTAS-","Automóviles","Compactos","NACIONAL",1,0,"Cifras Revisadas"
"Registro Administrativo de la Industria Automotriz de Vehículos Ligeros. Venta de vehículos ","Nacional",2026,"05","General Motors","Cruze 4 Ptas","Automóviles","Compactos","IMPORTADO",48,0,"Cifras Revisadas"
"Registro Administrativo de la Industria Automotriz de Vehículos Ligeros. Venta de vehículos ","Nacional",2026,"05","General Motors","Cruze 5 Ptas","Automóviles","Compactos","NACIONAL",1,0,"Cifras Revisadas"
"Registro Administrativo de la Industria Automotriz de Vehículos Ligeros. Venta de vehículos ","Nacional",2026,"05","General Motors","Cts 2 Ptas","Automóviles","De Lujo","IMPORTADO",66,0,"Cifras Revisadas"
"Registro Administrativo de la Industria Automotriz de Vehículos Ligeros. Venta de vehículos ","Nacional",2026,"05","General Motors","Cts 4 Ptas","Automóviles","De Lujo","IMPORTADO",66,0,"Cifras Revisadas"
"Registro Administrativo de la Industria Automotriz de Vehículos Ligeros. Venta de vehículos ","Nacional",2026,"05","General Motors","Enclave","Camiones ligeros","SUV's","IMPORTADO",66,41,"Cifras Revisadas"
"Registro Administrativo de la Industria Automotriz de Vehículos Ligeros. Venta de vehículos ","Nacional",2026,"05","General Motors","Encore","Camiones ligeros","SUV's","IMPORTADO",48,24,"Cifras Revisadas"
"Registro Administrativo de la Industria Automotriz de Vehículos Ligeros. Venta de vehículos ","Nacional",2026,"05","General Motors","Envision SUV","Camiones ligeros","SUV's","IMPORTADO",43,43,"Cifras Revisadas"
"Registro Administrativo de la Industria Automotriz de Vehículos Ligeros. Venta de vehículos ","Nacional",2026,"05","General Motors","Envista SUV","Camiones ligeros","SUV's","IMPORTADO",48,98,"Cifras Revisadas"
"Registro Administrativo de la Industria Automotriz de Vehículos Ligeros. Venta de vehículos ","Nacional",2026,"05","General Motors","Epica","Automóviles","Compactos","IMPORTADO",48,0,"Cifras Revisadas"
"Registro Administrativo de la Industria Automotriz de Vehículos Ligeros. Venta de vehículos ","Nacional",2026,"05","General Motors","Equinox EV","Camiones ligeros","SUV's","NACIONAL",1,21,"Cifras Revisadas"
"Registro Administrativo de la Industria Automotriz de Vehículos Ligeros. Venta de vehículos ","Nacional",2026,"05","General Motors","Equinox SUV-","Camiones ligeros","SUV's","NACIONAL",1,0,"Cifras Revisadas"
"Registro Administrativo de la Industria Automotriz de Vehículos Ligeros. Venta de vehículos ","Nacional",2026,"05","General Motors","Equinox Suv","Camiones ligeros","SUV's","IMPORTADO",66,0,"Cifras Revisadas"
"Registro Administrativo de la Industria Automotriz de Vehículos Ligeros. Venta de vehículos ","Nacional",2026,"05","General Motors","Escalade ESV SUV AWD","Camiones ligeros","Minivans","IMPORTADO",66,44,"Cifras Revisadas"
"Registro Administrativo de la Industria Automotriz de Vehículos Ligeros. Venta de vehículos ","Nacional",2026,"05","General Motors","Escalade ESV SUV AWD","Camiones ligeros","Minivans","NACIONAL",1,0,"Cifras Revisadas"
"Registro Administrativo de la Industria Automotriz de Vehículos Ligeros. Venta de vehículos ","Nacional",2026,"05","General Motors","Escalade EXT UUV 4X4","Camiones ligeros","Minivans","NACIONAL",1,0,"Cifras Revisadas"
"Registro Administrativo de la Industria Automotriz de Vehículos Ligeros. Venta de vehículos ","Nacional",2026,"05","General Motors","Escalade IQ Suv","Camiones ligeros","SUV's","NACIONAL",1,9,"Cifras Revisadas"
"Registro Administrativo de la Industria Automotriz de Vehículos Ligeros. Venta de vehículos ","Nacional",2026,"05","General Motors","Escalade IQL Suv","Camiones ligeros","SUV's","NACIONAL",1,9,"Cifras Revisadas"
"Registro Administrativo de la Industria Automotriz de Vehículos Ligeros. Venta de vehículos ","Nacional",2026,"05","General Motors","Escalade Suv","Camiones ligeros","Minivans","IMPORTADO",66,61,"Cifras Revisadas"
"Registro Administrativo de la Industria Automotriz de Vehículos Ligeros. Venta de vehículos ","Nacional",2026,"05","General Motors","GMC Sierra Cabina Regular","Camiones ligeros","Pick Ups","IMPORTADO",66,0,"Cifras Revisadas"
"Registro Administrativo de la Industria Automotriz de Vehículos Ligeros. Venta de vehículos ","Nacional",2026,"05","General Motors","GMC Sierra Doble Cabina","Camiones ligeros","Pick Ups","NACIONAL",1,0,"Cifras Revisadas"
"Registro Administrativo de la Industria Automotriz de Vehículos Ligeros. Venta de vehículos ","Nacional",2026,"05","General Motors","Groove SUV","Camiones ligeros","SUV's","IMPORTADO",43,1544,"Cifras Revisadas"
"Registro Administrativo de la Industria Automotriz de Vehículos Ligeros. Venta de vehículos ","Nacional",2026,"05","General Motors","Hummer EV Pickup","Camiones ligeros","Pick Ups","IMPORTADO",66,4,"Cifras Revisadas"
"Registro Administrativo de la Industria Automotriz de Vehículos Ligeros. Venta de vehículos ","Nacional",2026,"05","General Motors","Hummer EV SUV","Camiones ligeros","SUV's","IMPORTADO",66,11,"Cifras Revisadas"
"Registro Administrativo de la Industria Automotriz de Vehículos Ligeros. Venta de vehículos ","Nacional",2026,"05","General Motors","Kodiak Chassis Cab Class 7 PBV33,000","Camiones ligeros","Pick Ups","NACIONAL",1,0,"Cifras Revisadas"
"Registro Administrativo de la Industria Automotriz de Vehículos Ligeros. Venta de vehículos ","Nacional",2026,"05","General Motors","Lacrosse","Automóviles","De Lujo","IMPORTADO",66,0,"Cifras Revisadas"
"Registro Administrativo de la Industria Automotriz de Vehículos Ligeros. Venta de vehículos ","Nacional",2026,"05","General Motors","Lyriq SUV ","Camiones ligeros","SUV's","IMPORTADO",66,5,"Cifras Revisadas"
"Registro Administrativo de la Industria Automotriz de Vehículos Ligeros. Venta de vehículos ","Nacional",2026,"05","General Motors","Malibu 4 Ptas","Automóviles","Compactos","IMPORTADO",66,0,"Cifras Revisadas"
"Registro Administrativo de la Industria Automotriz de Vehículos Ligeros. Venta de vehículos ","Nacional",2026,"05","General Motors","Matiz 5 Ptas","Automóviles","Subcompactos","IMPORTADO",48,0,"Cifras Revisadas"
"Registro Administrativo de la Industria Automotriz de Vehículos Ligeros. Venta de vehículos ","Nacional",2026,"05","General Motors","Montana Crew Cab","Camiones ligeros","Pick Ups","IMPORTADO",31,199,"Cifras Revisadas"
"Registro Administrativo de la Industria Automotriz de Vehículos Ligeros. Venta de vehículos ","Nacional",2026,"05","General Motors","Onix","Automóviles","Compactos","IMPORTADO",43,311,"Cifras Revisadas"
"Registro Administrativo de la Industria Automotriz de Vehículos Ligeros. Venta de vehículos ","Nacional",2026,"05","General Motors","Onix","Automóviles","Compactos","NACIONAL",1,0,"Cifras Revisadas"
"Registro Administrativo de la Industria Automotriz de Vehículos Ligeros. Venta de vehículos ","Nacional",2026,"05","General Motors","Optiq","Camiones ligeros","SUV's","NACIONAL",1,13,"Cifras Revisadas"
"Registro Administrativo de la Industria Automotriz de Vehículos Ligeros. Venta de vehículos ","Nacional",2026,"05","General Motors","Regal","Automóviles","De Lujo","IMPORTADO",40,0,"Cifras Revisadas"
"Registro Administrativo de la Industria Automotriz de Vehículos Ligeros. Venta de vehículos ","Nacional",2026,"05","General Motors","Sierra Cabina Regular","Camiones ligeros","Pick Ups","NACIONAL",1,60,"Cifras Revisadas"
"Registro Administrativo de la Industria Automotriz de Vehículos Ligeros. Venta de vehículos ","Nacional",2026,"05","General Motors","Sierra Doble Cabina","Camiones ligeros","Pick Ups","IMPORTADO",66,41,"Cifras Revisadas"
"Registro Administrativo de la Industria Automotriz de Vehículos Ligeros. Venta de vehículos ","Nacional",2026,"05","General Motors","Sierra Doble Cabina","Camiones ligeros","Pick Ups","NACIONAL",1,106,"Cifras Revisadas"
"Registro Administrativo de la Industria Automotriz de Vehículos Ligeros. Venta de vehículos ","Nacional",2026,"05","General Motors","Silverado Cabina Regular","Camiones ligeros","Pick Ups","NACIONAL",1,19,"Cifras Revisadas"
"Registro Administrativo de la Industria Automotriz de Vehículos Ligeros. Venta de vehículos ","Nacional",2026,"05","General Motors","Silverado Doble Cabina","Camiones ligeros","Pick Ups","NACIONAL",1,180,"Cifras Revisadas"
"Registro Administrativo de la Industria Automotriz de Vehículos Ligeros. Venta de vehículos ","Nacional",2026,"05","General Motors","Silverado 1500 Cabina Regular","Camiones ligeros","Pick Ups","IMPORTADO",66,0,"Cifras Revisadas"
"Registro Administrativo de la Industria Automotriz de Vehículos Ligeros. Venta de vehículos ","Nacional",2026,"05","General Motors","Silverado 1500 Cabina Regular-","Camiones ligeros","Pick Ups","NACIONAL",1,0,"Cifras Revisadas"
"Registro Administrativo de la Industria Automotriz de Vehículos Ligeros. Venta de vehículos ","Nacional",2026,"05","General Motors","Silverado 2500 Cabina Extendida","Camiones ligeros","Pick Ups","IMPORTADO",66,0,"Cifras Revisadas"
"Registro Administrativo de la Industria Automotriz de Vehículos Ligeros. Venta de vehículos ","Nacional",2026,"05","General Motors","Silverado 2500 Cabina Regular","Camiones ligeros","Pick Ups","IMPORTADO",66,0,"Cifras Revisadas"
"Registro Administrativo de la Industria Automotriz de Vehículos Ligeros. Venta de vehículos ","Nacional",2026,"05","General Motors","Silverado 2500 Cabina Regular-","Camiones ligeros","Pick Ups","NACIONAL",1,0,"Cifras Revisadas"
"Registro Administrativo de la Industria Automotriz de Vehículos Ligeros. Venta de vehículos ","Nacional",2026,"05","General Motors","Silverado 2500 Doble Cabina-","Camiones ligeros","Pick Ups","NACIONAL",1,0,"Cifras Revisadas"
"Registro Administrativo de la Industria Automotriz de Vehículos Ligeros. Venta de vehículos ","Nacional",2026,"05","General Motors","Silverado 3500 Chassis Cab","Camiones ligeros","Pick Ups","NACIONAL",1,1,"Cifras Revisadas"
"Registro Administrativo de la Industria Automotriz de Vehículos Ligeros. Venta de vehículos ","Nacional",2026,"05","General Motors","Silverado 3500 HD Chassis Cab Heavy Duty","Camiones ligeros","Pick Ups","NACIONAL",1,0,"Cifras Revisadas"
"Registro Administrativo de la Industria Automotriz de Vehículos Ligeros. Venta de vehículos ","Nacional",2026,"05","General Motors","Sonic-","Automóviles","Subcompactos","NACIONAL",1,0,"Cifras Revisadas"
"Registro Administrativo de la Industria Automotriz de Vehículos Ligeros. Venta de vehículos ","Nacional",2026,"05","General Motors","Sonic 5 PTS","Automóviles","Subcompactos","IMPORTADO",66,0,"Cifras Revisadas"
"Registro Administrativo de la Industria Automotriz de Vehículos Ligeros. Venta de vehículos ","Nacional",2026,"05","General Motors","Sonic 5 PTS-","Automóviles","Subcompactos","NACIONAL",1,0,"Cifras Revisadas"
"Registro Administrativo de la Industria Automotriz de Vehículos Ligeros. Venta de vehículos ","Nacional",2026,"05","General Motors","Spark","Automóviles","Subcompactos","IMPORTADO",95,0,"Cifras Revisadas"
"Registro Administrativo de la Industria Automotriz de Vehículos Ligeros. Venta de vehículos ","Nacional",2026,"05","General Motors","Spark EUV 4 dr.","Camiones ligeros","SUV's","IMPORTADO",43,352,"Cifras Revisadas"
"Registro Administrativo de la Industria Automotriz de Vehículos Ligeros. Venta de vehículos ","Nacional",2026,"05","General Motors","Spark EV 5 Ptas.","Automóviles","Subcompactos","IMPORTADO",48,0,"Cifras Revisadas"
"Registro Administrativo de la Industria Automotriz de Vehículos Ligeros. Venta de vehículos ","Nacional",2026,"05","General Motors","Spark NG","Automóviles","Subcompactos","IMPORTADO",48,0,"Cifras Revisadas"
"Registro Administrativo de la Industria Automotriz de Vehículos Ligeros. Venta de vehículos ","Nacional",2026,"05","General Motors","SRX SUV-","Camiones ligeros","SUV's","NACIONAL",1,0,"Cifras Revisadas"
"Registro Administrativo de la Industria Automotriz de Vehículos Ligeros. Venta de vehículos ","Nacional",2026,"05","General Motors","Suburban Suv","Camiones ligeros","SUV's","IMPORTADO",66,159,"Cifras Revisadas"
"Registro Administrativo de la Industria Automotriz de Vehículos Ligeros. Venta de vehículos ","Nacional",2026,"05","General Motors","S10","Camiones ligeros","Pick Ups","IMPORTADO",31,2548,"Cifras Revisadas"
"Registro Administrativo de la Industria Automotriz de Vehículos Ligeros. Venta de vehículos ","Nacional",2026,"05","General Motors","S10 Max Cabina Regular","Camiones ligeros","Pick Ups","IMPORTADO",43,0,"Cifras Revisadas"
"Registro Administrativo de la Industria Automotriz de Vehículos Ligeros. Venta de vehículos ","Nacional",2026,"05","General Motors","S10 Max Chassis","Camiones ligeros","Pick Ups","IMPORTADO",43,0,"Cifras Revisadas"
"Registro Administrativo de la Industria Automotriz de Vehículos Ligeros. Venta de vehículos ","Nacional",2026,"05","General Motors","S10 Max Doble Cabina","Camiones ligeros","Pick Ups","IMPORTADO",43,0,"Cifras Revisadas"
"Registro Administrativo de la Industria Automotriz de Vehículos Ligeros. Venta de vehículos ","Nacional",2026,"05","General Motors","Tahoe","Camiones ligeros","SUV's","IMPORTADO",66,111,"Cifras Revisadas"
"Registro Administrativo de la Industria Automotriz de Vehículos Ligeros. Venta de vehículos ","Nacional",2026,"05","General Motors","Terrain SUV-","Camiones ligeros","SUV's","NACIONAL",1,172,"Cifras Revisadas"
"Registro Administrativo de la Industria Automotriz de Vehículos Ligeros. Venta de vehículos ","Nacional",2026,"05","General Motors","Terrain Suv","Camiones ligeros","SUV's","IMPORTADO",40,0,"Cifras Revisadas"
"Registro Administrativo de la Industria Automotriz de Vehículos Ligeros. Venta de vehículos ","Nacional",2026,"05","General Motors","Tornado Pickup","Camiones ligeros","Pick Ups","IMPORTADO",31,0,"Cifras Revisadas"
"Registro Administrativo de la Industria Automotriz de Vehículos Ligeros. Venta de vehículos ","Nacional",2026,"05","General Motors","Tornado Van","Camiones ligeros","Minivans","IMPORTADO",43,1265,"Cifras Revisadas"
"Registro Administrativo de la Industria Automotriz de Vehículos Ligeros. Venta de vehículos ","Nacional",2026,"05","General Motors","Tracker","Camiones ligeros","SUV's","IMPORTADO",31,142,"Cifras Revisadas"
"Registro Administrativo de la Industria Automotriz de Vehículos Ligeros. Venta de vehículos ","Nacional",2026,"05","General Motors","Traverse Suv","Camiones ligeros","SUV's","IMPORTADO",66,109,"Cifras Revisadas"
"Registro Administrativo de la Industria Automotriz de Vehículos Ligeros. Venta de vehículos ","Nacional",2026,"05","General Motors","Trax","Camiones ligeros","SUV's","NACIONAL",1,502,"Cifras Revisadas"
"Registro Administrativo de la Industria Automotriz de Vehículos Ligeros. Venta de vehículos ","Nacional",2026,"05","General Motors","Verano","Automóviles","De Lujo","IMPORTADO",66,0,"Cifras Revisadas"
"Registro Administrativo de la Industria Automotriz de Vehículos Ligeros. Venta de vehículos ","Nacional",2026,"05","General Motors","Volt 4 Ptas.","Automóviles","Subcompactos","IMPORTADO",66,0,"Cifras Revisadas"
"Registro Administrativo de la Industria Automotriz de Vehículos Ligeros. Venta de vehículos ","Nacional",2026,"05","General Motors","Xt4 Suv","Camiones ligeros","SUV's","IMPORTADO",66,1,"Cifras Revisadas"
"Registro Administrativo de la Industria Automotriz de Vehículos Ligeros. Venta de vehículos ","Nacional",2026,"05","General Motors","XT5 SUV","Camiones ligeros","SUV's","IMPORTADO",66,1,"Cifras Revisadas"
"Registro Administrativo de la Industria Automotriz de Vehículos Ligeros. Venta de vehículos ","Nacional",2026,"05","General Motors","Yukon Suv","Camiones ligeros","SUV's","IMPORTADO",66,50,"Cifras Revisadas"
"Registro Administrativo de la Industria Automotriz de Vehículos Ligeros. Venta de vehículos ","Nacional",2026,"05","General Motors","Yukon XL","Camiones ligeros","SUV's","IMPORTADO",66,58,"Cifras Revisadas"
"Registro Administrativo de la Industria Automotriz de Vehículos Ligeros. Venta de vehículos ","Nacional",2026,"05","Great Wall Motor","HAVAL H6","Camiones ligeros","SUV's","IMPORTADO",43,251,"Cifras Revisadas"
"Registro Administrativo de la Industria Automotriz de Vehículos Ligeros. Venta de vehículos ","Nacional",2026,"05","Great Wall Motor","HAVAL Jolion","Camiones ligeros","SUV's","IMPORTADO",43,507,"Cifras Revisadas"
"Registro Administrativo de la Industria Automotriz de Vehículos Ligeros. Venta de vehículos ","Nacional",2026,"05","Great Wall Motor","ORA 03","Automóviles","Subcompactos","IMPORTADO",43,1,"Cifras Revisadas"
"Registro Administrativo de la Industria Automotriz de Vehículos Ligeros. Venta de vehículos ","Nacional",2026,"05","Great Wall Motor","POER","Camiones ligeros","Pick Ups","IMPORTADO",43,211,"Cifras Revisadas"
"Registro Administrativo de la Industria Automotriz de Vehículos Ligeros. Venta de vehículos ","Nacional",2026,"05","Great Wall Motor","TANK 300","Camiones ligeros","SUV's","IMPORTADO",43,41,"Cifras Revisadas"
"Registro Administrativo de la Industria Automotriz de Vehículos Ligeros. Venta de vehículos ","Nacional",2026,"05","Great Wall Motor","TANK 500","Camiones ligeros","SUV's","IMPORTADO",43,35,"Cifras Revisadas"
"Registro Administrativo de la Industria Automotriz de Vehículos Ligeros. Venta de vehículos ","Nacional",2026,"05","Honda","Accord-","Automóviles","De Lujo","IMPORTADO",66,22,"Cifras Revisadas"
"Registro Administrativo de la Industria Automotriz de Vehículos Ligeros. Venta de vehículos ","Nacional",2026,"05","Honda","BR-V","Camiones ligeros","SUV's","IMPORTADO",214,621,"Cifras Revisadas"
"Registro Administrativo de la Industria Automotriz de Vehículos Ligeros. Venta de vehículos ","Nacional",2026,"05","Honda","Civic","Automóviles","Compactos","IMPORTADO",66,181,"Cifras Revisadas"
"Registro Administrativo de la Industria Automotriz de Vehículos Ligeros. Venta de vehículos ","Nacional",2026,"05","Honda","CR-V","Camiones ligeros","SUV's","IMPORTADO",66,721,"Cifras Revisadas"
"Registro Administrativo de la Industria Automotriz de Vehículos Ligeros. Venta de vehículos ","Nacional",2026,"05","Honda","Honda City","Automóviles","Compactos","IMPORTADO",31,843,"Cifras Revisadas"
"Registro Administrativo de la Industria Automotriz de Vehículos Ligeros. Venta de vehículos ","Nacional",2026,"05","Honda","Honda Pilot","Camiones ligeros","SUV's","IMPORTADO",66,107,"Cifras Revisadas"
"Registro Administrativo de la Industria Automotriz de Vehículos Ligeros. Venta de vehículos ","Nacional",2026,"05","Honda","HR-V-","Camiones ligeros","SUV's","NACIONAL",1,630,"Cifras Revisadas"
"Registro Administrativo de la Industria Automotriz de Vehículos Ligeros. Venta de vehículos ","Nacional",2026,"05","Honda","Insight Hybrid","Automóviles","Compactos","IMPORTADO",66,0,"Cifras Revisadas"
"Registro Administrativo de la Industria Automotriz de Vehículos Ligeros. Venta de vehículos ","Nacional",2026,"05","Honda","Odyssey","Camiones ligeros","Minivans","IMPORTADO",40,78,"Cifras Revisadas"
"Registro Administrativo de la Industria Automotriz de Vehículos Ligeros. Venta de vehículos ","Nacional",2026,"05","Honda","Prelude","Automóviles","Deportivos","IMPORTADO",126,7,"Cifras Revisadas"
"Registro Administrativo de la Industria Automotriz de Vehículos Ligeros. Venta de vehículos ","Nacional",2026,"05","Hyundai","Creta","Camiones ligeros","SUV's","IMPORTADO",95,1602,"Cifras Revisadas"
"Registro Administrativo de la Industria Automotriz de Vehículos Ligeros. Venta de vehículos ","Nacional",2026,"05","Hyundai","Elantra","Automóviles","Compactos","IMPORTADO",66,80,"Cifras Revisadas"
"Registro Administrativo de la Industria Automotriz de Vehículos Ligeros. Venta de vehículos ","Nacional",2026,"05","Hyundai","Genesis","Automóviles","De Lujo","IMPORTADO",48,0,"Cifras Revisadas"
"Registro Administrativo de la Industria Automotriz de Vehículos Ligeros. Venta de vehículos ","Nacional",2026,"05","Hyundai","Grand I10","Automóviles","Subcompactos","IMPORTADO",95,1067,"Cifras Revisadas"
"Registro Administrativo de la Industria Automotriz de Vehículos Ligeros. Venta de vehículos ","Nacional",2026,"05","Hyundai","Grand I10 Sedán","Automóviles","Subcompactos","IMPORTADO",95,936,"Cifras Revisadas"
"Registro Administrativo de la Industria Automotriz de Vehículos Ligeros. Venta de vehículos ","Nacional",2026,"05","Hyundai","HB20 HATCHBACK","Automóviles","Compactos","IMPORTADO",31,174,"Cifras Revisadas"
"Registro Administrativo de la Industria Automotriz de Vehículos Ligeros. Venta de vehículos ","Nacional",2026,"05","Hyundai","HB20 SEDAN","Automóviles","Compactos","IMPORTADO",31,578,"Cifras Revisadas"
"Registro Administrativo de la Industria Automotriz de Vehículos Ligeros. Venta de vehículos ","Nacional",2026,"05","Hyundai","Ioniq","Automóviles","Compactos","IMPORTADO",48,0,"Cifras Revisadas"
"Registro Administrativo de la Industria Automotriz de Vehículos Ligeros. Venta de vehículos ","Nacional",2026,"05","Hyundai","Ioniq 5","Automóviles","Compactos","IMPORTADO",48,0,"Cifras Revisadas"
"Registro Administrativo de la Industria Automotriz de Vehículos Ligeros. Venta de vehículos ","Nacional",2026,"05","Hyundai","IX35","Camiones ligeros","SUV's","IMPORTADO",184,0,"Cifras Revisadas"
"Registro Administrativo de la Industria Automotriz de Vehículos Ligeros. Venta de vehículos ","Nacional",2026,"05","Hyundai","Palisade","Camiones ligeros","SUV's","IMPORTADO",48,54,"Cifras Revisadas"
"Registro Administrativo de la Industria Automotriz de Vehículos Ligeros. Venta de vehículos ","Nacional",2026,"05","Hyundai","Santa Fe","Camiones ligeros","SUV's","IMPORTADO",66,54,"Cifras Revisadas"
"Registro Administrativo de la Industria Automotriz de Vehículos Ligeros. Venta de vehículos ","Nacional",2026,"05","Hyundai","Santa FE 7 P","Camiones ligeros","SUV's","IMPORTADO",48,0,"Cifras Revisadas"
"Registro Administrativo de la Industria Automotriz de Vehículos Ligeros. Venta de vehículos ","Nacional",2026,"05","Hyundai","Sonata","Automóviles","Compactos","IMPORTADO",66,0,"Cifras Revisadas"
"Registro Administrativo de la Industria Automotriz de Vehículos Ligeros. Venta de vehículos ","Nacional",2026,"05","Hyundai","Starex","Camiones ligeros","Minivans","IMPORTADO",48,0,"Cifras Revisadas"
"Registro Administrativo de la Industria Automotriz de Vehículos Ligeros. Venta de vehículos ","Nacional",2026,"05","Hyundai","Tucson","Camiones ligeros","SUV's","IMPORTADO",184,245,"Cifras Revisadas"
"Registro Administrativo de la Industria Automotriz de Vehículos Ligeros. Venta de vehículos ","Nacional",2026,"05","Hyundai","Veloster","Automóviles","Deportivos","IMPORTADO",48,0,"Cifras Revisadas"
"Registro Administrativo de la Industria Automotriz de Vehículos Ligeros. Venta de vehículos ","Nacional",2026,"05","Infiniti","Infiniti","Automóviles","De Lujo","IMPORTADO",126,0,"Cifras Revisadas"
"Registro Administrativo de la Industria Automotriz de Vehículos Ligeros. Venta de vehículos ","Nacional",2026,"05","Infiniti","QX30","Automóviles","De Lujo","IMPORTADO",181,0,"Cifras Revisadas"
"Registro Administrativo de la Industria Automotriz de Vehículos Ligeros. Venta de vehículos ","Nacional",2026,"05","Infiniti","QX50","Camiones ligeros","SUV's","NACIONAL",1,16,"Cifras Revisadas"
"Registro Administrativo de la Industria Automotriz de Vehículos Ligeros. Venta de vehículos ","Nacional",2026,"05","Infiniti","QX55","Camiones ligeros","SUV's","NACIONAL",1,8,"Cifras Revisadas"
"Registro Administrativo de la Industria Automotriz de Vehículos Ligeros. Venta de vehículos ","Nacional",2026,"05","Infiniti","QX60","Camiones ligeros","SUV's","IMPORTADO",126,42,"Cifras Revisadas"
"Registro Administrativo de la Industria Automotriz de Vehículos Ligeros. Venta de vehículos ","Nacional",2026,"05","Infiniti","QX70","Camiones ligeros","SUV's","IMPORTADO",126,0,"Cifras Revisadas"
"Registro Administrativo de la Industria Automotriz de Vehículos Ligeros. Venta de vehículos ","Nacional",2026,"05","Infiniti","QX80","Camiones ligeros","SUV's","IMPORTADO",126,25,"Cifras Revisadas"
"Registro Administrativo de la Industria Automotriz de Vehículos Ligeros. Venta de vehículos ","Nacional",2026,"05","Infiniti","Q50","Automóviles","De Lujo","IMPORTADO",126,0,"Cifras Revisadas"
"Registro Administrativo de la Industria Automotriz de Vehículos Ligeros. Venta de vehículos ","Nacional",2026,"05","Infiniti","Q60","Automóviles","De Lujo","IMPORTADO",126,0,"Cifras Revisadas"
"Registro Administrativo de la Industria Automotriz de Vehículos Ligeros. Venta de vehículos ","Nacional",2026,"05","Infiniti","Q70","Automóviles","De Lujo","IMPORTADO",126,0,"Cifras Revisadas"
"Registro Administrativo de la Industria Automotriz de Vehículos Ligeros. Venta de vehículos ","Nacional",2026,"05","Isuzu","ELF 200","Camiones ligeros","Pick Ups","IMPORTADO",126,58,"Cifras Revisadas"
"Registro Administrativo de la Industria Automotriz de Vehículos Ligeros. Venta de vehículos ","Nacional",2026,"05","Isuzu","ELF 300","Camiones ligeros","Pick Ups","IMPORTADO",126,96,"Cifras Revisadas"
"Registro Administrativo de la Industria Automotriz de Vehículos Ligeros. Venta de vehículos ","Nacional",2026,"05","Isuzu","ELF 350","Camiones ligeros","Pick Ups","IMPORTADO",126,16,"Cifras Revisadas"
"Registro Administrativo de la Industria Automotriz de Vehículos Ligeros. Venta de vehículos ","Nacional",2026,"05","Isuzu","ELF100","Camiones ligeros","Pick Ups","IMPORTADO",126,69,"Cifras Revisadas"
"Registro Administrativo de la Industria Automotriz de Vehículos Ligeros. Venta de vehículos ","Nacional",2026,"05","JAC","E J7","Automóviles","Compactos","NACIONAL",1,1,"Cifras Revisadas"
"Registro Administrativo de la Industria Automotriz de Vehículos Ligeros. Venta de vehículos ","Nacional",2026,"05","JAC","E 10X","Automóviles","Compactos","NACIONAL",1,14,"Cifras Revisadas"
"Registro Administrativo de la Industria Automotriz de Vehículos Ligeros. Venta de vehículos ","Nacional",2026,"05","JAC","E 30x","Automóviles","Subcompactos","NACIONAL",1,6,"Cifras Revisadas"
"Registro Administrativo de la Industria Automotriz de Vehículos Ligeros. Venta de vehículos ","Nacional",2026,"05","JAC","Frison","Camiones ligeros","Pick Ups","NACIONAL",1,712,"Cifras Revisadas"
"Registro Administrativo de la Industria Automotriz de Vehículos Ligeros. Venta de vehículos ","Nacional",2026,"05","JAC","JAC2","Camiones ligeros","SUV's","NACIONAL",1,87,"Cifras Revisadas"
"Registro Administrativo de la Industria Automotriz de Vehículos Ligeros. Venta de vehículos ","Nacional",2026,"05","JAC","JAC4","Camiones ligeros","SUV's","NACIONAL",1,204,"Cifras Revisadas"
"Registro Administrativo de la Industria Automotriz de Vehículos Ligeros. Venta de vehículos ","Nacional",2026,"05","JAC","JAC6","Camiones ligeros","SUV's","NACIONAL",1,98,"Cifras Revisadas"
"Registro Administrativo de la Industria Automotriz de Vehículos Ligeros. Venta de vehículos ","Nacional",2026,"05","JAC","JAC8","Camiones ligeros","SUV's","NACIONAL",1,223,"Cifras Revisadas"
"Registro Administrativo de la Industria Automotriz de Vehículos Ligeros. Venta de vehículos ","Nacional",2026,"05","JAC","J7","Automóviles","Compactos","NACIONAL",1,1,"Cifras Revisadas"
"Registro Administrativo de la Industria Automotriz de Vehículos Ligeros. Venta de vehículos ","Nacional",2026,"05","JAC","Sei2","Camiones ligeros","SUV's","NACIONAL",1,36,"Cifras Revisadas"
"Registro Administrativo de la Industria Automotriz de Vehículos Ligeros. Venta de vehículos ","Nacional",2026,"05","JAC","Sei4 Pro","Camiones ligeros","SUV's","NACIONAL",1,3,"Cifras Revisadas"
"Registro Administrativo de la Industria Automotriz de Vehículos Ligeros. Venta de vehículos ","Nacional",2026,"05","JAC","SEI7 PRO","Camiones ligeros","SUV's","NACIONAL",1,2,"Cifras Revisadas"
"Registro Administrativo de la Industria Automotriz de Vehículos Ligeros. Venta de vehículos ","Nacional",2026,"05","JAC","SUNRAY","Camiones ligeros","Minivans","NACIONAL",1,159,"Cifras Revisadas"
"Registro Administrativo de la Industria Automotriz de Vehículos Ligeros. Venta de vehículos ","Nacional",2026,"05","JAC","Sunray City","Camiones ligeros","Minivans","NACIONAL",1,90,"Cifras Revisadas"
"Registro Administrativo de la Industria Automotriz de Vehículos Ligeros. Venta de vehículos ","Nacional",2026,"05","JAC","Traveler","Automóviles","Compactos","NACIONAL",1,31,"Cifras Revisadas"
"Registro Administrativo de la Industria Automotriz de Vehículos Ligeros. Venta de vehículos ","Nacional",2026,"05","JAC","X 200","Camiones ligeros","Pick Ups","NACIONAL",1,42,"Cifras Revisadas"
"Registro Administrativo de la Industria Automotriz de Vehículos Ligeros. Venta de vehículos ","Nacional",2026,"05","JAC","X350","Camiones ligeros","Pick Ups","NACIONAL",1,91,"Cifras Revisadas"
"Registro Administrativo de la Industria Automotriz de Vehículos Ligeros. Venta de vehículos ","Nacional",2026,"05","Jetour Soueast","Dashing","Camiones ligeros","SUV's","IMPORTADO",43,85,"Cifras Revisadas"
"Registro Administrativo de la Industria Automotriz de Vehículos Ligeros. Venta de vehículos ","Nacional",2026,"05","Jetour Soueast","G700 PHEV","Camiones ligeros","SUV's","IMPORTADO",43,26,"Cifras Revisadas"
"Registro Administrativo de la Industria Automotriz de Vehículos Ligeros. Venta de vehículos ","Nacional",2026,"05","Jetour Soueast","S06 i-DM","Camiones ligeros","SUV's","IMPORTADO",43,60,"Cifras Revisadas"
"Registro Administrativo de la Industria Automotriz de Vehículos Ligeros. Venta de vehículos ","Nacional",2026,"05","Jetour Soueast","S07","Camiones ligeros","SUV's","IMPORTADO",43,4,"Cifras Revisadas"
"Registro Administrativo de la Industria Automotriz de Vehículos Ligeros. Venta de vehículos ","Nacional",2026,"05","Jetour Soueast","S08 i-DM","Camiones ligeros","SUV's","IMPORTADO",43,2,"Cifras Revisadas"
"Registro Administrativo de la Industria Automotriz de Vehículos Ligeros. Venta de vehículos ","Nacional",2026,"05","Jetour Soueast","S09","Camiones ligeros","SUV's","IMPORTADO",43,11,"Cifras Revisadas"
"Registro Administrativo de la Industria Automotriz de Vehículos Ligeros. Venta de vehículos ","Nacional",2026,"05","Jetour Soueast","T1","Camiones ligeros","SUV's","IMPORTADO",43,49,"Cifras Revisadas"
"Registro Administrativo de la Industria Automotriz de Vehículos Ligeros. Venta de vehículos ","Nacional",2026,"05","Jetour Soueast","T1 i-DM","Camiones ligeros","SUV's","IMPORTADO",43,81,"Cifras Revisadas"
"Registro Administrativo de la Industria Automotriz de Vehículos Ligeros. Venta de vehículos ","Nacional",2026,"05","Jetour Soueast","T2","Camiones ligeros","SUV's","IMPORTADO",43,53,"Cifras Revisadas"
"Registro Administrativo de la Industria Automotriz de Vehículos Ligeros. Venta de vehículos ","Nacional",2026,"05","Jetour Soueast","T2 i-DM","Camiones ligeros","SUV's","IMPORTADO",43,162,"Cifras Revisadas"
"Registro Administrativo de la Industria Automotriz de Vehículos Ligeros. Venta de vehículos ","Nacional",2026,"05","Jetour Soueast","X70","Camiones ligeros","SUV's","IMPORTADO",43,10,"Cifras Revisadas"
"Registro Administrativo de la Industria Automotriz de Vehículos Ligeros. Venta de vehículos ","Nacional",2026,"05","Jetour Soueast","X70 Plus","Camiones ligeros","SUV's","IMPORTADO",43,7,"Cifras Revisadas"
"Registro Administrativo de la Industria Automotriz de Vehículos Ligeros. Venta de vehículos ","Nacional",2026,"05","KIA","KIA K3 Hatchback","Automóviles","Subcompactos","NACIONAL",1,721,"Cifras Revisadas"
"Registro Administrativo de la Industria Automotriz de Vehículos Ligeros. Venta de vehículos ","Nacional",2026,"05","KIA","KIA K3 Sedán","Automóviles","Subcompactos","NACIONAL",1,4444,"Cifras Revisadas"
"Registro Administrativo de la Industria Automotriz de Vehículos Ligeros. Venta de vehículos ","Nacional",2026,"05","KIA","KIA Niro","Camiones ligeros","SUV's","IMPORTADO",48,35,"Cifras Revisadas"
"Registro Administrativo de la Industria Automotriz de Vehículos Ligeros. Venta de vehículos ","Nacional",2026,"05","KIA","K4 Hatchback","Automóviles","Compactos","NACIONAL",1,164,"Cifras Revisadas"
"Registro Administrativo de la Industria Automotriz de Vehículos Ligeros. Venta de vehículos ","Nacional",2026,"05","KIA","K4 Sedán","Automóviles","Compactos","NACIONAL",1,919,"Cifras Revisadas"
"Registro Administrativo de la Industria Automotriz de Vehículos Ligeros. Venta de vehículos ","Nacional",2026,"05","KIA","Seltos-","Camiones ligeros","SUV's","IMPORTADO",43,1062,"Cifras Revisadas"
"Registro Administrativo de la Industria Automotriz de Vehículos Ligeros. Venta de vehículos ","Nacional",2026,"05","KIA","Sonet","Camiones ligeros","SUV's","IMPORTADO",43,926,"Cifras Revisadas"
"Registro Administrativo de la Industria Automotriz de Vehículos Ligeros. Venta de vehículos ","Nacional",2026,"05","KIA","Sorento","Camiones ligeros","SUV's","IMPORTADO",66,110,"Cifras Revisadas"
"Registro Administrativo de la Industria Automotriz de Vehículos Ligeros. Venta de vehículos ","Nacional",2026,"05","KIA","SPORTAGE","Camiones ligeros","SUV's","IMPORTADO",48,543,"Cifras Revisadas"
"Registro Administrativo de la Industria Automotriz de Vehículos Ligeros. Venta de vehículos ","Nacional",2026,"05","KIA","Sportage HEV","Camiones ligeros","SUV's","IMPORTADO",48,371,"Cifras Revisadas"
"Registro Administrativo de la Industria Automotriz de Vehículos Ligeros. Venta de vehículos ","Nacional",2026,"05","KIA","Telluride","Camiones ligeros","SUV's","IMPORTADO",66,10,"Cifras Revisadas"
"Registro Administrativo de la Industria Automotriz de Vehículos Ligeros. Venta de vehículos ","Nacional",2026,"05","Land Rover","Defender","Camiones ligeros","SUV's","IMPORTADO",181,43,"Cifras Revisadas"
"Registro Administrativo de la Industria Automotriz de Vehículos Ligeros. Venta de vehículos ","Nacional",2026,"05","Land Rover","Discovery","Automóviles","De Lujo","IMPORTADO",181,0,"Cifras Revisadas"
"Registro Administrativo de la Industria Automotriz de Vehículos Ligeros. Venta de vehículos ","Nacional",2026,"05","Land Rover","Discovery Sport","Automóviles","De Lujo","IMPORTADO",181,6,"Cifras Revisadas"
"Registro Administrativo de la Industria Automotriz de Vehículos Ligeros. Venta de vehículos ","Nacional",2026,"05","Land Rover","Range Rover","Automóviles","De Lujo","IMPORTADO",181,14,"Cifras Revisadas"
"Registro Administrativo de la Industria Automotriz de Vehículos Ligeros. Venta de vehículos ","Nacional",2026,"05","Land Rover","Range Rover Evoque","Automóviles","De Lujo","IMPORTADO",181,26,"Cifras Revisadas"
"Registro Administrativo de la Industria Automotriz de Vehículos Ligeros. Venta de vehículos ","Nacional",2026,"05","Land Rover","Range Rover Sport","Camiones ligeros","SUV's","IMPORTADO",181,52,"Cifras Revisadas"
"Registro Administrativo de la Industria Automotriz de Vehículos Ligeros. Venta de vehículos ","Nacional",2026,"05","Land Rover","Range Rover Velar","Automóviles","De Lujo","IMPORTADO",181,17,"Cifras Revisadas"
"Registro Administrativo de la Industria Automotriz de Vehículos Ligeros. Venta de vehículos ","Nacional",2026,"05","Lexus","ES","Automóviles","De Lujo","IMPORTADO",66,0,"Cifras Revisadas"
"Registro Administrativo de la Industria Automotriz de Vehículos Ligeros. Venta de vehículos ","Nacional",2026,"05","Lexus","GX","Camiones ligeros","SUV's","IMPORTADO",126,34,"Cifras Revisadas"
"Registro Administrativo de la Industria Automotriz de Vehículos Ligeros. Venta de vehículos ","Nacional",2026,"05","Lexus","IS","Automóviles","De Lujo","IMPORTADO",126,7,"Cifras Revisadas"
"Registro Administrativo de la Industria Automotriz de Vehículos Ligeros. Venta de vehículos ","Nacional",2026,"05","Lexus","LC","Automóviles","De Lujo","IMPORTADO",126,3,"Cifras Revisadas"
"Registro Administrativo de la Industria Automotriz de Vehículos Ligeros. Venta de vehículos ","Nacional",2026,"05","Lexus","LS","Automóviles","De Lujo","IMPORTADO",126,0,"Cifras Revisadas"
"Registro Administrativo de la Industria Automotriz de Vehículos Ligeros. Venta de vehículos ","Nacional",2026,"05","Lexus","LX","Camiones ligeros","SUV's","IMPORTADO",126,21,"Cifras Revisadas"
"Registro Administrativo de la Industria Automotriz de Vehículos Ligeros. Venta de vehículos ","Nacional",2026,"05","Lexus","NX","Camiones ligeros","SUV's","IMPORTADO",40,70,"Cifras Revisadas"
"Registro Administrativo de la Industria Automotriz de Vehículos Ligeros. Venta de vehículos ","Nacional",2026,"05","Lexus","RX","Camiones ligeros","SUV's","IMPORTADO",40,30,"Cifras Revisadas"
"Registro Administrativo de la Industria Automotriz de Vehículos Ligeros. Venta de vehículos ","Nacional",2026,"05","Lexus","TX","Camiones ligeros","SUV's","IMPORTADO",66,15,"Cifras Revisadas"
"Registro Administrativo de la Industria Automotriz de Vehículos Ligeros. Venta de vehículos ","Nacional",2026,"05","Lexus","UX","Camiones ligeros","SUV's","IMPORTADO",126,43,"Cifras Revisadas"
"Registro Administrativo de la Industria Automotriz de Vehículos Ligeros. Venta de vehículos ","Nacional",2026,"05","Lincoln","AVIATOR","Camiones ligeros","SUV's","IMPORTADO",66,4,"Cifras Revisadas"
"Registro Administrativo de la Industria Automotriz de Vehículos Ligeros. Venta de vehículos ","Nacional",2026,"05","Lincoln","Corsair","Camiones ligeros","SUV's","IMPORTADO",40,21,"Cifras Revisadas"
"Registro Administrativo de la Industria Automotriz de Vehículos Ligeros. Venta de vehículos ","Nacional",2026,"05","Lincoln","NAUTILUS","Automóviles","De Lujo","IMPORTADO",66,98,"Cifras Revisadas"
"Registro Administrativo de la Industria Automotriz de Vehículos Ligeros. Venta de vehículos ","Nacional",2026,"05","Lincoln","Navigator","Camiones ligeros","Minivans","IMPORTADO",66,34,"Cifras Revisadas"
"Registro Administrativo de la Industria Automotriz de Vehículos Ligeros. Venta de vehículos ","Nacional",2026,"05","Lynk&Co","01","Automóviles","De Lujo","IMPORTADO",43,34,"Cifras Revisadas"
"Registro Administrativo de la Industria Automotriz de Vehículos Ligeros. Venta de vehículos ","Nacional",2026,"05","Lynk&Co","02","Automóviles","De Lujo","IMPORTADO",43,8,"Cifras Revisadas"
"Registro Administrativo de la Industria Automotriz de Vehículos Ligeros. Venta de vehículos ","Nacional",2026,"05","Lynk&Co","08","Automóviles","De Lujo","IMPORTADO",43,95,"Cifras Revisadas"
"Registro Administrativo de la Industria Automotriz de Vehículos Ligeros. Venta de vehículos ","Nacional",2026,"05","Lynk&Co","09","Automóviles","De Lujo","IMPORTADO",43,12,"Cifras Revisadas"
"Registro Administrativo de la Industria Automotriz de Vehículos Ligeros. Venta de vehículos ","Nacional",2026,"05","Mazda","BT-50","Camiones ligeros","Pick Ups","IMPORTADO",214,122,"Cifras Revisadas"
"Registro Administrativo de la Industria Automotriz de Vehículos Ligeros. Venta de vehículos ","Nacional",2026,"05","Mazda","CX-3","Camiones ligeros","SUV's","IMPORTADO",126,0,"Cifras Revisadas"
"Registro Administrativo de la Industria Automotriz de Vehículos Ligeros. Venta de vehículos ","Nacional",2026,"05","Mazda","CX-3","Camiones ligeros","SUV's","NACIONAL",1,825,"Cifras Revisadas"
"Registro Administrativo de la Industria Automotriz de Vehículos Ligeros. Venta de vehículos ","Nacional",2026,"05","Mazda","CX-30","Camiones ligeros","SUV's","NACIONAL",1,2605,"Cifras Revisadas"
"Registro Administrativo de la Industria Automotriz de Vehículos Ligeros. Venta de vehículos ","Nacional",2026,"05","Mazda","CX-5","Camiones ligeros","SUV's","IMPORTADO",126,1702,"Cifras Revisadas"
"Registro Administrativo de la Industria Automotriz de Vehículos Ligeros. Venta de vehículos ","Nacional",2026,"05","Mazda","CX-50","Camiones ligeros","SUV's","IMPORTADO",66,184,"Cifras Revisadas"
"Registro Administrativo de la Industria Automotriz de Vehículos Ligeros. Venta de vehículos ","Nacional",2026,"05","Mazda","Cx-7","Camiones ligeros","SUV's","IMPORTADO",126,0,"Cifras Revisadas"
"Registro Administrativo de la Industria Automotriz de Vehículos Ligeros. Venta de vehículos ","Nacional",2026,"05","Mazda","CX-70","Camiones ligeros","SUV's","IMPORTADO",126,49,"Cifras Revisadas"
"Registro Administrativo de la Industria Automotriz de Vehículos Ligeros. Venta de vehículos ","Nacional",2026,"05","Mazda","CX-9","Camiones ligeros","SUV's","IMPORTADO",126,0,"Cifras Revisadas"
"Registro Administrativo de la Industria Automotriz de Vehículos Ligeros. Venta de vehículos ","Nacional",2026,"05","Mazda","CX-90","Camiones ligeros","SUV's","IMPORTADO",126,186,"Cifras Revisadas"
"Registro Administrativo de la Industria Automotriz de Vehículos Ligeros. Venta de vehículos ","Nacional",2026,"05","Mazda","Mazda 2","Automóviles","Subcompactos","IMPORTADO",126,0,"Cifras Revisadas"
"Registro Administrativo de la Industria Automotriz de Vehículos Ligeros. Venta de vehículos ","Nacional",2026,"05","Mazda","Mazda 2 Hatchback","Automóviles","Subcompactos","NACIONAL",1,325,"Cifras Revisadas"
"Registro Administrativo de la Industria Automotriz de Vehículos Ligeros. Venta de vehículos ","Nacional",2026,"05","Mazda","Mazda 2 Sedán","Automóviles","Subcompactos","NACIONAL",1,1590,"Cifras Revisadas"
"Registro Administrativo de la Industria Automotriz de Vehículos Ligeros. Venta de vehículos ","Nacional",2026,"05","Mazda","Mazda 3 Hatchback","Automóviles","Compactos","IMPORTADO",126,0,"Cifras Revisadas"
"Registro Administrativo de la Industria Automotriz de Vehículos Ligeros. Venta de vehículos ","Nacional",2026,"05","Mazda","Mazda 3 Hatchback","Automóviles","Compactos","NACIONAL",1,581,"Cifras Revisadas"
"Registro Administrativo de la Industria Automotriz de Vehículos Ligeros. Venta de vehículos ","Nacional",2026,"05","Mazda","Mazda 3 Sedán","Automóviles","Compactos","IMPORTADO",126,0,"Cifras Revisadas"
"Registro Administrativo de la Industria Automotriz de Vehículos Ligeros. Venta de vehículos ","Nacional",2026,"05","Mazda","Mazda 3 Sedán-","Automóviles","Compactos","NACIONAL",1,1482,"Cifras Revisadas"
"Registro Administrativo de la Industria Automotriz de Vehículos Ligeros. Venta de vehículos ","Nacional",2026,"05","Mazda","Mazda 5","Automóviles","Compactos","IMPORTADO",126,0,"Cifras Revisadas"
"Registro Administrativo de la Industria Automotriz de Vehículos Ligeros. Venta de vehículos ","Nacional",2026,"05","Mazda","Mazda 6","Automóviles","De Lujo","IMPORTADO",126,0,"Cifras Revisadas"
"Registro Administrativo de la Industria Automotriz de Vehículos Ligeros. Venta de vehículos ","Nacional",2026,"05","Mazda","Mx-5","Automóviles","Deportivos","IMPORTADO",126,108,"Cifras Revisadas"
"Registro Administrativo de la Industria Automotriz de Vehículos Ligeros. Venta de vehículos ","Nacional",2026,"05","Mercedes Benz","AMG GT","Automóviles","De Lujo","IMPORTADO",4,4,"Cifras Revisadas"
"Registro Administrativo de la Industria Automotriz de Vehículos Ligeros. Venta de vehículos ","Nacional",2026,"05","Mercedes Benz","CLA","Automóviles","De Lujo","IMPORTADO",94,82,"Cifras Revisadas"
"Registro Administrativo de la Industria Automotriz de Vehículos Ligeros. Venta de vehículos ","Nacional",2026,"05","Mercedes Benz","Clase A hatchback","Automóviles","De Lujo","IMPORTADO",4,19,"Cifras Revisadas"
"Registro Administrativo de la Industria Automotriz de Vehículos Ligeros. Venta de vehículos ","Nacional",2026,"05","Mercedes Benz","Clase A Sedan","Automóviles","De Lujo","IMPORTADO",4,8,"Cifras Revisadas"
"Registro Administrativo de la Industria Automotriz de Vehículos Ligeros. Venta de vehículos ","Nacional",2026,"05","Mercedes Benz","Clase C coupe","Automóviles","De Lujo","IMPORTADO",4,0,"Cifras Revisadas"
"Registro Administrativo de la Industria Automotriz de Vehículos Ligeros. Venta de vehículos ","Nacional",2026,"05","Mercedes Benz","Clase C Sedan","Automóviles","De Lujo","IMPORTADO",4,29,"Cifras Revisadas"
"Registro Administrativo de la Industria Automotriz de Vehículos Ligeros. Venta de vehículos ","Nacional",2026,"05","Mercedes Benz","Clase E coupe","Automóviles","De Lujo","IMPORTADO",4,0,"Cifras Revisadas"
"Registro Administrativo de la Industria Automotriz de Vehículos Ligeros. Venta de vehículos ","Nacional",2026,"05","Mercedes Benz","Clase E sedan","Automóviles","De Lujo","IMPORTADO",4,14,"Cifras Revisadas"
"Registro Administrativo de la Industria Automotriz de Vehículos Ligeros. Venta de vehículos ","Nacional",2026,"05","Mercedes Benz","Clase G","Camiones ligeros","SUV's","IMPORTADO",17,33,"Cifras Revisadas"
"Registro Administrativo de la Industria Automotriz de Vehículos Ligeros. Venta de vehículos ","Nacional",2026,"05","Mercedes Benz","Clase GLE","Camiones ligeros","SUV's","IMPORTADO",66,110,"Cifras Revisadas"
"Registro Administrativo de la Industria Automotriz de Vehículos Ligeros. Venta de vehículos ","Nacional",2026,"05","Mercedes Benz","Clase GLS","Camiones ligeros","SUV's","IMPORTADO",66,15,"Cifras Revisadas"
"Registro Administrativo de la Industria Automotriz de Vehículos Ligeros. Venta de vehículos ","Nacional",2026,"05","Mercedes Benz","Clase S coupe","Automóviles","De Lujo","IMPORTADO",4,0,"Cifras Revisadas"
"Registro Administrativo de la Industria Automotriz de Vehículos Ligeros. Venta de vehículos ","Nacional",2026,"05","Mercedes Benz","Clase S sedan","Automóviles","De Lujo","IMPORTADO",4,10,"Cifras Revisadas"
"Registro Administrativo de la Industria Automotriz de Vehículos Ligeros. Venta de vehículos ","Nacional",2026,"05","Mercedes Benz","Clase SL","Automóviles","De Lujo","IMPORTADO",4,5,"Cifras Revisadas"
"Registro Administrativo de la Industria Automotriz de Vehículos Ligeros. Venta de vehículos ","Nacional",2026,"05","Mercedes Benz","Clase V","Camiones ligeros","SUV's","IMPORTADO",64,0,"Cifras Revisadas"
"Registro Administrativo de la Industria Automotriz de Vehículos Ligeros. Venta de vehículos ","Nacional",2026,"05","Mercedes Benz","CLE","Automóviles","De Lujo","IMPORTADO",4,15,"Cifras Revisadas"
"Registro Administrativo de la Industria Automotriz de Vehículos Ligeros. Venta de vehículos ","Nacional",2026,"05","Mercedes Benz","CLS","Automóviles","De Lujo","IMPORTADO",4,0,"Cifras Revisadas"
"Registro Administrativo de la Industria Automotriz de Vehículos Ligeros. Venta de vehículos ","Nacional",2026,"05","Mercedes Benz","EQA","Camiones ligeros","SUV's","IMPORTADO",4,3,"Cifras Revisadas"
"Registro Administrativo de la Industria Automotriz de Vehículos Ligeros. Venta de vehículos ","Nacional",2026,"05","Mercedes Benz","EQB","Camiones ligeros","SUV's","IMPORTADO",94,4,"Cifras Revisadas"
"Registro Administrativo de la Industria Automotriz de Vehículos Ligeros. Venta de vehículos ","Nacional",2026,"05","Mercedes Benz","EQC","Camiones ligeros","SUV's","IMPORTADO",4,4,"Cifras Revisadas"
"Registro Administrativo de la Industria Automotriz de Vehículos Ligeros. Venta de vehículos ","Nacional",2026,"05","Mercedes Benz","EQE","Automóviles","De Lujo","IMPORTADO",4,23,"Cifras Revisadas"
"Registro Administrativo de la Industria Automotriz de Vehículos Ligeros. Venta de vehículos ","Nacional",2026,"05","Mercedes Benz","EQE SUV","Camiones ligeros","SUV's","IMPORTADO",66,13,"Cifras Revisadas"
"Registro Administrativo de la Industria Automotriz de Vehículos Ligeros. Venta de vehículos ","Nacional",2026,"05","Mercedes Benz","EQS","Automóviles","De Lujo","IMPORTADO",4,6,"Cifras Revisadas"
"Registro Administrativo de la Industria Automotriz de Vehículos Ligeros. Venta de vehículos ","Nacional",2026,"05","Mercedes Benz","EQS SUV","Camiones ligeros","SUV's","IMPORTADO",66,2,"Cifras Revisadas"
"Registro Administrativo de la Industria Automotriz de Vehículos Ligeros. Venta de vehículos ","Nacional",2026,"05","Mercedes Benz","GLA","Camiones ligeros","SUV's","IMPORTADO",4,20,"Cifras Revisadas"
"Registro Administrativo de la Industria Automotriz de Vehículos Ligeros. Venta de vehículos ","Nacional",2026,"05","Mercedes Benz","GLB","Camiones ligeros","SUV's","NACIONAL",1,76,"Cifras Revisadas"
"Registro Administrativo de la Industria Automotriz de Vehículos Ligeros. Venta de vehículos ","Nacional",2026,"05","Mercedes Benz","GLC","Camiones ligeros","SUV's","IMPORTADO",4,131,"Cifras Revisadas"
"Registro Administrativo de la Industria Automotriz de Vehículos Ligeros. Venta de vehículos ","Nacional",2026,"05","Mercedes Benz","SLC","Automóviles","De Lujo","IMPORTADO",4,0,"Cifras Revisadas"
"Registro Administrativo de la Industria Automotriz de Vehículos Ligeros. Venta de vehículos ","Nacional",2026,"05","Mercedes Benz","Sprinter","Camiones ligeros","SUV's","IMPORTADO",4,81,"Cifras Revisadas"
"Registro Administrativo de la Industria Automotriz de Vehículos Ligeros. Venta de vehículos ","Nacional",2026,"05","Mercedes Benz","Vito","Camiones ligeros","SUV's","IMPORTADO",64,9,"Cifras Revisadas"
"Registro Administrativo de la Industria Automotriz de Vehículos Ligeros. Venta de vehículos ","Nacional",2026,"05","MG Motor","CYBERSTER","Automóviles","Deportivos","IMPORTADO",43,18,"Cifras Revisadas"
"Registro Administrativo de la Industria Automotriz de Vehículos Ligeros. Venta de vehículos ","Nacional",2026,"05","MG Motor","eHS","Camiones ligeros","SUV's","IMPORTADO",43,3,"Cifras Revisadas"
"Registro Administrativo de la Industria Automotriz de Vehículos Ligeros. Venta de vehículos ","Nacional",2026,"05","MG Motor","GT","Automóviles","Compactos","IMPORTADO",43,0,"Cifras Revisadas"
"Registro Administrativo de la Industria Automotriz de Vehículos Ligeros. Venta de vehículos ","Nacional",2026,"05","MG Motor","HS","Camiones ligeros","SUV's","IMPORTADO",43,176,"Cifras Revisadas"
"Registro Administrativo de la Industria Automotriz de Vehículos Ligeros. Venta de vehículos ","Nacional",2026,"05","MG Motor","HS PHEV","Camiones ligeros","SUV's","IMPORTADO",43,46,"Cifras Revisadas"
"Registro Administrativo de la Industria Automotriz de Vehículos Ligeros. Venta de vehículos ","Nacional",2026,"05","MG Motor","HSHEV","Camiones ligeros","SUV's","IMPORTADO",43,80,"Cifras Revisadas"
"Registro Administrativo de la Industria Automotriz de Vehículos Ligeros. Venta de vehículos ","Nacional",2026,"05","MG Motor","IMLS7","Camiones ligeros","SUV's","IMPORTADO",43,53,"Cifras Revisadas"
"Registro Administrativo de la Industria Automotriz de Vehículos Ligeros. Venta de vehículos ","Nacional",2026,"05","MG Motor","MG One","Camiones ligeros","SUV's","IMPORTADO",43,0,"Cifras Revisadas"
"Registro Administrativo de la Industria Automotriz de Vehículos Ligeros. Venta de vehículos ","Nacional",2026,"05","MG Motor","MG3","Automóviles","Subcompactos","IMPORTADO",43,613,"Cifras Revisadas"
"Registro Administrativo de la Industria Automotriz de Vehículos Ligeros. Venta de vehículos ","Nacional",2026,"05","MG Motor","MG3HEV","Automóviles","Subcompactos","IMPORTADO",43,94,"Cifras Revisadas"
"Registro Administrativo de la Industria Automotriz de Vehículos Ligeros. Venta de vehículos ","Nacional",2026,"05","MG Motor","MG4","Automóviles","Subcompactos","IMPORTADO",43,34,"Cifras Revisadas"
"Registro Administrativo de la Industria Automotriz de Vehículos Ligeros. Venta de vehículos ","Nacional",2026,"05","MG Motor","MG5","Automóviles","Compactos","IMPORTADO",43,1991,"Cifras Revisadas"
"Registro Administrativo de la Industria Automotriz de Vehículos Ligeros. Venta de vehículos ","Nacional",2026,"05","MG Motor","MG7","Automóviles","De Lujo","IMPORTADO",43,95,"Cifras Revisadas"
"Registro Administrativo de la Industria Automotriz de Vehículos Ligeros. Venta de vehículos ","Nacional",2026,"05","MG Motor","P9","Camiones ligeros","Pick Ups","IMPORTADO",43,0,"Cifras Revisadas"
"Registro Administrativo de la Industria Automotriz de Vehículos Ligeros. Venta de vehículos ","Nacional",2026,"05","MG Motor","RX5","Camiones ligeros","SUV's","IMPORTADO",43,0,"Cifras Revisadas"
"Registro Administrativo de la Industria Automotriz de Vehículos Ligeros. Venta de vehículos ","Nacional",2026,"05","MG Motor","RX8","Camiones ligeros","SUV's","IMPORTADO",43,1,"Cifras Revisadas"
"Registro Administrativo de la Industria Automotriz de Vehículos Ligeros. Venta de vehículos ","Nacional",2026,"05","MG Motor","RX9","Camiones ligeros","SUV's","IMPORTADO",43,79,"Cifras Revisadas"
"Registro Administrativo de la Industria Automotriz de Vehículos Ligeros. Venta de vehículos ","Nacional",2026,"05","MG Motor","ZS","Camiones ligeros","SUV's","IMPORTADO",43,750,"Cifras Revisadas"
"Registro Administrativo de la Industria Automotriz de Vehículos Ligeros. Venta de vehículos ","Nacional",2026,"05","MG Motor","ZSEV","Camiones ligeros","SUV's","IMPORTADO",43,0,"Cifras Revisadas"
"Registro Administrativo de la Industria Automotriz de Vehículos Ligeros. Venta de vehículos ","Nacional",2026,"05","MG Motor","ZSHEV","Camiones ligeros","SUV's","IMPORTADO",43,134,"Cifras Revisadas"
"Registro Administrativo de la Industria Automotriz de Vehículos Ligeros. Venta de vehículos ","Nacional",2026,"05","Mini","MINI Aceman","Automóviles","De Lujo","IMPORTADO",43,30,"Cifras Revisadas"
"Registro Administrativo de la Industria Automotriz de Vehículos Ligeros. Venta de vehículos ","Nacional",2026,"05","Mini","MINI CONVERTIBLE","Automóviles","De Lujo","IMPORTADO",181,14,"Cifras Revisadas"
"Registro Administrativo de la Industria Automotriz de Vehículos Ligeros. Venta de vehículos ","Nacional",2026,"05","Mini","MINI COUNTRYMAN","Camiones ligeros","SUV's","IMPORTADO",181,36,"Cifras Revisadas"
"Registro Administrativo de la Industria Automotriz de Vehículos Ligeros. Venta de vehículos ","Nacional",2026,"05","Mini","MINI Countryman E","Automóviles","De Lujo","IMPORTADO",4,11,"Cifras Revisadas"
"Registro Administrativo de la Industria Automotriz de Vehículos Ligeros. Venta de vehículos ","Nacional",2026,"05","Mini","MINI E","Automóviles","De Lujo","IMPORTADO",43,31,"Cifras Revisadas"
"Registro Administrativo de la Industria Automotriz de Vehículos Ligeros. Venta de vehículos ","Nacional",2026,"05","Mini","MINI 3 PTAS","Automóviles","De Lujo","IMPORTADO",181,127,"Cifras Revisadas"
"Registro Administrativo de la Industria Automotriz de Vehículos Ligeros. Venta de vehículos ","Nacional",2026,"05","Mini","MINI 5 PTAS","Automóviles","De Lujo","IMPORTADO",181,35,"Cifras Revisadas"
"Registro Administrativo de la Industria Automotriz de Vehículos Ligeros. Venta de vehículos ","Nacional",2026,"05","Mitsubishi","L200","Camiones ligeros","Pick Ups","IMPORTADO",214,1095,"Cifras Revisadas"
"Registro Administrativo de la Industria Automotriz de Vehículos Ligeros. Venta de vehículos ","Nacional",2026,"05","Mitsubishi","Mirage G4","Automóviles","Subcompactos","IMPORTADO",214,88,"Cifras Revisadas"
"Registro Administrativo de la Industria Automotriz de Vehículos Ligeros. Venta de vehículos ","Nacional",2026,"05","Mitsubishi","Montero Sport","Camiones ligeros","SUV's","IMPORTADO",214,5,"Cifras Revisadas"
"Registro Administrativo de la Industria Automotriz de Vehículos Ligeros. Venta de vehículos ","Nacional",2026,"05","Mitsubishi","Outlander","Camiones ligeros","SUV's","IMPORTADO",126,234,"Cifras Revisadas"
"Registro Administrativo de la Industria Automotriz de Vehículos Ligeros. Venta de vehículos ","Nacional",2026,"05","Mitsubishi","Outlander PHEV","Camiones ligeros","SUV's","IMPORTADO",126,45,"Cifras Revisadas"
"Registro Administrativo de la Industria Automotriz de Vehículos Ligeros. Venta de vehículos ","Nacional",2026,"05","Mitsubishi","Outlander Sport","Camiones ligeros","SUV's","IMPORTADO",96,650,"Cifras Revisadas"
"Registro Administrativo de la Industria Automotriz de Vehículos Ligeros. Venta de vehículos ","Nacional",2026,"05","Mitsubishi","Xpander","Camiones ligeros","SUV's","IMPORTADO",96,336,"Cifras Revisadas"
"Registro Administrativo de la Industria Automotriz de Vehículos Ligeros. Venta de vehículos ","Nacional",2026,"05","MOTORNATION","BAIC BJ20","Camiones ligeros","SUV's","NACIONAL",1,0,"Cifras Revisadas"
"Registro Administrativo de la Industria Automotriz de Vehículos Ligeros. Venta de vehículos ","Nacional",2026,"05","MOTORNATION","BAIC BJ40","Camiones ligeros","SUV's","IMPORTADO",43,1,"Cifras Revisadas"
"Registro Administrativo de la Industria Automotriz de Vehículos Ligeros. Venta de vehículos ","Nacional",2026,"05","MOTORNATION","BAIC D20","Automóviles","Subcompactos","NACIONAL",1,0,"Cifras Revisadas"
"Registro Administrativo de la Industria Automotriz de Vehículos Ligeros. Venta de vehículos ","Nacional",2026,"05","MOTORNATION","BAIC EU5","Automóviles","Compactos","IMPORTADO",43,0,"Cifras Revisadas"
"Registro Administrativo de la Industria Automotriz de Vehículos Ligeros. Venta de vehículos ","Nacional",2026,"05","MOTORNATION","BAIC M50S","Camiones ligeros","Minivans","IMPORTADO",43,0,"Cifras Revisadas"
"Registro Administrativo de la Industria Automotriz de Vehículos Ligeros. Venta de vehículos ","Nacional",2026,"05","MOTORNATION","BAIC U5","Automóviles","Compactos","IMPORTADO",43,3,"Cifras Revisadas"
"Registro Administrativo de la Industria Automotriz de Vehículos Ligeros. Venta de vehículos ","Nacional",2026,"05","MOTORNATION","BAIC X25","Automóviles","Subcompactos","NACIONAL",1,0,"Cifras Revisadas"
"Registro Administrativo de la Industria Automotriz de Vehículos Ligeros. Venta de vehículos ","Nacional",2026,"05","MOTORNATION","BAIC X30","Camiones ligeros","SUV's","IMPORTADO",43,0,"Cifras Revisadas"
"Registro Administrativo de la Industria Automotriz de Vehículos Ligeros. Venta de vehículos ","Nacional",2026,"05","MOTORNATION","BAIC X35","Camiones ligeros","SUV's","IMPORTADO",999,3,"Cifras Revisadas"
"Registro Administrativo de la Industria Automotriz de Vehículos Ligeros. Venta de vehículos ","Nacional",2026,"05","MOTORNATION","BAIC X55","Camiones ligeros","SUV's","IMPORTADO",43,0,"Cifras Revisadas"
"Registro Administrativo de la Industria Automotriz de Vehículos Ligeros. Venta de vehículos ","Nacional",2026,"05","MOTORNATION","BAIC X65","Camiones ligeros","SUV's","IMPORTADO",43,0,"Cifras Revisadas"
"Registro Administrativo de la Industria Automotriz de Vehículos Ligeros. Venta de vehículos ","Nacional",2026,"05","MOTORNATION","CHANGAN ALSVIN","Automóviles","Subcompactos","IMPORTADO",43,0,"Cifras Revisadas"
"Registro Administrativo de la Industria Automotriz de Vehículos Ligeros. Venta de vehículos ","Nacional",2026,"05","MOTORNATION","CHANGAN CS35PLUS","Camiones ligeros","SUV's","IMPORTADO",43,0,"Cifras Revisadas"
"Registro Administrativo de la Industria Automotriz de Vehículos Ligeros. Venta de vehículos ","Nacional",2026,"05","MOTORNATION","CHANGAN CS55PLUS","Camiones ligeros","SUV's","IMPORTADO",43,0,"Cifras Revisadas"
"Registro Administrativo de la Industria Automotriz de Vehículos Ligeros. Venta de vehículos ","Nacional",2026,"05","MOTORNATION","CHANGAN CS75PLUS","Camiones ligeros","SUV's","IMPORTADO",43,0,"Cifras Revisadas"
"Registro Administrativo de la Industria Automotriz de Vehículos Ligeros. Venta de vehículos ","Nacional",2026,"05","MOTORNATION","CHANGAN HUNTER","Camiones ligeros","Pick Ups","IMPORTADO",43,0,"Cifras Revisadas"
"Registro Administrativo de la Industria Automotriz de Vehículos Ligeros. Venta de vehículos ","Nacional",2026,"05","MOTORNATION","CHANGAN UNI-K ","Camiones ligeros","SUV's","IMPORTADO",43,2,"Cifras Revisadas"
"Registro Administrativo de la Industria Automotriz de Vehículos Ligeros. Venta de vehículos ","Nacional",2026,"05","MOTORNATION","CHANGAN UNI-T","Camiones ligeros","SUV's","IMPORTADO",43,0,"Cifras Revisadas"
"Registro Administrativo de la Industria Automotriz de Vehículos Ligeros. Venta de vehículos ","Nacional",2026,"05","MOTORNATION","DFSK EC35","Camiones ligeros","Minivans","IMPORTADO",43,0,"Cifras Revisadas"
"Registro Administrativo de la Industria Automotriz de Vehículos Ligeros. Venta de vehículos ","Nacional",2026,"05","MOTORNATION","DFSK E5","Camiones ligeros","SUV's","IMPORTADO",43,1,"Cifras Revisadas"
"Registro Administrativo de la Industria Automotriz de Vehículos Ligeros. Venta de vehículos ","Nacional",2026,"05","MOTORNATION","DFSK 500","Camiones ligeros","SUV's","IMPORTADO",43,0,"Cifras Revisadas"
"Registro Administrativo de la Industria Automotriz de Vehículos Ligeros. Venta de vehículos ","Nacional",2026,"05","MOTORNATION","DFSK 600","Camiones ligeros","SUV's","IMPORTADO",43,1,"Cifras Revisadas"
"Registro Administrativo de la Industria Automotriz de Vehículos Ligeros. Venta de vehículos ","Nacional",2026,"05","MOTORNATION","JMC EV-BLACK","Automóviles","Subcompactos","IMPORTADO",43,0,"Cifras Revisadas"
"Registro Administrativo de la Industria Automotriz de Vehículos Ligeros. Venta de vehículos ","Nacional",2026,"05","MOTORNATION","JMC GRAND AVENUE","Camiones ligeros","Pick Ups","IMPORTADO",43,10,"Cifras Revisadas"
"Registro Administrativo de la Industria Automotriz de Vehículos Ligeros. Venta de vehículos ","Nacional",2026,"05","MOTORNATION","JMC VIGUS","Camiones ligeros","Pick Ups","IMPORTADO",43,0,"Cifras Revisadas"
"Registro Administrativo de la Industria Automotriz de Vehículos Ligeros. Venta de vehículos ","Nacional",2026,"05","MOTORNATION","SERES 5 EV","Camiones ligeros","SUV's","IMPORTADO",43,0,"Cifras Revisadas"
"Registro Administrativo de la Industria Automotriz de Vehículos Ligeros. Venta de vehículos ","Nacional",2026,"05","MOTORNATION","SERES 5 MAX ","Camiones ligeros","Pick Ups","IMPORTADO",43,3,"Cifras Revisadas"
"Registro Administrativo de la Industria Automotriz de Vehículos Ligeros. Venta de vehículos ","Nacional",2026,"05","MOTORNATION","STAR TRUCK","Camiones ligeros","Pick Ups","IMPORTADO",43,0,"Cifras Revisadas"
"Registro Administrativo de la Industria Automotriz de Vehículos Ligeros. Venta de vehículos ","Nacional",2026,"05","MOTORNATION","T77","Camiones ligeros","SUV's","IMPORTADO",43,0,"Cifras Revisadas"
"Registro Administrativo de la Industria Automotriz de Vehículos Ligeros. Venta de vehículos ","Nacional",2026,"05","Nissan","Altima","Automóviles","De Lujo","IMPORTADO",66,0,"Cifras Revisadas"
"Registro Administrativo de la Industria Automotriz de Vehículos Ligeros. Venta de vehículos ","Nacional",2026,"05","Nissan","Armada","Camiones ligeros","SUV's","IMPORTADO",66,0,"Cifras Revisadas"
"Registro Administrativo de la Industria Automotriz de Vehículos Ligeros. Venta de vehículos ","Nacional",2026,"05","Nissan","Cabstar Mediano","Camiones ligeros","Pick Ups","IMPORTADO",64,0,"Cifras Revisadas"
"Registro Administrativo de la Industria Automotriz de Vehículos Ligeros. Venta de vehículos ","Nacional",2026,"05","Nissan","Frontier V6","Camiones ligeros","Pick Ups","IMPORTADO",66,155,"Cifras Revisadas"
"Registro Administrativo de la Industria Automotriz de Vehículos Ligeros. Venta de vehículos ","Nacional",2026,"05","Nissan","GT-R","Automóviles","Deportivos","IMPORTADO",126,0,"Cifras Revisadas"
"Registro Administrativo de la Industria Automotriz de Vehículos Ligeros. Venta de vehículos ","Nacional",2026,"05","Nissan","Juke","Automóviles","Compactos","IMPORTADO",126,0,"Cifras Revisadas"
"Registro Administrativo de la Industria Automotriz de Vehículos Ligeros. Venta de vehículos ","Nacional",2026,"05","Nissan","KAIT","Camiones ligeros","SUV's","IMPORTADO",31,439,"Cifras Revisadas"
"Registro Administrativo de la Industria Automotriz de Vehículos Ligeros. Venta de vehículos ","Nacional",2026,"05","Nissan","Kicks","Camiones ligeros","SUV's","NACIONAL",1,2210,"Cifras Revisadas"
"Registro Administrativo de la Industria Automotriz de Vehículos Ligeros. Venta de vehículos ","Nacional",2026,"05","Nissan","Leaf","Automóviles","Compactos","IMPORTADO",126,0,"Cifras Revisadas"
"Registro Administrativo de la Industria Automotriz de Vehículos Ligeros. Venta de vehículos ","Nacional",2026,"05","Nissan","Magnite","Camiones ligeros","SUV's","IMPORTADO",95,3751,"Cifras Revisadas"
"Registro Administrativo de la Industria Automotriz de Vehículos Ligeros. Venta de vehículos ","Nacional",2026,"05","Nissan","March","Automóviles","Subcompactos","NACIONAL",1,2406,"Cifras Revisadas"
"Registro Administrativo de la Industria Automotriz de Vehículos Ligeros. Venta de vehículos ","Nacional",2026,"05","Nissan","Maxima","Automóviles","De Lujo","IMPORTADO",126,0,"Cifras Revisadas"
"Registro Administrativo de la Industria Automotriz de Vehículos Ligeros. Venta de vehículos ","Nacional",2026,"05","Nissan","Murano","Camiones ligeros","SUV's","IMPORTADO",126,0,"Cifras Revisadas"
"Registro Administrativo de la Industria Automotriz de Vehículos Ligeros. Venta de vehículos ","Nacional",2026,"05","Nissan","Note","Automóviles","Compactos","NACIONAL",1,0,"Cifras Revisadas"
"Registro Administrativo de la Industria Automotriz de Vehículos Ligeros. Venta de vehículos ","Nacional",2026,"05","Nissan","NP300","Camiones ligeros","Pick Ups","NACIONAL",1,3520,"Cifras Revisadas"
"Registro Administrativo de la Industria Automotriz de Vehículos Ligeros. Venta de vehículos ","Nacional",2026,"05","Nissan","NV 200 Cargo","Camiones ligeros","SUV's","NACIONAL",1,0,"Cifras Revisadas"
"Registro Administrativo de la Industria Automotriz de Vehículos Ligeros. Venta de vehículos ","Nacional",2026,"05","Nissan","NV 200 NY TAXI","Camiones ligeros","SUV's","NACIONAL",1,0,"Cifras Revisadas"
"Registro Administrativo de la Industria Automotriz de Vehículos Ligeros. Venta de vehículos ","Nacional",2026,"05","Nissan","NV2500 V6 Toldo Alto","Camiones ligeros","Minivans","IMPORTADO",66,0,"Cifras Revisadas"
"Registro Administrativo de la Industria Automotriz de Vehículos Ligeros. Venta de vehículos ","Nacional",2026,"05","Nissan","Pathfinder","Camiones ligeros","SUV's","IMPORTADO",126,56,"Cifras Revisadas"
"Registro Administrativo de la Industria Automotriz de Vehículos Ligeros. Venta de vehículos ","Nacional",2026,"05","Nissan","Sentra","Automóviles","Compactos","NACIONAL",1,1045,"Cifras Revisadas"
"Registro Administrativo de la Industria Automotriz de Vehículos Ligeros. Venta de vehículos ","Nacional",2026,"05","Nissan","Tiida Sedan","Automóviles","Compactos","NACIONAL",1,0,"Cifras Revisadas"
"Registro Administrativo de la Industria Automotriz de Vehículos Ligeros. Venta de vehículos ","Nacional",2026,"05","Nissan","Titan","Camiones ligeros","Pick Ups","IMPORTADO",66,0,"Cifras Revisadas"
"Registro Administrativo de la Industria Automotriz de Vehículos Ligeros. Venta de vehículos ","Nacional",2026,"05","Nissan","Urvan Panel","Camiones ligeros","SUV's","IMPORTADO",126,597,"Cifras Revisadas"
"Registro Administrativo de la Industria Automotriz de Vehículos Ligeros. Venta de vehículos ","Nacional",2026,"05","Nissan","Urvan Pasajeros","Camiones ligeros","SUV's","IMPORTADO",126,315,"Cifras Revisadas"
"Registro Administrativo de la Industria Automotriz de Vehículos Ligeros. Venta de vehículos ","Nacional",2026,"05","Nissan","Versa","Automóviles","Compactos","NACIONAL",1,5171,"Cifras Revisadas"
"Registro Administrativo de la Industria Automotriz de Vehículos Ligeros. Venta de vehículos ","Nacional",2026,"05","Nissan","Xtrail","Camiones ligeros","SUV's","IMPORTADO",126,1783,"Cifras Revisadas"
"Registro Administrativo de la Industria Automotriz de Vehículos Ligeros. Venta de vehículos ","Nacional",2026,"05","Nissan","Z","Automóviles","Deportivos","IMPORTADO",126,12,"Cifras Revisadas"
"Registro Administrativo de la Industria Automotriz de Vehículos Ligeros. Venta de vehículos ","Nacional",2026,"05","Nissan","370 Z","Automóviles","Deportivos","IMPORTADO",126,0,"Cifras Revisadas"
"Registro Administrativo de la Industria Automotriz de Vehículos Ligeros. Venta de vehículos ","Nacional",2026,"05","Peugeot","E-Partner","Camiones ligeros","Minivans","IMPORTADO",64,1,"Cifras Revisadas"
"Registro Administrativo de la Industria Automotriz de Vehículos Ligeros. Venta de vehículos ","Nacional",2026,"05","Peugeot","Expert Cargo Van","Camiones ligeros","Pick Ups","IMPORTADO",74,72,"Cifras Revisadas"
"Registro Administrativo de la Industria Automotriz de Vehículos Ligeros. Venta de vehículos ","Nacional",2026,"05","Peugeot","Manager Hdi","Camiones ligeros","Pick Ups","IMPORTADO",124,62,"Cifras Revisadas"
"Registro Administrativo de la Industria Automotriz de Vehículos Ligeros. Venta de vehículos ","Nacional",2026,"05","Peugeot","Partner","Camiones ligeros","Pick Ups","IMPORTADO",64,446,"Cifras Revisadas"
"Registro Administrativo de la Industria Automotriz de Vehículos Ligeros. Venta de vehículos ","Nacional",2026,"05","Peugeot","Partner Rapid","Camiones ligeros","Minivans","IMPORTADO",31,305,"Cifras Revisadas"
"Registro Administrativo de la Industria Automotriz de Vehículos Ligeros. Venta de vehículos ","Nacional",2026,"05","Peugeot","RIFTER","Camiones ligeros","Pick Ups","IMPORTADO",64,275,"Cifras Revisadas"
"Registro Administrativo de la Industria Automotriz de Vehículos Ligeros. Venta de vehículos ","Nacional",2026,"05","Peugeot","2008","Camiones ligeros","SUV's","IMPORTADO",74,182,"Cifras Revisadas"
"Registro Administrativo de la Industria Automotriz de Vehículos Ligeros. Venta de vehículos ","Nacional",2026,"05","Peugeot","3008","Camiones ligeros","SUV's","IMPORTADO",74,121,"Cifras Revisadas"
"Registro Administrativo de la Industria Automotriz de Vehículos Ligeros. Venta de vehículos ","Nacional",2026,"05","Peugeot","5008","Camiones ligeros","SUV's","IMPORTADO",74,48,"Cifras Revisadas"
"Registro Administrativo de la Industria Automotriz de Vehículos Ligeros. Venta de vehículos ","Nacional",2026,"05","Porsche","Cayenne","Camiones ligeros","SUV's","IMPORTADO",4,68,"Cifras Revisadas"
"Registro Administrativo de la Industria Automotriz de Vehículos Ligeros. Venta de vehículos ","Nacional",2026,"05","Porsche","Cayman","Automóviles","De Lujo","IMPORTADO",4,0,"Cifras Revisadas"
"Registro Administrativo de la Industria Automotriz de Vehículos Ligeros. Venta de vehículos ","Nacional",2026,"05","Porsche","Macan","Camiones ligeros","SUV's","IMPORTADO",4,92,"Cifras Revisadas"
"Registro Administrativo de la Industria Automotriz de Vehículos Ligeros. Venta de vehículos ","Nacional",2026,"05","Porsche","Panamera","Automóviles","De Lujo","IMPORTADO",4,3,"Cifras Revisadas"
"Registro Administrativo de la Industria Automotriz de Vehículos Ligeros. Venta de vehículos ","Nacional",2026,"05","Porsche","Taycan","Automóviles","Deportivos","IMPORTADO",4,1,"Cifras Revisadas"
"Registro Administrativo de la Industria Automotriz de Vehículos Ligeros. Venta de vehículos ","Nacional",2026,"05","Porsche","718 Boxster","Automóviles","Deportivos","IMPORTADO",4,0,"Cifras Revisadas"
"Registro Administrativo de la Industria Automotriz de Vehículos Ligeros. Venta de vehículos ","Nacional",2026,"05","Porsche","911 Carrera / Turbo / GT","Automóviles","Deportivos","IMPORTADO",4,130,"Cifras Revisadas"
"Registro Administrativo de la Industria Automotriz de Vehículos Ligeros. Venta de vehículos ","Nacional",2026,"05","Renault","Arkana","Camiones ligeros","SUV's","IMPORTADO",48,154,"Cifras Revisadas"
"Registro Administrativo de la Industria Automotriz de Vehículos Ligeros. Venta de vehículos ","Nacional",2026,"05","Renault","Boreal","Camiones ligeros","SUV's","IMPORTADO",31,191,"Cifras Revisadas"
"Registro Administrativo de la Industria Automotriz de Vehículos Ligeros. Venta de vehículos ","Nacional",2026,"05","Renault","Duster","Camiones ligeros","SUV's","IMPORTADO",46,33,"Cifras Revisadas"
"Registro Administrativo de la Industria Automotriz de Vehículos Ligeros. Venta de vehículos ","Nacional",2026,"05","Renault","Kangoo","Camiones ligeros","Pick Ups","IMPORTADO",12,114,"Cifras Revisadas"
"Registro Administrativo de la Industria Automotriz de Vehículos Ligeros. Venta de vehículos ","Nacional",2026,"05","Renault","Kangoo ZE","Camiones ligeros","Pick Ups","IMPORTADO",12,1,"Cifras Revisadas"
"Registro Administrativo de la Industria Automotriz de Vehículos Ligeros. Venta de vehículos ","Nacional",2026,"05","Renault","Kardian","Automóviles","Compactos","IMPORTADO",31,131,"Cifras Revisadas"
"Registro Administrativo de la Industria Automotriz de Vehículos Ligeros. Venta de vehículos ","Nacional",2026,"05","Renault","Koleos","Camiones ligeros","SUV's","IMPORTADO",48,2,"Cifras Revisadas"
"Registro Administrativo de la Industria Automotriz de Vehículos Ligeros. Venta de vehículos ","Nacional",2026,"05","Renault","Kwid","Automóviles","Subcompactos","IMPORTADO",31,1766,"Cifras Revisadas"
"Registro Administrativo de la Industria Automotriz de Vehículos Ligeros. Venta de vehículos ","Nacional",2026,"05","Renault","Kwid e-Tech","Automóviles","Subcompactos","IMPORTADO",43,2,"Cifras Revisadas"
"Registro Administrativo de la Industria Automotriz de Vehículos Ligeros. Venta de vehículos ","Nacional",2026,"05","Renault","Master","Camiones ligeros","Minivans","IMPORTADO",74,16,"Cifras Revisadas"
"Registro Administrativo de la Industria Automotriz de Vehículos Ligeros. Venta de vehículos ","Nacional",2026,"05","Renault","MEGANE E-TECH","Automóviles","Subcompactos","IMPORTADO",74,8,"Cifras Revisadas"
"Registro Administrativo de la Industria Automotriz de Vehículos Ligeros. Venta de vehículos ","Nacional",2026,"05","Renault","Nueva Koleos","Camiones ligeros","SUV's","IMPORTADO",48,152,"Cifras Revisadas"
"Registro Administrativo de la Industria Automotriz de Vehículos Ligeros. Venta de vehículos ","Nacional",2026,"05","Renault","Oroch","Camiones ligeros","Pick Ups","IMPORTADO",31,153,"Cifras Revisadas"
"Registro Administrativo de la Industria Automotriz de Vehículos Ligeros. Venta de vehículos ","Nacional",2026,"05","SEAT","Arona","Camiones ligeros","SUV's","IMPORTADO",64,166,"Cifras Revisadas"
"Registro Administrativo de la Industria Automotriz de Vehículos Ligeros. Venta de vehículos ","Nacional",2026,"05","SEAT","Ateca","Camiones ligeros","SUV's","IMPORTADO",184,47,"Cifras Revisadas"
"Registro Administrativo de la Industria Automotriz de Vehículos Ligeros. Venta de vehículos ","Nacional",2026,"05","SEAT","CUPRA Formentor","Camiones ligeros","SUV's","IMPORTADO",64,302,"Cifras Revisadas"
"Registro Administrativo de la Industria Automotriz de Vehículos Ligeros. Venta de vehículos ","Nacional",2026,"05","SEAT","CUPRA Terramar","Camiones ligeros","SUV's","IMPORTADO",94,234,"Cifras Revisadas"
"Registro Administrativo de la Industria Automotriz de Vehículos Ligeros. Venta de vehículos ","Nacional",2026,"05","SEAT","Ibiza 4 Ptas","Automóviles","Subcompactos","IMPORTADO",64,543,"Cifras Revisadas"
"Registro Administrativo de la Industria Automotriz de Vehículos Ligeros. Venta de vehículos ","Nacional",2026,"05","SEAT","Leon","Automóviles","Deportivos","IMPORTADO",64,353,"Cifras Revisadas"
"Registro Administrativo de la Industria Automotriz de Vehículos Ligeros. Venta de vehículos ","Nacional",2026,"05","Subaru","Crosstrek","Camiones ligeros","SUV's","IMPORTADO",126,163,"Cifras Revisadas"
"Registro Administrativo de la Industria Automotriz de Vehículos Ligeros. Venta de vehículos ","Nacional",2026,"05","Subaru","Crosstrek MHEV","Camiones ligeros","SUV's","IMPORTADO",126,0,"Cifras Revisadas"
"Registro Administrativo de la Industria Automotriz de Vehículos Ligeros. Venta de vehículos ","Nacional",2026,"05","Subaru","Forester","Camiones ligeros","SUV's","IMPORTADO",126,98,"Cifras Revisadas"
"Registro Administrativo de la Industria Automotriz de Vehículos Ligeros. Venta de vehículos ","Nacional",2026,"05","Subaru","Forester e-BOXER HEV","Camiones ligeros","SUV's","IMPORTADO",126,70,"Cifras Revisadas"
"Registro Administrativo de la Industria Automotriz de Vehículos Ligeros. Venta de vehículos ","Nacional",2026,"05","Subaru","Outback","Camiones ligeros","SUV's","IMPORTADO",126,55,"Cifras Revisadas"
"Registro Administrativo de la Industria Automotriz de Vehículos Ligeros. Venta de vehículos ","Nacional",2026,"05","Subaru","Subaru BRZ","Automóviles","Deportivos","IMPORTADO",126,24,"Cifras Revisadas"
"Registro Administrativo de la Industria Automotriz de Vehículos Ligeros. Venta de vehículos ","Nacional",2026,"05","Subaru","Trailseeker","Camiones ligeros","SUV's","IMPORTADO",126,0,"Cifras Revisadas"
"Registro Administrativo de la Industria Automotriz de Vehículos Ligeros. Venta de vehículos ","Nacional",2026,"05","Subaru","WRX","Automóviles","Deportivos","IMPORTADO",126,12,"Cifras Revisadas"
"Registro Administrativo de la Industria Automotriz de Vehículos Ligeros. Venta de vehículos ","Nacional",2026,"05","Subaru","WRX STI","Automóviles","Deportivos","IMPORTADO",126,0,"Cifras Revisadas"
"Registro Administrativo de la Industria Automotriz de Vehículos Ligeros. Venta de vehículos ","Nacional",2026,"05","Subaru","XV","Camiones ligeros","SUV's","IMPORTADO",126,0,"Cifras Revisadas"
"Registro Administrativo de la Industria Automotriz de Vehículos Ligeros. Venta de vehículos ","Nacional",2026,"05","Suzuki","Baleno","Automóviles","Subcompactos","IMPORTADO",95,65,"Cifras Revisadas"
"Registro Administrativo de la Industria Automotriz de Vehículos Ligeros. Venta de vehículos ","Nacional",2026,"05","Suzuki","DZIRE","Automóviles","Subcompactos","IMPORTADO",95,382,"Cifras Revisadas"
"Registro Administrativo de la Industria Automotriz de Vehículos Ligeros. Venta de vehículos ","Nacional",2026,"05","Suzuki","Ertiga","Automóviles","Compactos","IMPORTADO",96,296,"Cifras Revisadas"
"Registro Administrativo de la Industria Automotriz de Vehículos Ligeros. Venta de vehículos ","Nacional",2026,"05","Suzuki","FRONX","Camiones ligeros","SUV's","IMPORTADO",95,307,"Cifras Revisadas"
"Registro Administrativo de la Industria Automotriz de Vehículos Ligeros. Venta de vehículos ","Nacional",2026,"05","Suzuki","Grand Vitara","Camiones ligeros","SUV's","IMPORTADO",95,0,"Cifras Revisadas"
"Registro Administrativo de la Industria Automotriz de Vehículos Ligeros. Venta de vehículos ","Nacional",2026,"05","Suzuki","Ignis","Automóviles","Subcompactos","IMPORTADO",126,0,"Cifras Revisadas"
"Registro Administrativo de la Industria Automotriz de Vehículos Ligeros. Venta de vehículos ","Nacional",2026,"05","Suzuki","JIMNY","Camiones ligeros","SUV's","IMPORTADO",126,387,"Cifras Revisadas"
"Registro Administrativo de la Industria Automotriz de Vehículos Ligeros. Venta de vehículos ","Nacional",2026,"05","Suzuki","Swift","Automóviles","Subcompactos","IMPORTADO",126,1147,"Cifras Revisadas"
"Registro Administrativo de la Industria Automotriz de Vehículos Ligeros. Venta de vehículos ","Nacional",2026,"05","Toyota","Avanza","Automóviles","Compactos","IMPORTADO",96,686,"Cifras Revisadas"
"Registro Administrativo de la Industria Automotriz de Vehículos Ligeros. Venta de vehículos ","Nacional",2026,"05","Toyota","Camry","Automóviles","De Lujo","IMPORTADO",66,376,"Cifras Revisadas"
"Registro Administrativo de la Industria Automotriz de Vehículos Ligeros. Venta de vehículos ","Nacional",2026,"05","Toyota","C-HR","Camiones ligeros","SUV's","IMPORTADO",227,0,"Cifras Revisadas"
"Registro Administrativo de la Industria Automotriz de Vehículos Ligeros. Venta de vehículos ","Nacional",2026,"05","Toyota","Corolla","Automóviles","Compactos","IMPORTADO",66,867,"Cifras Revisadas"
"Registro Administrativo de la Industria Automotriz de Vehículos Ligeros. Venta de vehículos ","Nacional",2026,"05","Toyota","Corolla Cross","Camiones ligeros","SUV's","IMPORTADO",66,664,"Cifras Revisadas"
"Registro Administrativo de la Industria Automotriz de Vehículos Ligeros. Venta de vehículos ","Nacional",2026,"05","Toyota","GR Corolla","Automóviles","Deportivos","IMPORTADO",126,16,"Cifras Revisadas"
"Registro Administrativo de la Industria Automotriz de Vehículos Ligeros. Venta de vehículos ","Nacional",2026,"05","Toyota","GR Supra","Automóviles","De Lujo","IMPORTADO",17,4,"Cifras Revisadas"
"Registro Administrativo de la Industria Automotriz de Vehículos Ligeros. Venta de vehículos ","Nacional",2026,"05","Toyota","GR Yaris","Automóviles","Deportivos","IMPORTADO",126,1,"Cifras Revisadas"
"Registro Administrativo de la Industria Automotriz de Vehículos Ligeros. Venta de vehículos ","Nacional",2026,"05","Toyota","Hiace P","Camiones ligeros","SUV's","IMPORTADO",126,62,"Cifras Revisadas"
"Registro Administrativo de la Industria Automotriz de Vehículos Ligeros. Venta de vehículos ","Nacional",2026,"05","Toyota","Hiace V","Camiones ligeros","SUV's","IMPORTADO",126,91,"Cifras Revisadas"
"Registro Administrativo de la Industria Automotriz de Vehículos Ligeros. Venta de vehículos ","Nacional",2026,"05","Toyota","Highlander","Camiones ligeros","SUV's","IMPORTADO",66,415,"Cifras Revisadas"
"Registro Administrativo de la Industria Automotriz de Vehículos Ligeros. Venta de vehículos ","Nacional",2026,"05","Toyota","Hilux Dc","Camiones ligeros","Pick Ups","IMPORTADO",214,1766,"Cifras Revisadas"
"Registro Administrativo de la Industria Automotriz de Vehículos Ligeros. Venta de vehículos ","Nacional",2026,"05","Toyota","Lcruiser","Camiones ligeros","SUV's","IMPORTADO",126,0,"Cifras Revisadas"
"Registro Administrativo de la Industria Automotriz de Vehículos Ligeros. Venta de vehículos ","Nacional",2026,"05","Toyota","Prius","Automóviles","De Lujo","IMPORTADO",126,331,"Cifras Revisadas"
"Registro Administrativo de la Industria Automotriz de Vehículos Ligeros. Venta de vehículos ","Nacional",2026,"05","Toyota","Prius-C","Automóviles","Subcompactos","IMPORTADO",126,0,"Cifras Revisadas"
"Registro Administrativo de la Industria Automotriz de Vehículos Ligeros. Venta de vehículos ","Nacional",2026,"05","Toyota","RAIZE","Camiones ligeros","SUV's","IMPORTADO",96,586,"Cifras Revisadas"
"Registro Administrativo de la Industria Automotriz de Vehículos Ligeros. Venta de vehículos ","Nacional",2026,"05","Toyota","Rav4","Camiones ligeros","SUV's","IMPORTADO",40,2001,"Cifras Revisadas"
"Registro Administrativo de la Industria Automotriz de Vehículos Ligeros. Venta de vehículos ","Nacional",2026,"05","Toyota","Sequoia","Camiones ligeros","SUV's","IMPORTADO",66,31,"Cifras Revisadas"
"Registro Administrativo de la Industria Automotriz de Vehículos Ligeros. Venta de vehículos ","Nacional",2026,"05","Toyota","Sienna","Camiones ligeros","Minivans","IMPORTADO",66,787,"Cifras Revisadas"
"Registro Administrativo de la Industria Automotriz de Vehículos Ligeros. Venta de vehículos ","Nacional",2026,"05","Toyota","Tacoma","Camiones ligeros","Pick Ups","NACIONAL",1,0,"Cifras Revisadas"
"Registro Administrativo de la Industria Automotriz de Vehículos Ligeros. Venta de vehículos ","Nacional",2026,"05","Toyota","Tacoma-","Camiones ligeros","Pick Ups","NACIONAL",1,853,"Cifras Revisadas"
"Registro Administrativo de la Industria Automotriz de Vehículos Ligeros. Venta de vehículos ","Nacional",2026,"05","Toyota","Tundra","Camiones ligeros","Pick Ups","IMPORTADO",66,62,"Cifras Revisadas"
"Registro Administrativo de la Industria Automotriz de Vehículos Ligeros. Venta de vehículos ","Nacional",2026,"05","Toyota","Yaris Hatchback","Automóviles","Subcompactos","IMPORTADO",214,111,"Cifras Revisadas"
"Registro Administrativo de la Industria Automotriz de Vehículos Ligeros. Venta de vehículos ","Nacional",2026,"05","Toyota","Yaris Sedan","Automóviles","Subcompactos","IMPORTADO",214,1130,"Cifras Revisadas"
"Registro Administrativo de la Industria Automotriz de Vehículos Ligeros. Venta de vehículos ","Nacional",2026,"05","Toyota","Yaris-R","Automóviles","Subcompactos","NACIONAL",1,0,"Cifras Revisadas"
"Registro Administrativo de la Industria Automotriz de Vehículos Ligeros. Venta de vehículos ","Nacional",2026,"05","Toyota","4Runner","Camiones ligeros","SUV's","IMPORTADO",126,0,"Cifras Revisadas"
"Registro Administrativo de la Industria Automotriz de Vehículos Ligeros. Venta de vehículos ","Nacional",2026,"05","Volkswagen","Amarok","Camiones ligeros","Pick Ups","IMPORTADO",12,80,"Cifras Revisadas"
"Registro Administrativo de la Industria Automotriz de Vehículos Ligeros. Venta de vehículos ","Nacional",2026,"05","Volkswagen","Beetle","Automóviles","Compactos","NACIONAL",1,0,"Cifras Revisadas"
"Registro Administrativo de la Industria Automotriz de Vehículos Ligeros. Venta de vehículos ","Nacional",2026,"05","Volkswagen","Beetle Cabrio","Automóviles","Compactos","NACIONAL",1,0,"Cifras Revisadas"
"Registro Administrativo de la Industria Automotriz de Vehículos Ligeros. Venta de vehículos ","Nacional",2026,"05","Volkswagen","Crafter","Camiones ligeros","Pick Ups","IMPORTADO",4,220,"Cifras Revisadas"
"Registro Administrativo de la Industria Automotriz de Vehículos Ligeros. Venta de vehículos ","Nacional",2026,"05","Volkswagen","Crafter chasis","Camiones ligeros","SUV's","IMPORTADO",177,12,"Cifras Revisadas"
"Registro Administrativo de la Industria Automotriz de Vehículos Ligeros. Venta de vehículos ","Nacional",2026,"05","Volkswagen","Cross Sport","Camiones ligeros","SUV's","IMPORTADO",66,0,"Cifras Revisadas"
"Registro Administrativo de la Industria Automotriz de Vehículos Ligeros. Venta de vehículos ","Nacional",2026,"05","Volkswagen","Crossfox","Automóviles","Subcompactos","IMPORTADO",31,0,"Cifras Revisadas"
"Registro Administrativo de la Industria Automotriz de Vehículos Ligeros. Venta de vehículos ","Nacional",2026,"05","Volkswagen","e-Crafter","Camiones ligeros","SUV's","IMPORTADO",177,0,"Cifras Revisadas"
"Registro Administrativo de la Industria Automotriz de Vehículos Ligeros. Venta de vehículos ","Nacional",2026,"05","Volkswagen","Gol","Automóviles","Subcompactos","IMPORTADO",31,0,"Cifras Revisadas"
"Registro Administrativo de la Industria Automotriz de Vehículos Ligeros. Venta de vehículos ","Nacional",2026,"05","Volkswagen","Gol Sedan","Automóviles","Subcompactos","IMPORTADO",31,0,"Cifras Revisadas"
"Registro Administrativo de la Industria Automotriz de Vehículos Ligeros. Venta de vehículos ","Nacional",2026,"05","Volkswagen","Golf","Automóviles","Compactos","IMPORTADO",31,0,"Cifras Revisadas"
"Registro Administrativo de la Industria Automotriz de Vehículos Ligeros. Venta de vehículos ","Nacional",2026,"05","Volkswagen","Golf-","Automóviles","Compactos","NACIONAL",1,0,"Cifras Revisadas"
"Registro Administrativo de la Industria Automotriz de Vehículos Ligeros. Venta de vehículos ","Nacional",2026,"05","Volkswagen","Golf Variant-/Crossgolf","Automóviles","Compactos","NACIONAL",1,0,"Cifras Revisadas"
"Registro Administrativo de la Industria Automotriz de Vehículos Ligeros. Venta de vehículos ","Nacional",2026,"05","Volkswagen","GTI","Automóviles","Deportivos","IMPORTADO",4,117,"Cifras Revisadas"
"Registro Administrativo de la Industria Automotriz de Vehículos Ligeros. Venta de vehículos ","Nacional",2026,"05","Volkswagen","ID.4","Camiones ligeros","SUV's","IMPORTADO",66,16,"Cifras Revisadas"
"Registro Administrativo de la Industria Automotriz de Vehículos Ligeros. Venta de vehículos ","Nacional",2026,"05","Volkswagen","Jetta","Automóviles","Compactos","NACIONAL",1,0,"Cifras Revisadas"
"Registro Administrativo de la Industria Automotriz de Vehículos Ligeros. Venta de vehículos ","Nacional",2026,"05","Volkswagen","Nivus","Camiones ligeros","SUV's","IMPORTADO",31,104,"Cifras Revisadas"
"Registro Administrativo de la Industria Automotriz de Vehículos Ligeros. Venta de vehículos ","Nacional",2026,"05","Volkswagen","Nuevo Jetta","Automóviles","Compactos","NACIONAL",1,1480,"Cifras Revisadas"
"Registro Administrativo de la Industria Automotriz de Vehículos Ligeros. Venta de vehículos ","Nacional",2026,"05","Volkswagen","Nuevo Jetta TDI","Automóviles","Compactos","NACIONAL",1,0,"Cifras Revisadas"
"Registro Administrativo de la Industria Automotriz de Vehículos Ligeros. Venta de vehículos ","Nacional",2026,"05","Volkswagen","Passat","Automóviles","De Lujo","IMPORTADO",66,0,"Cifras Revisadas"
"Registro Administrativo de la Industria Automotriz de Vehículos Ligeros. Venta de vehículos ","Nacional",2026,"05","Volkswagen","Polo 4 Ptas","Automóviles","Subcompactos","IMPORTADO",95,0,"Cifras Revisadas"
"Registro Administrativo de la Industria Automotriz de Vehículos Ligeros. Venta de vehículos ","Nacional",2026,"05","Volkswagen","Polo 4 Ptas","Automóviles","Subcompactos","IMPORTADO",31,149,"Cifras Revisadas"
"Registro Administrativo de la Industria Automotriz de Vehículos Ligeros. Venta de vehículos ","Nacional",2026,"05","Volkswagen","Saveiro","Camiones ligeros","Pick Ups","IMPORTADO",31,1374,"Cifras Revisadas"
"Registro Administrativo de la Industria Automotriz de Vehículos Ligeros. Venta de vehículos ","Nacional",2026,"05","Volkswagen","Taigun","Camiones ligeros","SUV's","IMPORTADO",95,525,"Cifras Revisadas"
"Registro Administrativo de la Industria Automotriz de Vehículos Ligeros. Venta de vehículos ","Nacional",2026,"05","Volkswagen","Taos","Camiones ligeros","SUV's","NACIONAL",1,1520,"Cifras Revisadas"
"Registro Administrativo de la Industria Automotriz de Vehículos Ligeros. Venta de vehículos ","Nacional",2026,"05","Volkswagen","T-Cross","Camiones ligeros","SUV's","IMPORTADO",31,0,"Cifras Revisadas"
"Registro Administrativo de la Industria Automotriz de Vehículos Ligeros. Venta de vehículos ","Nacional",2026,"05","Volkswagen","Teramont","Camiones ligeros","SUV's","IMPORTADO",66,361,"Cifras Revisadas"
"Registro Administrativo de la Industria Automotriz de Vehículos Ligeros. Venta de vehículos ","Nacional",2026,"05","Volkswagen","Tiguan-","Camiones ligeros","SUV's","NACIONAL",1,1324,"Cifras Revisadas"
"Registro Administrativo de la Industria Automotriz de Vehículos Ligeros. Venta de vehículos ","Nacional",2026,"05","Volkswagen","Touareg","Camiones ligeros","SUV's","IMPORTADO",62,0,"Cifras Revisadas"
"Registro Administrativo de la Industria Automotriz de Vehículos Ligeros. Venta de vehículos ","Nacional",2026,"05","Volkswagen","Transporter Carga","Camiones ligeros","SUV's","IMPORTADO",4,88,"Cifras Revisadas"
"Registro Administrativo de la Industria Automotriz de Vehículos Ligeros. Venta de vehículos ","Nacional",2026,"05","Volkswagen","Transporter Pasajeros","Camiones ligeros","SUV's","IMPORTADO",4,4,"Cifras Revisadas"
"Registro Administrativo de la Industria Automotriz de Vehículos Ligeros. Venta de vehículos ","Nacional",2026,"05","Volkswagen","UP!","Automóviles","Subcompactos","IMPORTADO",31,0,"Cifras Revisadas"
"Registro Administrativo de la Industria Automotriz de Vehículos Ligeros. Venta de vehículos ","Nacional",2026,"05","Volkswagen","Vento","Automóviles","Subcompactos","IMPORTADO",95,0,"Cifras Revisadas"
"Registro Administrativo de la Industria Automotriz de Vehículos Ligeros. Venta de vehículos ","Nacional",2026,"05","Volkswagen","Virtus","Automóviles","Subcompactos","IMPORTADO",95,1838,"Cifras Revisadas"
"Registro Administrativo de la Industria Automotriz de Vehículos Ligeros. Venta de vehículos ","Nacional",2026,"05","Volkswagen","Volkswagen Caddy","Camiones ligeros","Pick Ups","IMPORTADO",177,136,"Cifras Revisadas"
"Registro Administrativo de la Industria Automotriz de Vehículos Ligeros. Venta de vehículos ","Nacional",2026,"05","Volkswagen","Volkswagen Tera","Automóviles","Subcompactos","IMPORTADO",31,1209,"Cifras Revisadas"
"Registro Administrativo de la Industria Automotriz de Vehículos Ligeros. Venta de vehículos ","Nacional",2026,"05","Volvo","C40","Automóviles","De Lujo","IMPORTADO",23,4,"Cifras Revisadas"
"Registro Administrativo de la Industria Automotriz de Vehículos Ligeros. Venta de vehículos ","Nacional",2026,"05","Volvo","EX30","Camiones ligeros","SUV's","IMPORTADO",43,77,"Cifras Revisadas"
"Registro Administrativo de la Industria Automotriz de Vehículos Ligeros. Venta de vehículos ","Nacional",2026,"05","Volvo","EX90","Camiones ligeros","SUV's","IMPORTADO",66,2,"Cifras Revisadas"
"Registro Administrativo de la Industria Automotriz de Vehículos Ligeros. Venta de vehículos ","Nacional",2026,"05","Volvo","S60 III","Automóviles","De Lujo","IMPORTADO",66,0,"Cifras Revisadas"
"Registro Administrativo de la Industria Automotriz de Vehículos Ligeros. Venta de vehículos ","Nacional",2026,"05","Volvo","XC40","Automóviles","De Lujo","IMPORTADO",23,25,"Cifras Revisadas"
"Registro Administrativo de la Industria Automotriz de Vehículos Ligeros. Venta de vehículos ","Nacional",2026,"05","Volvo","XC60 II","Camiones ligeros","SUV's","IMPORTADO",209,95,"Cifras Revisadas"
"Registro Administrativo de la Industria Automotriz de Vehículos Ligeros. Venta de vehículos ","Nacional",2026,"05","Volvo","XC90 II","Camiones ligeros","SUV's","IMPORTADO",209,27,"Cifras Revisadas"
"Registro Administrativo de la Industria Automotriz de Vehículos Ligeros. Venta de vehículos ","Nacional",2026,"05","Zeekr","X","Automóviles","De Lujo","IMPORTADO",43,35,"Cifras Revisadas"
"Registro Administrativo de la Industria Automotriz de Vehículos Ligeros. Venta de vehículos ","Nacional",2026,"05","Zeekr","001","Automóviles","De Lujo","IMPORTADO",43,27,"Cifras Revisadas"
"Registro Administrativo de la Industria Automotriz de Vehículos Ligeros. Venta de vehículos ","Nacional",2026,"05","Zeekr","7X","Automóviles","De Lujo","IMPORTADO",43,115,"Cifras Revisadas"
"Registro Administrativo de la Industria Automotriz de Vehículos Ligeros. Venta de vehículos ","Nacional",2026,"06","Acura","ADX","Camiones ligeros","SUV's","NACIONAL",1,28,"Cifras Revisadas"
"Registro Administrativo de la Industria Automotriz de Vehículos Ligeros. Venta de vehículos ","Nacional",2026,"06","Acura","INTEGRA","Automóviles","De Lujo","IMPORTADO",66,7,"Cifras Revisadas"
"Registro Administrativo de la Industria Automotriz de Vehículos Ligeros. Venta de vehículos ","Nacional",2026,"06","Acura","Mdx","Camiones ligeros","SUV's","IMPORTADO",40,4,"Cifras Revisadas"
"Registro Administrativo de la Industria Automotriz de Vehículos Ligeros. Venta de vehículos ","Nacional",2026,"06","Acura","Rdx","Camiones ligeros","SUV's","IMPORTADO",66,13,"Cifras Revisadas"
"Registro Administrativo de la Industria Automotriz de Vehículos Ligeros. Venta de vehículos ","Nacional",2026,"06","Acura","TLX","Automóviles","De Lujo","IMPORTADO",66,2,"Cifras Revisadas"
"Registro Administrativo de la Industria Automotriz de Vehículos Ligeros. Venta de vehículos ","Nacional",2026,"06","Alfa Romeo","Giulia","Automóviles","De Lujo","IMPORTADO",124,2,"Cifras Revisadas"
"Registro Administrativo de la Industria Automotriz de Vehículos Ligeros. Venta de vehículos ","Nacional",2026,"06","Alfa Romeo","Junior","Camiones ligeros","SUV's","IMPORTADO",124,42,"Cifras Revisadas"
"Registro Administrativo de la Industria Automotriz de Vehículos Ligeros. Venta de vehículos ","Nacional",2026,"06","Alfa Romeo","Stelvio","Automóviles","De Lujo","IMPORTADO",124,1,"Cifras Revisadas"
"Registro Administrativo de la Industria Automotriz de Vehículos Ligeros. Venta de vehículos ","Nacional",2026,"06","Alfa Romeo","TONALE","Camiones ligeros","SUV's","IMPORTADO",124,5,"Cifras Revisadas"
"Registro Administrativo de la Industria Automotriz de Vehículos Ligeros. Venta de vehículos ","Nacional",2026,"06","Audi","A1*","Automóviles","De Lujo","IMPORTADO",64,26,"Cifras Revisadas"
"Registro Administrativo de la Industria Automotriz de Vehículos Ligeros. Venta de vehículos ","Nacional",2026,"06","Audi","A3-","Automóviles","De Lujo","IMPORTADO",4,79,"Cifras Revisadas"
"Registro Administrativo de la Industria Automotriz de Vehículos Ligeros. Venta de vehículos ","Nacional",2026,"06","Audi","A3 Sedán","Automóviles","De Lujo","IMPORTADO",4,104,"Cifras Revisadas"
"Registro Administrativo de la Industria Automotriz de Vehículos Ligeros. Venta de vehículos ","Nacional",2026,"06","Audi","A5 Sedán","Automóviles","De Lujo","IMPORTADO",4,90,"Cifras Revisadas"
"Registro Administrativo de la Industria Automotriz de Vehículos Ligeros. Venta de vehículos ","Nacional",2026,"06","Audi","A6","Automóviles","De Lujo","IMPORTADO",4,17,"Cifras Revisadas"
"Registro Administrativo de la Industria Automotriz de Vehículos Ligeros. Venta de vehículos ","Nacional",2026,"06","Audi","Q 3","Camiones ligeros","SUV's","IMPORTADO",94,72,"Cifras Revisadas"
"Registro Administrativo de la Industria Automotriz de Vehículos Ligeros. Venta de vehículos ","Nacional",2026,"06","Audi","Q2","Automóviles","De Lujo","IMPORTADO",62,46,"Cifras Revisadas"
"Registro Administrativo de la Industria Automotriz de Vehículos Ligeros. Venta de vehículos ","Nacional",2026,"06","Audi","Q3 SB","Camiones ligeros","SUV's","IMPORTADO",94,97,"Cifras Revisadas"
"Registro Administrativo de la Industria Automotriz de Vehículos Ligeros. Venta de vehículos ","Nacional",2026,"06","Audi","Q5","Camiones ligeros","SUV's","NACIONAL",1,143,"Cifras Revisadas"
"Registro Administrativo de la Industria Automotriz de Vehículos Ligeros. Venta de vehículos ","Nacional",2026,"06","Audi","Q6 etron","Automóviles","De Lujo","IMPORTADO",4,12,"Cifras Revisadas"
"Registro Administrativo de la Industria Automotriz de Vehículos Ligeros. Venta de vehículos ","Nacional",2026,"06","Audi","Q7-","Camiones ligeros","SUV's","IMPORTADO",62,13,"Cifras Revisadas"
"Registro Administrativo de la Industria Automotriz de Vehículos Ligeros. Venta de vehículos ","Nacional",2026,"06","Audi","Q8","Camiones ligeros","SUV's","IMPORTADO",4,41,"Cifras Revisadas"
"Registro Administrativo de la Industria Automotriz de Vehículos Ligeros. Venta de vehículos ","Nacional",2026,"06","Auteco","D2S 150","Automóviles","Subcompactos","IMPORTADO",43,0,"Cifras Revisadas"
"Registro Administrativo de la Industria Automotriz de Vehículos Ligeros. Venta de vehículos ","Nacional",2026,"06","Auteco","D2S 250","Automóviles","Subcompactos","IMPORTADO",43,0,"Cifras Revisadas"
"Registro Administrativo de la Industria Automotriz de Vehículos Ligeros. Venta de vehículos ","Nacional",2026,"06","Auteco","E-TRUCK B2.0T","Camiones ligeros","Pick Ups","IMPORTADO",43,0,"Cifras Revisadas"
"Registro Administrativo de la Industria Automotriz de Vehículos Ligeros. Venta de vehículos ","Nacional",2026,"06","Auteco","E-Van B2.4T","Camiones ligeros","Minivans","IMPORTADO",43,0,"Cifras Revisadas"
"Registro Administrativo de la Industria Automotriz de Vehículos Ligeros. Venta de vehículos ","Nacional",2026,"06","Auteco","E-VAN S1.0T PRO","Camiones ligeros","Minivans","IMPORTADO",43,0,"Cifras Revisadas"
"Registro Administrativo de la Industria Automotriz de Vehículos Ligeros. Venta de vehículos ","Nacional",2026,"06","Auteco","RICH 6 EV","Camiones ligeros","Pick Ups","IMPORTADO",43,0,"Cifras Revisadas"
"Registro Administrativo de la Industria Automotriz de Vehículos Ligeros. Venta de vehículos ","Nacional",2026,"06","Auteco","Rich 7EV 4x4","Camiones ligeros","Pick Ups","IMPORTADO",43,0,"Cifras Revisadas"
"Registro Administrativo de la Industria Automotriz de Vehículos Ligeros. Venta de vehículos ","Nacional",2026,"06","Bentley","Bentayga","Automóviles","De Lujo","IMPORTADO",181,0,"Cifras Revisadas"
"Registro Administrativo de la Industria Automotriz de Vehículos Ligeros. Venta de vehículos ","Nacional",2026,"06","Bentley","Continental","Automóviles","De Lujo","IMPORTADO",181,0,"Cifras Revisadas"
"Registro Administrativo de la Industria Automotriz de Vehículos Ligeros. Venta de vehículos ","Nacional",2026,"06","Bentley","Flying Spur","Automóviles","De Lujo","IMPORTADO",181,0,"Cifras Revisadas"
"Registro Administrativo de la Industria Automotriz de Vehículos Ligeros. Venta de vehículos ","Nacional",2026,"06","Bentley","Mulsanne","Automóviles","De Lujo","IMPORTADO",181,0,"Cifras Revisadas"
"Registro Administrativo de la Industria Automotriz de Vehículos Ligeros. Venta de vehículos ","Nacional",2026,"06","BMW","iX","Camiones ligeros","SUV's","IMPORTADO",4,11,"Cifras Revisadas"
"Registro Administrativo de la Industria Automotriz de Vehículos Ligeros. Venta de vehículos ","Nacional",2026,"06","BMW","iX1","Automóviles","De Lujo","IMPORTADO",4,29,"Cifras Revisadas"
"Registro Administrativo de la Industria Automotriz de Vehículos Ligeros. Venta de vehículos ","Nacional",2026,"06","BMW","iX2","Camiones ligeros","SUV's","IMPORTADO",4,26,"Cifras Revisadas"
"Registro Administrativo de la Industria Automotriz de Vehículos Ligeros. Venta de vehículos ","Nacional",2026,"06","BMW","iX3","Camiones ligeros","SUV's","IMPORTADO",43,71,"Cifras Revisadas"
"Registro Administrativo de la Industria Automotriz de Vehículos Ligeros. Venta de vehículos ","Nacional",2026,"06","BMW","i4","Automóviles","De Lujo","IMPORTADO",4,17,"Cifras Revisadas"
"Registro Administrativo de la Industria Automotriz de Vehículos Ligeros. Venta de vehículos ","Nacional",2026,"06","BMW","i5","Automóviles","De Lujo","IMPORTADO",4,6,"Cifras Revisadas"
"Registro Administrativo de la Industria Automotriz de Vehículos Ligeros. Venta de vehículos ","Nacional",2026,"06","BMW","Serie 1 Hatch","Automóviles","De Lujo","IMPORTADO",4,57,"Cifras Revisadas"
"Registro Administrativo de la Industria Automotriz de Vehículos Ligeros. Venta de vehículos ","Nacional",2026,"06","BMW","Serie 2","Automóviles","De Lujo","IMPORTADO",4,130,"Cifras Revisadas"
"Registro Administrativo de la Industria Automotriz de Vehículos Ligeros. Venta de vehículos ","Nacional",2026,"06","BMW","Serie 3","Automóviles","De Lujo","IMPORTADO",4,99,"Cifras Revisadas"
"Registro Administrativo de la Industria Automotriz de Vehículos Ligeros. Venta de vehículos ","Nacional",2026,"06","BMW","Serie 4","Automóviles","De Lujo","IMPORTADO",4,44,"Cifras Revisadas"
"Registro Administrativo de la Industria Automotriz de Vehículos Ligeros. Venta de vehículos ","Nacional",2026,"06","BMW","Serie 5","Automóviles","De Lujo","IMPORTADO",4,21,"Cifras Revisadas"
"Registro Administrativo de la Industria Automotriz de Vehículos Ligeros. Venta de vehículos ","Nacional",2026,"06","BMW","Serie 7","Automóviles","De Lujo","IMPORTADO",4,3,"Cifras Revisadas"
"Registro Administrativo de la Industria Automotriz de Vehículos Ligeros. Venta de vehículos ","Nacional",2026,"06","BMW","XM","Automóviles","De Lujo","IMPORTADO",66,2,"Cifras Revisadas"
"Registro Administrativo de la Industria Automotriz de Vehículos Ligeros. Venta de vehículos ","Nacional",2026,"06","BMW","X1","Camiones ligeros","SUV's","IMPORTADO",4,192,"Cifras Revisadas"
"Registro Administrativo de la Industria Automotriz de Vehículos Ligeros. Venta de vehículos ","Nacional",2026,"06","BMW","X2","Camiones ligeros","SUV's","IMPORTADO",4,115,"Cifras Revisadas"
"Registro Administrativo de la Industria Automotriz de Vehículos Ligeros. Venta de vehículos ","Nacional",2026,"06","BMW","X3","Camiones ligeros","SUV's","IMPORTADO",66,248,"Cifras Revisadas"
"Registro Administrativo de la Industria Automotriz de Vehículos Ligeros. Venta de vehículos ","Nacional",2026,"06","BMW","X4","Camiones ligeros","SUV's","IMPORTADO",66,1,"Cifras Revisadas"
"Registro Administrativo de la Industria Automotriz de Vehículos Ligeros. Venta de vehículos ","Nacional",2026,"06","BMW","X5","Camiones ligeros","SUV's","IMPORTADO",66,162,"Cifras Revisadas"
"Registro Administrativo de la Industria Automotriz de Vehículos Ligeros. Venta de vehículos ","Nacional",2026,"06","BMW","X6","Camiones ligeros","SUV's","IMPORTADO",66,56,"Cifras Revisadas"
"Registro Administrativo de la Industria Automotriz de Vehículos Ligeros. Venta de vehículos ","Nacional",2026,"06","BMW","X7","Camiones ligeros","SUV's","IMPORTADO",66,25,"Cifras Revisadas"
"Registro Administrativo de la Industria Automotriz de Vehículos Ligeros. Venta de vehículos ","Nacional",2026,"06","BMW","Z4-","Automóviles","De Lujo","IMPORTADO",4,19,"Cifras Revisadas"
"Registro Administrativo de la Industria Automotriz de Vehículos Ligeros. Venta de vehículos ","Nacional",2026,"06","Changan","ALSVIN","Automóviles","Subcompactos","IMPORTADO",43,390,"Cifras Revisadas"
"Registro Administrativo de la Industria Automotriz de Vehículos Ligeros. Venta de vehículos ","Nacional",2026,"06","Changan","CS35 PLUS","Camiones ligeros","SUV's","IMPORTADO",43,237,"Cifras Revisadas"
"Registro Administrativo de la Industria Automotriz de Vehículos Ligeros. Venta de vehículos ","Nacional",2026,"06","Changan","CS55 PLUS","Camiones ligeros","SUV's","IMPORTADO",43,115,"Cifras Revisadas"
"Registro Administrativo de la Industria Automotriz de Vehículos Ligeros. Venta de vehículos ","Nacional",2026,"06","Changan","CS55 Plus IDD","Camiones ligeros","SUV's","IMPORTADO",43,173,"Cifras Revisadas"
"Registro Administrativo de la Industria Automotriz de Vehículos Ligeros. Venta de vehículos ","Nacional",2026,"06","Changan","CS75","Camiones ligeros","SUV's","IMPORTADO",43,100,"Cifras Revisadas"
"Registro Administrativo de la Industria Automotriz de Vehículos Ligeros. Venta de vehículos ","Nacional",2026,"06","Changan","CS95","Camiones ligeros","SUV's","IMPORTADO",43,8,"Cifras Revisadas"
"Registro Administrativo de la Industria Automotriz de Vehículos Ligeros. Venta de vehículos ","Nacional",2026,"06","Changan","DEEPAL S07 BEV","Camiones ligeros","SUV's","IMPORTADO",43,5,"Cifras Revisadas"
"Registro Administrativo de la Industria Automotriz de Vehículos Ligeros. Venta de vehículos ","Nacional",2026,"06","Changan","DEEPAL S07 REEV","Camiones ligeros","SUV's","IMPORTADO",43,57,"Cifras Revisadas"
"Registro Administrativo de la Industria Automotriz de Vehículos Ligeros. Venta de vehículos ","Nacional",2026,"06","Changan","Eado Plus","Automóviles","Compactos","IMPORTADO",43,125,"Cifras Revisadas"
"Registro Administrativo de la Industria Automotriz de Vehículos Ligeros. Venta de vehículos ","Nacional",2026,"06","Changan","Eado Plus IDD","Automóviles","Compactos","IMPORTADO",43,213,"Cifras Revisadas"
"Registro Administrativo de la Industria Automotriz de Vehículos Ligeros. Venta de vehículos ","Nacional",2026,"06","Changan","HONOR S","Camiones ligeros","Minivans","IMPORTADO",43,166,"Cifras Revisadas"
"Registro Administrativo de la Industria Automotriz de Vehículos Ligeros. Venta de vehículos ","Nacional",2026,"06","Changan","HUNTER CHASIS","Camiones ligeros","Pick Ups","IMPORTADO",43,22,"Cifras Revisadas"
"Registro Administrativo de la Industria Automotriz de Vehículos Ligeros. Venta de vehículos ","Nacional",2026,"06","Changan","HUNTER PLUS","Camiones ligeros","Pick Ups","IMPORTADO",43,56,"Cifras Revisadas"
"Registro Administrativo de la Industria Automotriz de Vehículos Ligeros. Venta de vehículos ","Nacional",2026,"06","Changan","HUNTER WORK","Camiones ligeros","Pick Ups","IMPORTADO",43,46,"Cifras Revisadas"
"Registro Administrativo de la Industria Automotriz de Vehículos Ligeros. Venta de vehículos ","Nacional",2026,"06","Changan","NEW STAR TRUCK","Camiones ligeros","Pick Ups","IMPORTADO",43,273,"Cifras Revisadas"
"Registro Administrativo de la Industria Automotriz de Vehículos Ligeros. Venta de vehículos ","Nacional",2026,"06","Changan","UNI-K","Camiones ligeros","SUV's","IMPORTADO",43,22,"Cifras Revisadas"
"Registro Administrativo de la Industria Automotriz de Vehículos Ligeros. Venta de vehículos ","Nacional",2026,"06","Chrysler","Cherokee","Camiones ligeros","SUV's","IMPORTADO",66,84,"Cifras Revisadas"
"Registro Administrativo de la Industria Automotriz de Vehículos Ligeros. Venta de vehículos ","Nacional",2026,"06","Chrysler","Commander","Camiones ligeros","SUV's","IMPORTADO",31,101,"Cifras Revisadas"
"Registro Administrativo de la Industria Automotriz de Vehículos Ligeros. Venta de vehículos ","Nacional",2026,"06","Chrysler","Crew Cab-","Camiones ligeros","Pick Ups","NACIONAL",1,245,"Cifras Revisadas"
"Registro Administrativo de la Industria Automotriz de Vehículos Ligeros. Venta de vehículos ","Nacional",2026,"06","Chrysler","Durango","Camiones ligeros","SUV's","IMPORTADO",66,27,"Cifras Revisadas"
"Registro Administrativo de la Industria Automotriz de Vehículos Ligeros. Venta de vehículos ","Nacional",2026,"06","Chrysler","Grand Cherokee","Camiones ligeros","SUV's","IMPORTADO",66,240,"Cifras Revisadas"
"Registro Administrativo de la Industria Automotriz de Vehículos Ligeros. Venta de vehículos ","Nacional",2026,"06","Chrysler","Jeep Compass","Camiones ligeros","SUV's","IMPORTADO",66,231,"Cifras Revisadas"
"Registro Administrativo de la Industria Automotriz de Vehículos Ligeros. Venta de vehículos ","Nacional",2026,"06","Chrysler","Jeep Compass-","Camiones ligeros","SUV's","NACIONAL",1,74,"Cifras Revisadas"
"Registro Administrativo de la Industria Automotriz de Vehículos Ligeros. Venta de vehículos ","Nacional",2026,"06","Chrysler","Journey","Camiones ligeros","SUV's","IMPORTADO",43,3,"Cifras Revisadas"
"Registro Administrativo de la Industria Automotriz de Vehículos Ligeros. Venta de vehículos ","Nacional",2026,"06","Chrysler","JT ","Camiones ligeros","Pick Ups","IMPORTADO",66,99,"Cifras Revisadas"
"Registro Administrativo de la Industria Automotriz de Vehículos Ligeros. Venta de vehículos ","Nacional",2026,"06","Chrysler","Nuevo Attitude","Automóviles","Compactos","IMPORTADO",43,1102,"Cifras Revisadas"
"Registro Administrativo de la Industria Automotriz de Vehículos Ligeros. Venta de vehículos ","Nacional",2026,"06","Chrysler","Promaster","Camiones ligeros","SUV's","NACIONAL",1,148,"Cifras Revisadas"
"Registro Administrativo de la Industria Automotriz de Vehículos Ligeros. Venta de vehículos ","Nacional",2026,"06","Chrysler","RAM DS","Camiones ligeros","Pick Ups","IMPORTADO",66,1,"Cifras Revisadas"
"Registro Administrativo de la Industria Automotriz de Vehículos Ligeros. Venta de vehículos ","Nacional",2026,"06","Chrysler","RAM 1200","Camiones ligeros","Pick Ups","NACIONAL",1,2344,"Cifras Revisadas"
"Registro Administrativo de la Industria Automotriz de Vehículos Ligeros. Venta de vehículos ","Nacional",2026,"06","Chrysler","RAM 4000 Diesel","Camiones ligeros","Pick Ups","NACIONAL",1,191,"Cifras Revisadas"
"Registro Administrativo de la Industria Automotriz de Vehículos Ligeros. Venta de vehículos ","Nacional",2026,"06","Chrysler","RAM 700","Camiones ligeros","Pick Ups","IMPORTADO",31,1172,"Cifras Revisadas"
"Registro Administrativo de la Industria Automotriz de Vehículos Ligeros. Venta de vehículos ","Nacional",2026,"06","Chrysler","Renegade","Camiones ligeros","SUV's","IMPORTADO",31,153,"Cifras Revisadas"
"Registro Administrativo de la Industria Automotriz de Vehículos Ligeros. Venta de vehículos ","Nacional",2026,"06","Chrysler","Wagoneer","Camiones ligeros","SUV's","IMPORTADO",66,15,"Cifras Revisadas"
"Registro Administrativo de la Industria Automotriz de Vehículos Ligeros. Venta de vehículos ","Nacional",2026,"06","Chrysler","Wrangler","Camiones ligeros","SUV's","IMPORTADO",66,167,"Cifras Revisadas"
"Registro Administrativo de la Industria Automotriz de Vehículos Ligeros. Venta de vehículos ","Nacional",2026,"06","Fiat","FASTBACK","Camiones ligeros","SUV's","IMPORTADO",31,90,"Cifras Revisadas"
"Registro Administrativo de la Industria Automotriz de Vehículos Ligeros. Venta de vehículos ","Nacional",2026,"06","Fiat","Fiat 500","Automóviles","Subcompactos","IMPORTADO",124,3,"Cifras Revisadas"
"Registro Administrativo de la Industria Automotriz de Vehículos Ligeros. Venta de vehículos ","Nacional",2026,"06","Fiat","Pulse","Camiones ligeros","SUV's","IMPORTADO",31,157,"Cifras Revisadas"
"Registro Administrativo de la Industria Automotriz de Vehículos Ligeros. Venta de vehículos ","Nacional",2026,"06","Ford Motor","Bronco","Camiones ligeros","SUV's","IMPORTADO",66,94,"Cifras Revisadas"
"Registro Administrativo de la Industria Automotriz de Vehículos Ligeros. Venta de vehículos ","Nacional",2026,"06","Ford Motor","Bronco Sport","Camiones ligeros","SUV's","NACIONAL",1,113,"Cifras Revisadas"
"Registro Administrativo de la Industria Automotriz de Vehículos Ligeros. Venta de vehículos ","Nacional",2026,"06","Ford Motor","Edge","Camiones ligeros","SUV's","IMPORTADO",40,384,"Cifras Revisadas"
"Registro Administrativo de la Industria Automotriz de Vehículos Ligeros. Venta de vehículos ","Nacional",2026,"06","Ford Motor","E-Transit","Camiones ligeros","Pick Ups","IMPORTADO",66,9,"Cifras Revisadas"
"Registro Administrativo de la Industria Automotriz de Vehículos Ligeros. Venta de vehículos ","Nacional",2026,"06","Ford Motor","Expedition","Camiones ligeros","Minivans","IMPORTADO",66,47,"Cifras Revisadas"
"Registro Administrativo de la Industria Automotriz de Vehículos Ligeros. Venta de vehículos ","Nacional",2026,"06","Ford Motor","Explorer","Camiones ligeros","SUV's","IMPORTADO",66,175,"Cifras Revisadas"
"Registro Administrativo de la Industria Automotriz de Vehículos Ligeros. Venta de vehículos ","Nacional",2026,"06","Ford Motor","F 250 Super Duty","Camiones ligeros","Pick Ups","IMPORTADO",66,47,"Cifras Revisadas"
"Registro Administrativo de la Industria Automotriz de Vehículos Ligeros. Venta de vehículos ","Nacional",2026,"06","Ford Motor","F-350","Camiones ligeros","Pick Ups","IMPORTADO",66,260,"Cifras Revisadas"
"Registro Administrativo de la Industria Automotriz de Vehículos Ligeros. Venta de vehículos ","Nacional",2026,"06","Ford Motor","F-450","Camiones ligeros","Pick Ups","IMPORTADO",66,90,"Cifras Revisadas"
"Registro Administrativo de la Industria Automotriz de Vehículos Ligeros. Venta de vehículos ","Nacional",2026,"06","Ford Motor","F-550","Camiones ligeros","Pick Ups","IMPORTADO",66,62,"Cifras Revisadas"
"Registro Administrativo de la Industria Automotriz de Vehículos Ligeros. Venta de vehículos ","Nacional",2026,"06","Ford Motor","Lobo Regular Cab","Camiones ligeros","Pick Ups","IMPORTADO",66,286,"Cifras Revisadas"
"Registro Administrativo de la Industria Automotriz de Vehículos Ligeros. Venta de vehículos ","Nacional",2026,"06","Ford Motor","Maverick","Camiones ligeros","Pick Ups","NACIONAL",1,180,"Cifras Revisadas"
"Registro Administrativo de la Industria Automotriz de Vehículos Ligeros. Venta de vehículos ","Nacional",2026,"06","Ford Motor","Mustang","Automóviles","Deportivos","IMPORTADO",66,75,"Cifras Revisadas"
"Registro Administrativo de la Industria Automotriz de Vehículos Ligeros. Venta de vehículos ","Nacional",2026,"06","Ford Motor","Mustang Mach-E","Camiones ligeros","SUV's","NACIONAL",1,9,"Cifras Revisadas"
"Registro Administrativo de la Industria Automotriz de Vehículos Ligeros. Venta de vehículos ","Nacional",2026,"06","Ford Motor","New F150 / F-150","Camiones ligeros","Pick Ups","IMPORTADO",66,254,"Cifras Revisadas"
"Registro Administrativo de la Industria Automotriz de Vehículos Ligeros. Venta de vehículos ","Nacional",2026,"06","Ford Motor","Ranger","Camiones ligeros","Pick Ups","IMPORTADO",12,382,"Cifras Revisadas"
"Registro Administrativo de la Industria Automotriz de Vehículos Ligeros. Venta de vehículos ","Nacional",2026,"06","Ford Motor","Territory","Camiones ligeros","SUV's","IMPORTADO",43,1860,"Cifras Revisadas"
"Registro Administrativo de la Industria Automotriz de Vehículos Ligeros. Venta de vehículos ","Nacional",2026,"06","Ford Motor","Transit","Camiones ligeros","SUV's","IMPORTADO",181,273,"Cifras Revisadas"
"Registro Administrativo de la Industria Automotriz de Vehículos Ligeros. Venta de vehículos ","Nacional",2026,"06","Foton","HI VAN EV","Camiones ligeros","SUV's","IMPORTADO",43,0,"Cifras Revisadas"
"Registro Administrativo de la Industria Automotriz de Vehículos Ligeros. Venta de vehículos ","Nacional",2026,"06","Foton","HI-VAN","Camiones ligeros","SUV's","IMPORTADO",43,26,"Cifras Revisadas"
"Registro Administrativo de la Industria Automotriz de Vehículos Ligeros. Venta de vehículos ","Nacional",2026,"06","Foton","MILER","Camiones ligeros","Pick Ups","IMPORTADO",43,0,"Cifras Revisadas"
"Registro Administrativo de la Industria Automotriz de Vehículos Ligeros. Venta de vehículos ","Nacional",2026,"06","Foton","S3","Camiones ligeros","Pick Ups","IMPORTADO",43,57,"Cifras Revisadas"
"Registro Administrativo de la Industria Automotriz de Vehículos Ligeros. Venta de vehículos ","Nacional",2026,"06","Foton","S3 EV","Camiones ligeros","Pick Ups","IMPORTADO",43,2,"Cifras Revisadas"
"Registro Administrativo de la Industria Automotriz de Vehículos Ligeros. Venta de vehículos ","Nacional",2026,"06","Foton","TM EV","Camiones ligeros","Pick Ups","IMPORTADO",43,0,"Cifras Revisadas"
"Registro Administrativo de la Industria Automotriz de Vehículos Ligeros. Venta de vehículos ","Nacional",2026,"06","Foton","TM 3","Camiones ligeros","Pick Ups","IMPORTADO",43,100,"Cifras Revisadas"
"Registro Administrativo de la Industria Automotriz de Vehículos Ligeros. Venta de vehículos ","Nacional",2026,"06","Foton","TUNLAND","Camiones ligeros","Pick Ups","IMPORTADO",43,28,"Cifras Revisadas"
"Registro Administrativo de la Industria Automotriz de Vehículos Ligeros. Venta de vehículos ","Nacional",2026,"06","Foton","Tunland EV","Camiones ligeros","Pick Ups","IMPORTADO",43,0,"Cifras Revisadas"
"Registro Administrativo de la Industria Automotriz de Vehículos Ligeros. Venta de vehículos ","Nacional",2026,"06","Foton","VIEW","Camiones ligeros","SUV's","IMPORTADO",43,44,"Cifras Revisadas"
"Registro Administrativo de la Industria Automotriz de Vehículos Ligeros. Venta de vehículos ","Nacional",2026,"06","Foton","VIEW EV","Camiones ligeros","SUV's","IMPORTADO",43,0,"Cifras Revisadas"
"Registro Administrativo de la Industria Automotriz de Vehículos Ligeros. Venta de vehículos ","Nacional",2026,"06","Foton","WONDER","Camiones ligeros","Pick Ups","IMPORTADO",43,5,"Cifras Revisadas"
"Registro Administrativo de la Industria Automotriz de Vehículos Ligeros. Venta de vehículos ","Nacional",2026,"06","Foton","Wonder EV","Camiones ligeros","Pick Ups","IMPORTADO",43,1,"Cifras Revisadas"
"Registro Administrativo de la Industria Automotriz de Vehículos Ligeros. Venta de vehículos ","Nacional",2026,"06","Geely","Cityray","Camiones ligeros","SUV's","IMPORTADO",43,62,"Cifras Revisadas"
"Registro Administrativo de la Industria Automotriz de Vehículos Ligeros. Venta de vehículos ","Nacional",2026,"06","Geely","Coolray","Camiones ligeros","SUV's","IMPORTADO",43,611,"Cifras Revisadas"
"Registro Administrativo de la Industria Automotriz de Vehículos Ligeros. Venta de vehículos ","Nacional",2026,"06","Geely","Emgrand","Automóviles","Subcompactos","IMPORTADO",43,1924,"Cifras Revisadas"
"Registro Administrativo de la Industria Automotriz de Vehículos Ligeros. Venta de vehículos ","Nacional",2026,"06","Geely","EX2","Camiones ligeros","SUV's","IMPORTADO",43,499,"Cifras Revisadas"
"Registro Administrativo de la Industria Automotriz de Vehículos Ligeros. Venta de vehículos ","Nacional",2026,"06","Geely","EX5","Camiones ligeros","SUV's","IMPORTADO",43,27,"Cifras Revisadas"
"Registro Administrativo de la Industria Automotriz de Vehículos Ligeros. Venta de vehículos ","Nacional",2026,"06","Geely","EX5 EM-i","Camiones ligeros","SUV's","IMPORTADO",43,847,"Cifras Revisadas"
"Registro Administrativo de la Industria Automotriz de Vehículos Ligeros. Venta de vehículos ","Nacional",2026,"06","Geely","Geometry C","Camiones ligeros","SUV's","IMPORTADO",43,0,"Cifras Revisadas"
"Registro Administrativo de la Industria Automotriz de Vehículos Ligeros. Venta de vehículos ","Nacional",2026,"06","Geely","Gx3 Pro","Camiones ligeros","SUV's","IMPORTADO",43,20,"Cifras Revisadas"
"Registro Administrativo de la Industria Automotriz de Vehículos Ligeros. Venta de vehículos ","Nacional",2026,"06","Geely","Monjaro","Camiones ligeros","SUV's","IMPORTADO",43,86,"Cifras Revisadas"
"Registro Administrativo de la Industria Automotriz de Vehículos Ligeros. Venta de vehículos ","Nacional",2026,"06","Geely","Okavango","Camiones ligeros","SUV's","IMPORTADO",43,0,"Cifras Revisadas"
"Registro Administrativo de la Industria Automotriz de Vehículos Ligeros. Venta de vehículos ","Nacional",2026,"06","Geely","Starray","Camiones ligeros","SUV's","IMPORTADO",43,27,"Cifras Revisadas"
"Registro Administrativo de la Industria Automotriz de Vehículos Ligeros. Venta de vehículos ","Nacional",2026,"06","General Motors","Acadia","Camiones ligeros","SUV's","IMPORTADO",66,50,"Cifras Revisadas"
"Registro Administrativo de la Industria Automotriz de Vehículos Ligeros. Venta de vehículos ","Nacional",2026,"06","General Motors","Ats 4p","Automóviles","De Lujo","IMPORTADO",66,0,"Cifras Revisadas"
"Registro Administrativo de la Industria Automotriz de Vehículos Ligeros. Venta de vehículos ","Nacional",2026,"06","General Motors","Avalanche UUV","Camiones ligeros","Pick Ups","NACIONAL",1,0,"Cifras Revisadas"
"Registro Administrativo de la Industria Automotriz de Vehículos Ligeros. Venta de vehículos ","Nacional",2026,"06","General Motors","Aveo","Automóviles","Subcompactos","IMPORTADO",43,6165,"Cifras Revisadas"
"Registro Administrativo de la Industria Automotriz de Vehículos Ligeros. Venta de vehículos ","Nacional",2026,"06","General Motors","Aveo-","Automóviles","Subcompactos","NACIONAL",1,0,"Cifras Revisadas"
"Registro Administrativo de la Industria Automotriz de Vehículos Ligeros. Venta de vehículos ","Nacional",2026,"06","General Motors","Aveo HB","Automóviles","Subcompactos","IMPORTADO",43,0,"Cifras Revisadas"
"Registro Administrativo de la Industria Automotriz de Vehículos Ligeros. Venta de vehículos ","Nacional",2026,"06","General Motors","Beat","Automóviles","Subcompactos","IMPORTADO",95,0,"Cifras Revisadas"
"Registro Administrativo de la Industria Automotriz de Vehículos Ligeros. Venta de vehículos ","Nacional",2026,"06","General Motors","Beat 4 PTAS.","Automóviles","Subcompactos","IMPORTADO",95,0,"Cifras Revisadas"
"Registro Administrativo de la Industria Automotriz de Vehículos Ligeros. Venta de vehículos ","Nacional",2026,"06","General Motors","Blazer","Camiones ligeros","SUV's","NACIONAL",1,12,"Cifras Revisadas"
"Registro Administrativo de la Industria Automotriz de Vehículos Ligeros. Venta de vehículos ","Nacional",2026,"06","General Motors","Blazer EV","Camiones ligeros","SUV's","NACIONAL",1,3,"Cifras Revisadas"
"Registro Administrativo de la Industria Automotriz de Vehículos Ligeros. Venta de vehículos ","Nacional",2026,"06","General Motors","Bolt","Automóviles","Subcompactos","IMPORTADO",66,0,"Cifras Revisadas"
"Registro Administrativo de la Industria Automotriz de Vehículos Ligeros. Venta de vehículos ","Nacional",2026,"06","General Motors","Bolt EUV","Camiones ligeros","SUV's","IMPORTADO",66,0,"Cifras Revisadas"
"Registro Administrativo de la Industria Automotriz de Vehículos Ligeros. Venta de vehículos ","Nacional",2026,"06","General Motors","Brightdrop","Camiones ligeros","Minivans","IMPORTADO",40,0,"Cifras Revisadas"
"Registro Administrativo de la Industria Automotriz de Vehículos Ligeros. Venta de vehículos ","Nacional",2026,"06","General Motors","Camaro","Automóviles","Deportivos","IMPORTADO",66,0,"Cifras Revisadas"
"Registro Administrativo de la Industria Automotriz de Vehículos Ligeros. Venta de vehículos ","Nacional",2026,"06","General Motors","Camaro Convertible","Automóviles","De Lujo","IMPORTADO",66,0,"Cifras Revisadas"
"Registro Administrativo de la Industria Automotriz de Vehículos Ligeros. Venta de vehículos ","Nacional",2026,"06","General Motors","Canyon Crew Cab 4x4","Camiones ligeros","Pick Ups","IMPORTADO",66,136,"Cifras Revisadas"
"Registro Administrativo de la Industria Automotriz de Vehículos Ligeros. Venta de vehículos ","Nacional",2026,"06","General Motors","Captiva Sport","Camiones ligeros","SUV's","NACIONAL",1,0,"Cifras Revisadas"
"Registro Administrativo de la Industria Automotriz de Vehículos Ligeros. Venta de vehículos ","Nacional",2026,"06","General Motors","Captiva SUV","Camiones ligeros","SUV's","IMPORTADO",43,1275,"Cifras Revisadas"
"Registro Administrativo de la Industria Automotriz de Vehículos Ligeros. Venta de vehículos ","Nacional",2026,"06","General Motors","Cavalier 4 Ptas","Automóviles","Compactos","IMPORTADO",43,14,"Cifras Revisadas"
"Registro Administrativo de la Industria Automotriz de Vehículos Ligeros. Venta de vehículos ","Nacional",2026,"06","General Motors","Chevrolet Express Cargo Van","Camiones ligeros","Minivans","IMPORTADO",66,0,"Cifras Revisadas"
"Registro Administrativo de la Industria Automotriz de Vehículos Ligeros. Venta de vehículos ","Nacional",2026,"06","General Motors","Chevrolet Express Cutaway","Camiones ligeros","Minivans","IMPORTADO",66,0,"Cifras Revisadas"
"Registro Administrativo de la Industria Automotriz de Vehículos Ligeros. Venta de vehículos ","Nacional",2026,"06","General Motors","Chevrolet Express MAX Cargo Van","Camiones ligeros","Minivans","IMPORTADO",43,42,"Cifras Revisadas"
"Registro Administrativo de la Industria Automotriz de Vehículos Ligeros. Venta de vehículos ","Nacional",2026,"06","General Motors","Chevrolet Express Passenger Van","Camiones ligeros","Minivans","IMPORTADO",66,0,"Cifras Revisadas"
"Registro Administrativo de la Industria Automotriz de Vehículos Ligeros. Venta de vehículos ","Nacional",2026,"06","General Motors","Chevy 3 Ptas","Automóviles","Subcompactos","NACIONAL",1,0,"Cifras Revisadas"
"Registro Administrativo de la Industria Automotriz de Vehículos Ligeros. Venta de vehículos ","Nacional",2026,"06","General Motors","Chevy 4 PTAS","Automóviles","Subcompactos","NACIONAL",1,0,"Cifras Revisadas"
"Registro Administrativo de la Industria Automotriz de Vehículos Ligeros. Venta de vehículos ","Nacional",2026,"06","General Motors","Cheyenne  Doble Cabina","Camiones ligeros","Pick Ups","NACIONAL",1,193,"Cifras Revisadas"
"Registro Administrativo de la Industria Automotriz de Vehículos Ligeros. Venta de vehículos ","Nacional",2026,"06","General Motors","Cheyenne Cabina Regular","Camiones ligeros","Pick Ups","NACIONAL",1,53,"Cifras Revisadas"
"Registro Administrativo de la Industria Automotriz de Vehículos Ligeros. Venta de vehículos ","Nacional",2026,"06","General Motors","Cheyenne Doble Cabina","Camiones ligeros","Pick Ups","IMPORTADO",66,0,"Cifras Revisadas"
"Registro Administrativo de la Industria Automotriz de Vehículos Ligeros. Venta de vehículos ","Nacional",2026,"06","General Motors","Colorado Doble Cabina","Camiones ligeros","Pick Ups","IMPORTADO",66,112,"Cifras Revisadas"
"Registro Administrativo de la Industria Automotriz de Vehículos Ligeros. Venta de vehículos ","Nacional",2026,"06","General Motors","Corvette","Automóviles","Deportivos","IMPORTADO",66,3,"Cifras Revisadas"
"Registro Administrativo de la Industria Automotriz de Vehículos Ligeros. Venta de vehículos ","Nacional",2026,"06","General Motors","Corvette 2  Pts. Convertible","Automóviles","De Lujo","IMPORTADO",66,1,"Cifras Revisadas"
"Registro Administrativo de la Industria Automotriz de Vehículos Ligeros. Venta de vehículos ","Nacional",2026,"06","General Motors","Cruze 4 PTAS-","Automóviles","Compactos","NACIONAL",1,0,"Cifras Revisadas"
"Registro Administrativo de la Industria Automotriz de Vehículos Ligeros. Venta de vehículos ","Nacional",2026,"06","General Motors","Cruze 4 Ptas","Automóviles","Compactos","IMPORTADO",48,0,"Cifras Revisadas"
"Registro Administrativo de la Industria Automotriz de Vehículos Ligeros. Venta de vehículos ","Nacional",2026,"06","General Motors","Cruze 5 Ptas","Automóviles","Compactos","NACIONAL",1,0,"Cifras Revisadas"
"Registro Administrativo de la Industria Automotriz de Vehículos Ligeros. Venta de vehículos ","Nacional",2026,"06","General Motors","Cts 2 Ptas","Automóviles","De Lujo","IMPORTADO",66,0,"Cifras Revisadas"
"Registro Administrativo de la Industria Automotriz de Vehículos Ligeros. Venta de vehículos ","Nacional",2026,"06","General Motors","Cts 4 Ptas","Automóviles","De Lujo","IMPORTADO",66,0,"Cifras Revisadas"
"Registro Administrativo de la Industria Automotriz de Vehículos Ligeros. Venta de vehículos ","Nacional",2026,"06","General Motors","Enclave","Camiones ligeros","SUV's","IMPORTADO",66,33,"Cifras Revisadas"
"Registro Administrativo de la Industria Automotriz de Vehículos Ligeros. Venta de vehículos ","Nacional",2026,"06","General Motors","Encore","Camiones ligeros","SUV's","IMPORTADO",48,15,"Cifras Revisadas"
"Registro Administrativo de la Industria Automotriz de Vehículos Ligeros. Venta de vehículos ","Nacional",2026,"06","General Motors","Envision SUV","Camiones ligeros","SUV's","IMPORTADO",43,36,"Cifras Revisadas"
"Registro Administrativo de la Industria Automotriz de Vehículos Ligeros. Venta de vehículos ","Nacional",2026,"06","General Motors","Envista SUV","Camiones ligeros","SUV's","IMPORTADO",48,90,"Cifras Revisadas"
"Registro Administrativo de la Industria Automotriz de Vehículos Ligeros. Venta de vehículos ","Nacional",2026,"06","General Motors","Epica","Automóviles","Compactos","IMPORTADO",48,0,"Cifras Revisadas"
"Registro Administrativo de la Industria Automotriz de Vehículos Ligeros. Venta de vehículos ","Nacional",2026,"06","General Motors","Equinox EV","Camiones ligeros","SUV's","NACIONAL",1,18,"Cifras Revisadas"
"Registro Administrativo de la Industria Automotriz de Vehículos Ligeros. Venta de vehículos ","Nacional",2026,"06","General Motors","Equinox SUV-","Camiones ligeros","SUV's","NACIONAL",1,0,"Cifras Revisadas"
"Registro Administrativo de la Industria Automotriz de Vehículos Ligeros. Venta de vehículos ","Nacional",2026,"06","General Motors","Equinox Suv","Camiones ligeros","SUV's","IMPORTADO",66,0,"Cifras Revisadas"
"Registro Administrativo de la Industria Automotriz de Vehículos Ligeros. Venta de vehículos ","Nacional",2026,"06","General Motors","Escalade ESV SUV AWD","Camiones ligeros","Minivans","IMPORTADO",66,44,"Cifras Revisadas"
"Registro Administrativo de la Industria Automotriz de Vehículos Ligeros. Venta de vehículos ","Nacional",2026,"06","General Motors","Escalade ESV SUV AWD","Camiones ligeros","Minivans","NACIONAL",1,0,"Cifras Revisadas"
"Registro Administrativo de la Industria Automotriz de Vehículos Ligeros. Venta de vehículos ","Nacional",2026,"06","General Motors","Escalade EXT UUV 4X4","Camiones ligeros","Minivans","NACIONAL",1,0,"Cifras Revisadas"
"Registro Administrativo de la Industria Automotriz de Vehículos Ligeros. Venta de vehículos ","Nacional",2026,"06","General Motors","Escalade IQ Suv","Camiones ligeros","SUV's","NACIONAL",1,6,"Cifras Revisadas"
"Registro Administrativo de la Industria Automotriz de Vehículos Ligeros. Venta de vehículos ","Nacional",2026,"06","General Motors","Escalade IQL Suv","Camiones ligeros","SUV's","NACIONAL",1,2,"Cifras Revisadas"
"Registro Administrativo de la Industria Automotriz de Vehículos Ligeros. Venta de vehículos ","Nacional",2026,"06","General Motors","Escalade Suv","Camiones ligeros","Minivans","IMPORTADO",66,41,"Cifras Revisadas"
"Registro Administrativo de la Industria Automotriz de Vehículos Ligeros. Venta de vehículos ","Nacional",2026,"06","General Motors","GMC Sierra Cabina Regular","Camiones ligeros","Pick Ups","IMPORTADO",66,0,"Cifras Revisadas"
"Registro Administrativo de la Industria Automotriz de Vehículos Ligeros. Venta de vehículos ","Nacional",2026,"06","General Motors","GMC Sierra Doble Cabina","Camiones ligeros","Pick Ups","NACIONAL",1,0,"Cifras Revisadas"
"Registro Administrativo de la Industria Automotriz de Vehículos Ligeros. Venta de vehículos ","Nacional",2026,"06","General Motors","Groove SUV","Camiones ligeros","SUV's","IMPORTADO",43,1491,"Cifras Revisadas"
"Registro Administrativo de la Industria Automotriz de Vehículos Ligeros. Venta de vehículos ","Nacional",2026,"06","General Motors","Hummer EV Pickup","Camiones ligeros","Pick Ups","IMPORTADO",66,4,"Cifras Revisadas"
"Registro Administrativo de la Industria Automotriz de Vehículos Ligeros. Venta de vehículos ","Nacional",2026,"06","General Motors","Hummer EV SUV","Camiones ligeros","SUV's","IMPORTADO",66,8,"Cifras Revisadas"
"Registro Administrativo de la Industria Automotriz de Vehículos Ligeros. Venta de vehículos ","Nacional",2026,"06","General Motors","Kodiak Chassis Cab Class 7 PBV33,000","Camiones ligeros","Pick Ups","NACIONAL",1,0,"Cifras Revisadas"
"Registro Administrativo de la Industria Automotriz de Vehículos Ligeros. Venta de vehículos ","Nacional",2026,"06","General Motors","Lacrosse","Automóviles","De Lujo","IMPORTADO",66,0,"Cifras Revisadas"
"Registro Administrativo de la Industria Automotriz de Vehículos Ligeros. Venta de vehículos ","Nacional",2026,"06","General Motors","Lyriq SUV ","Camiones ligeros","SUV's","IMPORTADO",66,3,"Cifras Revisadas"
"Registro Administrativo de la Industria Automotriz de Vehículos Ligeros. Venta de vehículos ","Nacional",2026,"06","General Motors","Malibu 4 Ptas","Automóviles","Compactos","IMPORTADO",66,0,"Cifras Revisadas"
"Registro Administrativo de la Industria Automotriz de Vehículos Ligeros. Venta de vehículos ","Nacional",2026,"06","General Motors","Matiz 5 Ptas","Automóviles","Subcompactos","IMPORTADO",48,0,"Cifras Revisadas"
"Registro Administrativo de la Industria Automotriz de Vehículos Ligeros. Venta de vehículos ","Nacional",2026,"06","General Motors","Montana Crew Cab","Camiones ligeros","Pick Ups","IMPORTADO",31,169,"Cifras Revisadas"
"Registro Administrativo de la Industria Automotriz de Vehículos Ligeros. Venta de vehículos ","Nacional",2026,"06","General Motors","Onix","Automóviles","Compactos","IMPORTADO",43,336,"Cifras Revisadas"
"Registro Administrativo de la Industria Automotriz de Vehículos Ligeros. Venta de vehículos ","Nacional",2026,"06","General Motors","Onix","Automóviles","Compactos","NACIONAL",1,0,"Cifras Revisadas"
"Registro Administrativo de la Industria Automotriz de Vehículos Ligeros. Venta de vehículos ","Nacional",2026,"06","General Motors","Optiq","Camiones ligeros","SUV's","NACIONAL",1,7,"Cifras Revisadas"
"Registro Administrativo de la Industria Automotriz de Vehículos Ligeros. Venta de vehículos ","Nacional",2026,"06","General Motors","Regal","Automóviles","De Lujo","IMPORTADO",40,0,"Cifras Revisadas"
"Registro Administrativo de la Industria Automotriz de Vehículos Ligeros. Venta de vehículos ","Nacional",2026,"06","General Motors","Sierra Cabina Regular","Camiones ligeros","Pick Ups","NACIONAL",1,53,"Cifras Revisadas"
"Registro Administrativo de la Industria Automotriz de Vehículos Ligeros. Venta de vehículos ","Nacional",2026,"06","General Motors","Sierra Doble Cabina","Camiones ligeros","Pick Ups","IMPORTADO",66,0,"Cifras Revisadas"
"Registro Administrativo de la Industria Automotriz de Vehículos Ligeros. Venta de vehículos ","Nacional",2026,"06","General Motors","Sierra Doble Cabina","Camiones ligeros","Pick Ups","NACIONAL",1,98,"Cifras Revisadas"
"Registro Administrativo de la Industria Automotriz de Vehículos Ligeros. Venta de vehículos ","Nacional",2026,"06","General Motors","Silverado Cabina Regular","Camiones ligeros","Pick Ups","NACIONAL",1,18,"Cifras Revisadas"
"Registro Administrativo de la Industria Automotriz de Vehículos Ligeros. Venta de vehículos ","Nacional",2026,"06","General Motors","Silverado Doble Cabina","Camiones ligeros","Pick Ups","NACIONAL",1,62,"Cifras Revisadas"
"Registro Administrativo de la Industria Automotriz de Vehículos Ligeros. Venta de vehículos ","Nacional",2026,"06","General Motors","Silverado 1500 Cabina Regular","Camiones ligeros","Pick Ups","IMPORTADO",66,0,"Cifras Revisadas"
"Registro Administrativo de la Industria Automotriz de Vehículos Ligeros. Venta de vehículos ","Nacional",2026,"06","General Motors","Silverado 1500 Cabina Regular-","Camiones ligeros","Pick Ups","NACIONAL",1,0,"Cifras Revisadas"
"Registro Administrativo de la Industria Automotriz de Vehículos Ligeros. Venta de vehículos ","Nacional",2026,"06","General Motors","Silverado 2500 Cabina Extendida","Camiones ligeros","Pick Ups","IMPORTADO",66,0,"Cifras Revisadas"
"Registro Administrativo de la Industria Automotriz de Vehículos Ligeros. Venta de vehículos ","Nacional",2026,"06","General Motors","Silverado 2500 Cabina Regular","Camiones ligeros","Pick Ups","IMPORTADO",66,0,"Cifras Revisadas"
"Registro Administrativo de la Industria Automotriz de Vehículos Ligeros. Venta de vehículos ","Nacional",2026,"06","General Motors","Silverado 2500 Cabina Regular-","Camiones ligeros","Pick Ups","NACIONAL",1,0,"Cifras Revisadas"
"Registro Administrativo de la Industria Automotriz de Vehículos Ligeros. Venta de vehículos ","Nacional",2026,"06","General Motors","Silverado 2500 Doble Cabina-","Camiones ligeros","Pick Ups","NACIONAL",1,0,"Cifras Revisadas"
"Registro Administrativo de la Industria Automotriz de Vehículos Ligeros. Venta de vehículos ","Nacional",2026,"06","General Motors","Silverado 3500 Chassis Cab","Camiones ligeros","Pick Ups","NACIONAL",1,0,"Cifras Revisadas"
"Registro Administrativo de la Industria Automotriz de Vehículos Ligeros. Venta de vehículos ","Nacional",2026,"06","General Motors","Silverado 3500 HD Chassis Cab Heavy Duty","Camiones ligeros","Pick Ups","NACIONAL",1,0,"Cifras Revisadas"
"Registro Administrativo de la Industria Automotriz de Vehículos Ligeros. Venta de vehículos ","Nacional",2026,"06","General Motors","Sonic-","Automóviles","Subcompactos","NACIONAL",1,0,"Cifras Revisadas"
"Registro Administrativo de la Industria Automotriz de Vehículos Ligeros. Venta de vehículos ","Nacional",2026,"06","General Motors","Sonic 5 PTS","Automóviles","Subcompactos","IMPORTADO",66,0,"Cifras Revisadas"
"Registro Administrativo de la Industria Automotriz de Vehículos Ligeros. Venta de vehículos ","Nacional",2026,"06","General Motors","Sonic 5 PTS-","Automóviles","Subcompactos","NACIONAL",1,0,"Cifras Revisadas"
"Registro Administrativo de la Industria Automotriz de Vehículos Ligeros. Venta de vehículos ","Nacional",2026,"06","General Motors","Spark","Automóviles","Subcompactos","IMPORTADO",95,0,"Cifras Revisadas"
"Registro Administrativo de la Industria Automotriz de Vehículos Ligeros. Venta de vehículos ","Nacional",2026,"06","General Motors","Spark EUV 4 dr.","Camiones ligeros","SUV's","IMPORTADO",43,339,"Cifras Revisadas"
"Registro Administrativo de la Industria Automotriz de Vehículos Ligeros. Venta de vehículos ","Nacional",2026,"06","General Motors","Spark EV 5 Ptas.","Automóviles","Subcompactos","IMPORTADO",48,0,"Cifras Revisadas"
"Registro Administrativo de la Industria Automotriz de Vehículos Ligeros. Venta de vehículos ","Nacional",2026,"06","General Motors","Spark NG","Automóviles","Subcompactos","IMPORTADO",48,0,"Cifras Revisadas"
"Registro Administrativo de la Industria Automotriz de Vehículos Ligeros. Venta de vehículos ","Nacional",2026,"06","General Motors","SRX SUV-","Camiones ligeros","SUV's","NACIONAL",1,0,"Cifras Revisadas"
"Registro Administrativo de la Industria Automotriz de Vehículos Ligeros. Venta de vehículos ","Nacional",2026,"06","General Motors","Suburban Suv","Camiones ligeros","SUV's","IMPORTADO",66,120,"Cifras Revisadas"
"Registro Administrativo de la Industria Automotriz de Vehículos Ligeros. Venta de vehículos ","Nacional",2026,"06","General Motors","S10","Camiones ligeros","Pick Ups","IMPORTADO",31,1696,"Cifras Revisadas"
"Registro Administrativo de la Industria Automotriz de Vehículos Ligeros. Venta de vehículos ","Nacional",2026,"06","General Motors","S10 Max Cabina Regular","Camiones ligeros","Pick Ups","IMPORTADO",43,0,"Cifras Revisadas"
"Registro Administrativo de la Industria Automotriz de Vehículos Ligeros. Venta de vehículos ","Nacional",2026,"06","General Motors","S10 Max Chassis","Camiones ligeros","Pick Ups","IMPORTADO",43,0,"Cifras Revisadas"
"Registro Administrativo de la Industria Automotriz de Vehículos Ligeros. Venta de vehículos ","Nacional",2026,"06","General Motors","S10 Max Doble Cabina","Camiones ligeros","Pick Ups","IMPORTADO",43,0,"Cifras Revisadas"
"Registro Administrativo de la Industria Automotriz de Vehículos Ligeros. Venta de vehículos ","Nacional",2026,"06","General Motors","Tahoe","Camiones ligeros","SUV's","IMPORTADO",66,87,"Cifras Revisadas"
"Registro Administrativo de la Industria Automotriz de Vehículos Ligeros. Venta de vehículos ","Nacional",2026,"06","General Motors","Terrain SUV-","Camiones ligeros","SUV's","NACIONAL",1,188,"Cifras Revisadas"
"Registro Administrativo de la Industria Automotriz de Vehículos Ligeros. Venta de vehículos ","Nacional",2026,"06","General Motors","Terrain Suv","Camiones ligeros","SUV's","IMPORTADO",40,0,"Cifras Revisadas"
"Registro Administrativo de la Industria Automotriz de Vehículos Ligeros. Venta de vehículos ","Nacional",2026,"06","General Motors","Tornado Pickup","Camiones ligeros","Pick Ups","IMPORTADO",31,0,"Cifras Revisadas"
"Registro Administrativo de la Industria Automotriz de Vehículos Ligeros. Venta de vehículos ","Nacional",2026,"06","General Motors","Tornado Van","Camiones ligeros","Minivans","IMPORTADO",43,1124,"Cifras Revisadas"
"Registro Administrativo de la Industria Automotriz de Vehículos Ligeros. Venta de vehículos ","Nacional",2026,"06","General Motors","Tracker","Camiones ligeros","SUV's","IMPORTADO",31,104,"Cifras Revisadas"
"Registro Administrativo de la Industria Automotriz de Vehículos Ligeros. Venta de vehículos ","Nacional",2026,"06","General Motors","Traverse Suv","Camiones ligeros","SUV's","IMPORTADO",66,102,"Cifras Revisadas"
"Registro Administrativo de la Industria Automotriz de Vehículos Ligeros. Venta de vehículos ","Nacional",2026,"06","General Motors","Trax","Camiones ligeros","SUV's","NACIONAL",1,462,"Cifras Revisadas"
"Registro Administrativo de la Industria Automotriz de Vehículos Ligeros. Venta de vehículos ","Nacional",2026,"06","General Motors","Verano","Automóviles","De Lujo","IMPORTADO",66,0,"Cifras Revisadas"
"Registro Administrativo de la Industria Automotriz de Vehículos Ligeros. Venta de vehículos ","Nacional",2026,"06","General Motors","Volt 4 Ptas.","Automóviles","Subcompactos","IMPORTADO",66,0,"Cifras Revisadas"
"Registro Administrativo de la Industria Automotriz de Vehículos Ligeros. Venta de vehículos ","Nacional",2026,"06","General Motors","Xt4 Suv","Camiones ligeros","SUV's","IMPORTADO",66,1,"Cifras Revisadas"
"Registro Administrativo de la Industria Automotriz de Vehículos Ligeros. Venta de vehículos ","Nacional",2026,"06","General Motors","XT5 SUV","Camiones ligeros","SUV's","IMPORTADO",66,0,"Cifras Revisadas"
"Registro Administrativo de la Industria Automotriz de Vehículos Ligeros. Venta de vehículos ","Nacional",2026,"06","General Motors","Yukon Suv","Camiones ligeros","SUV's","IMPORTADO",66,34,"Cifras Revisadas"
"Registro Administrativo de la Industria Automotriz de Vehículos Ligeros. Venta de vehículos ","Nacional",2026,"06","General Motors","Yukon XL","Camiones ligeros","SUV's","IMPORTADO",66,34,"Cifras Revisadas"
"Registro Administrativo de la Industria Automotriz de Vehículos Ligeros. Venta de vehículos ","Nacional",2026,"06","Great Wall Motor","HAVAL H6","Camiones ligeros","SUV's","IMPORTADO",43,169,"Cifras Revisadas"
"Registro Administrativo de la Industria Automotriz de Vehículos Ligeros. Venta de vehículos ","Nacional",2026,"06","Great Wall Motor","HAVAL Jolion","Camiones ligeros","SUV's","IMPORTADO",43,561,"Cifras Revisadas"
"Registro Administrativo de la Industria Automotriz de Vehículos Ligeros. Venta de vehículos ","Nacional",2026,"06","Great Wall Motor","Ora 5","Camiones ligeros","SUV's","IMPORTADO",43,65,"Cifras Revisadas"
"Registro Administrativo de la Industria Automotriz de Vehículos Ligeros. Venta de vehículos ","Nacional",2026,"06","Great Wall Motor","POER","Camiones ligeros","Pick Ups","IMPORTADO",43,189,"Cifras Revisadas"
"Registro Administrativo de la Industria Automotriz de Vehículos Ligeros. Venta de vehículos ","Nacional",2026,"06","Great Wall Motor","TANK 300","Camiones ligeros","SUV's","IMPORTADO",43,59,"Cifras Revisadas"
"Registro Administrativo de la Industria Automotriz de Vehículos Ligeros. Venta de vehículos ","Nacional",2026,"06","Great Wall Motor","TANK 500","Camiones ligeros","SUV's","IMPORTADO",43,13,"Cifras Revisadas"
"Registro Administrativo de la Industria Automotriz de Vehículos Ligeros. Venta de vehículos ","Nacional",2026,"06","Honda","Accord-","Automóviles","De Lujo","IMPORTADO",66,22,"Cifras Revisadas"
"Registro Administrativo de la Industria Automotriz de Vehículos Ligeros. Venta de vehículos ","Nacional",2026,"06","Honda","BR-V","Camiones ligeros","SUV's","IMPORTADO",214,579,"Cifras Revisadas"
"Registro Administrativo de la Industria Automotriz de Vehículos Ligeros. Venta de vehículos ","Nacional",2026,"06","Honda","Civic","Automóviles","Compactos","IMPORTADO",66,139,"Cifras Revisadas"
"Registro Administrativo de la Industria Automotriz de Vehículos Ligeros. Venta de vehículos ","Nacional",2026,"06","Honda","CR-V","Camiones ligeros","SUV's","IMPORTADO",66,773,"Cifras Revisadas"
"Registro Administrativo de la Industria Automotriz de Vehículos Ligeros. Venta de vehículos ","Nacional",2026,"06","Honda","Honda City","Automóviles","Compactos","IMPORTADO",31,772,"Cifras Revisadas"
"Registro Administrativo de la Industria Automotriz de Vehículos Ligeros. Venta de vehículos ","Nacional",2026,"06","Honda","Honda Pilot","Camiones ligeros","SUV's","IMPORTADO",66,104,"Cifras Revisadas"
"Registro Administrativo de la Industria Automotriz de Vehículos Ligeros. Venta de vehículos ","Nacional",2026,"06","Honda","HR-V-","Camiones ligeros","SUV's","NACIONAL",1,527,"Cifras Revisadas"
"Registro Administrativo de la Industria Automotriz de Vehículos Ligeros. Venta de vehículos ","Nacional",2026,"06","Honda","Odyssey","Camiones ligeros","Minivans","IMPORTADO",40,69,"Cifras Revisadas"
"Registro Administrativo de la Industria Automotriz de Vehículos Ligeros. Venta de vehículos ","Nacional",2026,"06","Honda","Prelude","Automóviles","Deportivos","IMPORTADO",126,6,"Cifras Revisadas"
"Registro Administrativo de la Industria Automotriz de Vehículos Ligeros. Venta de vehículos ","Nacional",2026,"06","Hyundai","Accent Hatchback","Automóviles","Subcompactos","NACIONAL",1,0,"Cifras Revisadas"
"Registro Administrativo de la Industria Automotriz de Vehículos Ligeros. Venta de vehículos ","Nacional",2026,"06","Hyundai","Accent Sedan","Automóviles","Subcompactos","NACIONAL",1,0,"Cifras Revisadas"
"Registro Administrativo de la Industria Automotriz de Vehículos Ligeros. Venta de vehículos ","Nacional",2026,"06","Hyundai","Creta","Camiones ligeros","SUV's","IMPORTADO",95,2415,"Cifras Revisadas"
"Registro Administrativo de la Industria Automotriz de Vehículos Ligeros. Venta de vehículos ","Nacional",2026,"06","Hyundai","Elantra","Automóviles","Compactos","IMPORTADO",66,158,"Cifras Revisadas"
"Registro Administrativo de la Industria Automotriz de Vehículos Ligeros. Venta de vehículos ","Nacional",2026,"06","Hyundai","Genesis","Automóviles","De Lujo","IMPORTADO",48,0,"Cifras Revisadas"
"Registro Administrativo de la Industria Automotriz de Vehículos Ligeros. Venta de vehículos ","Nacional",2026,"06","Hyundai","Grand I10","Automóviles","Subcompactos","IMPORTADO",95,1001,"Cifras Revisadas"
"Registro Administrativo de la Industria Automotriz de Vehículos Ligeros. Venta de vehículos ","Nacional",2026,"06","Hyundai","Grand I10 Sedán","Automóviles","Subcompactos","IMPORTADO",95,748,"Cifras Revisadas"
"Registro Administrativo de la Industria Automotriz de Vehículos Ligeros. Venta de vehículos ","Nacional",2026,"06","Hyundai","HB20 HATCHBACK","Automóviles","Compactos","IMPORTADO",31,20,"Cifras Revisadas"
"Registro Administrativo de la Industria Automotriz de Vehículos Ligeros. Venta de vehículos ","Nacional",2026,"06","Hyundai","HB20 SEDAN","Automóviles","Compactos","IMPORTADO",31,44,"Cifras Revisadas"
"Registro Administrativo de la Industria Automotriz de Vehículos Ligeros. Venta de vehículos ","Nacional",2026,"06","Hyundai","Ioniq","Automóviles","Compactos","IMPORTADO",48,0,"Cifras Revisadas"
"Registro Administrativo de la Industria Automotriz de Vehículos Ligeros. Venta de vehículos ","Nacional",2026,"06","Hyundai","Ioniq 5","Automóviles","Compactos","IMPORTADO",48,0,"Cifras Revisadas"
"Registro Administrativo de la Industria Automotriz de Vehículos Ligeros. Venta de vehículos ","Nacional",2026,"06","Hyundai","IX35","Camiones ligeros","SUV's","IMPORTADO",184,0,"Cifras Revisadas"
"Registro Administrativo de la Industria Automotriz de Vehículos Ligeros. Venta de vehículos ","Nacional",2026,"06","Hyundai","Palisade","Camiones ligeros","SUV's","IMPORTADO",48,92,"Cifras Revisadas"
"Registro Administrativo de la Industria Automotriz de Vehículos Ligeros. Venta de vehículos ","Nacional",2026,"06","Hyundai","Santa Fe","Camiones ligeros","SUV's","IMPORTADO",66,142,"Cifras Revisadas"
"Registro Administrativo de la Industria Automotriz de Vehículos Ligeros. Venta de vehículos ","Nacional",2026,"06","Hyundai","Santa FE 7 P","Camiones ligeros","SUV's","IMPORTADO",48,0,"Cifras Revisadas"
"Registro Administrativo de la Industria Automotriz de Vehículos Ligeros. Venta de vehículos ","Nacional",2026,"06","Hyundai","Sonata","Automóviles","Compactos","IMPORTADO",66,0,"Cifras Revisadas"
"Registro Administrativo de la Industria Automotriz de Vehículos Ligeros. Venta de vehículos ","Nacional",2026,"06","Hyundai","Starex","Camiones ligeros","Minivans","IMPORTADO",48,0,"Cifras Revisadas"
"Registro Administrativo de la Industria Automotriz de Vehículos Ligeros. Venta de vehículos ","Nacional",2026,"06","Hyundai","Tucson","Camiones ligeros","SUV's","IMPORTADO",184,360,"Cifras Revisadas"
"Registro Administrativo de la Industria Automotriz de Vehículos Ligeros. Venta de vehículos ","Nacional",2026,"06","Hyundai","Veloster","Automóviles","Deportivos","IMPORTADO",48,0,"Cifras Revisadas"
"Registro Administrativo de la Industria Automotriz de Vehículos Ligeros. Venta de vehículos ","Nacional",2026,"06","Infiniti","Infiniti","Automóviles","De Lujo","IMPORTADO",126,0,"Cifras Revisadas"
"Registro Administrativo de la Industria Automotriz de Vehículos Ligeros. Venta de vehículos ","Nacional",2026,"06","Infiniti","QX30","Automóviles","De Lujo","IMPORTADO",181,0,"Cifras Revisadas"
"Registro Administrativo de la Industria Automotriz de Vehículos Ligeros. Venta de vehículos ","Nacional",2026,"06","Infiniti","QX50","Camiones ligeros","SUV's","NACIONAL",1,14,"Cifras Revisadas"
"Registro Administrativo de la Industria Automotriz de Vehículos Ligeros. Venta de vehículos ","Nacional",2026,"06","Infiniti","QX55","Camiones ligeros","SUV's","NACIONAL",1,7,"Cifras Revisadas"
"Registro Administrativo de la Industria Automotriz de Vehículos Ligeros. Venta de vehículos ","Nacional",2026,"06","Infiniti","QX60","Camiones ligeros","SUV's","IMPORTADO",126,50,"Cifras Revisadas"
"Registro Administrativo de la Industria Automotriz de Vehículos Ligeros. Venta de vehículos ","Nacional",2026,"06","Infiniti","QX70","Camiones ligeros","SUV's","IMPORTADO",126,0,"Cifras Revisadas"
"Registro Administrativo de la Industria Automotriz de Vehículos Ligeros. Venta de vehículos ","Nacional",2026,"06","Infiniti","QX80","Camiones ligeros","SUV's","IMPORTADO",126,19,"Cifras Revisadas"
"Registro Administrativo de la Industria Automotriz de Vehículos Ligeros. Venta de vehículos ","Nacional",2026,"06","Infiniti","Q50","Automóviles","De Lujo","IMPORTADO",126,0,"Cifras Revisadas"
"Registro Administrativo de la Industria Automotriz de Vehículos Ligeros. Venta de vehículos ","Nacional",2026,"06","Infiniti","Q60","Automóviles","De Lujo","IMPORTADO",126,0,"Cifras Revisadas"
"Registro Administrativo de la Industria Automotriz de Vehículos Ligeros. Venta de vehículos ","Nacional",2026,"06","Infiniti","Q70","Automóviles","De Lujo","IMPORTADO",126,0,"Cifras Revisadas"
"Registro Administrativo de la Industria Automotriz de Vehículos Ligeros. Venta de vehículos ","Nacional",2026,"06","Isuzu","ELF 200","Camiones ligeros","Pick Ups","IMPORTADO",126,27,"Cifras Revisadas"
"Registro Administrativo de la Industria Automotriz de Vehículos Ligeros. Venta de vehículos ","Nacional",2026,"06","Isuzu","ELF 300","Camiones ligeros","Pick Ups","IMPORTADO",126,54,"Cifras Revisadas"
"Registro Administrativo de la Industria Automotriz de Vehículos Ligeros. Venta de vehículos ","Nacional",2026,"06","Isuzu","ELF 350","Camiones ligeros","Pick Ups","IMPORTADO",126,21,"Cifras Revisadas"
"Registro Administrativo de la Industria Automotriz de Vehículos Ligeros. Venta de vehículos ","Nacional",2026,"06","Isuzu","ELF100","Camiones ligeros","Pick Ups","IMPORTADO",126,21,"Cifras Revisadas"
"Registro Administrativo de la Industria Automotriz de Vehículos Ligeros. Venta de vehículos ","Nacional",2026,"06","JAC","E 10X","Automóviles","Compactos","NACIONAL",1,24,"Cifras Revisadas"
"Registro Administrativo de la Industria Automotriz de Vehículos Ligeros. Venta de vehículos ","Nacional",2026,"06","JAC","E 30x","Automóviles","Subcompactos","NACIONAL",1,9,"Cifras Revisadas"
"Registro Administrativo de la Industria Automotriz de Vehículos Ligeros. Venta de vehículos ","Nacional",2026,"06","JAC","EX450","Camiones ligeros","Pick Ups","NACIONAL",1,1,"Cifras Revisadas"
"Registro Administrativo de la Industria Automotriz de Vehículos Ligeros. Venta de vehículos ","Nacional",2026,"06","JAC","Frison","Camiones ligeros","Pick Ups","NACIONAL",1,768,"Cifras Revisadas"
"Registro Administrativo de la Industria Automotriz de Vehículos Ligeros. Venta de vehículos ","Nacional",2026,"06","JAC","JAC2","Camiones ligeros","SUV's","NACIONAL",1,71,"Cifras Revisadas"
"Registro Administrativo de la Industria Automotriz de Vehículos Ligeros. Venta de vehículos ","Nacional",2026,"06","JAC","JAC4","Camiones ligeros","SUV's","NACIONAL",1,284,"Cifras Revisadas"
"Registro Administrativo de la Industria Automotriz de Vehículos Ligeros. Venta de vehículos ","Nacional",2026,"06","JAC","JAC6","Camiones ligeros","SUV's","NACIONAL",1,89,"Cifras Revisadas"
"Registro Administrativo de la Industria Automotriz de Vehículos Ligeros. Venta de vehículos ","Nacional",2026,"06","JAC","JAC8","Camiones ligeros","SUV's","NACIONAL",1,185,"Cifras Revisadas"
"Registro Administrativo de la Industria Automotriz de Vehículos Ligeros. Venta de vehículos ","Nacional",2026,"06","JAC","Sei2","Camiones ligeros","SUV's","NACIONAL",1,32,"Cifras Revisadas"
"Registro Administrativo de la Industria Automotriz de Vehículos Ligeros. Venta de vehículos ","Nacional",2026,"06","JAC","SEI7 PRO","Camiones ligeros","SUV's","NACIONAL",1,2,"Cifras Revisadas"
"Registro Administrativo de la Industria Automotriz de Vehículos Ligeros. Venta de vehículos ","Nacional",2026,"06","JAC","SUNRAY","Camiones ligeros","Minivans","NACIONAL",1,218,"Cifras Revisadas"
"Registro Administrativo de la Industria Automotriz de Vehículos Ligeros. Venta de vehículos ","Nacional",2026,"06","JAC","Sunray City","Camiones ligeros","Minivans","NACIONAL",1,91,"Cifras Revisadas"
"Registro Administrativo de la Industria Automotriz de Vehículos Ligeros. Venta de vehículos ","Nacional",2026,"06","JAC","Traveler","Automóviles","Compactos","NACIONAL",1,123,"Cifras Revisadas"
"Registro Administrativo de la Industria Automotriz de Vehículos Ligeros. Venta de vehículos ","Nacional",2026,"06","JAC","X 200","Camiones ligeros","Pick Ups","NACIONAL",1,20,"Cifras Revisadas"
"Registro Administrativo de la Industria Automotriz de Vehículos Ligeros. Venta de vehículos ","Nacional",2026,"06","JAC","X350","Camiones ligeros","Pick Ups","NACIONAL",1,84,"Cifras Revisadas"
"Registro Administrativo de la Industria Automotriz de Vehículos Ligeros. Venta de vehículos ","Nacional",2026,"06","Jaguar","E-Pace","Automóviles","De Lujo","IMPORTADO",181,0,"Cifras Revisadas"
"Registro Administrativo de la Industria Automotriz de Vehículos Ligeros. Venta de vehículos ","Nacional",2026,"06","Jaguar","F-Pace","Automóviles","De Lujo","IMPORTADO",181,0,"Cifras Revisadas"
"Registro Administrativo de la Industria Automotriz de Vehículos Ligeros. Venta de vehículos ","Nacional",2026,"06","Jaguar","F-Type","Automóviles","Deportivos","IMPORTADO",181,0,"Cifras Revisadas"
"Registro Administrativo de la Industria Automotriz de Vehículos Ligeros. Venta de vehículos ","Nacional",2026,"06","Jaguar","I-Pace","Automóviles","De Lujo","IMPORTADO",181,0,"Cifras Revisadas"
"Registro Administrativo de la Industria Automotriz de Vehículos Ligeros. Venta de vehículos ","Nacional",2026,"06","Jaguar","XE","Automóviles","De Lujo","IMPORTADO",181,0,"Cifras Revisadas"
"Registro Administrativo de la Industria Automotriz de Vehículos Ligeros. Venta de vehículos ","Nacional",2026,"06","Jaguar","XF","Automóviles","De Lujo","IMPORTADO",181,0,"Cifras Revisadas"
"Registro Administrativo de la Industria Automotriz de Vehículos Ligeros. Venta de vehículos ","Nacional",2026,"06","Jaguar","XJ","Automóviles","De Lujo","IMPORTADO",181,0,"Cifras Revisadas"
"Registro Administrativo de la Industria Automotriz de Vehículos Ligeros. Venta de vehículos ","Nacional",2026,"06","Jetour Soueast","Dashing","Camiones ligeros","SUV's","IMPORTADO",43,73,"Cifras Revisadas"
"Registro Administrativo de la Industria Automotriz de Vehículos Ligeros. Venta de vehículos ","Nacional",2026,"06","Jetour Soueast","G700 PHEV","Camiones ligeros","SUV's","IMPORTADO",43,55,"Cifras Revisadas"
"Registro Administrativo de la Industria Automotriz de Vehículos Ligeros. Venta de vehículos ","Nacional",2026,"06","Jetour Soueast","S06 i-DM","Camiones ligeros","SUV's","IMPORTADO",43,33,"Cifras Revisadas"
"Registro Administrativo de la Industria Automotriz de Vehículos Ligeros. Venta de vehículos ","Nacional",2026,"06","Jetour Soueast","S07","Camiones ligeros","SUV's","IMPORTADO",43,9,"Cifras Revisadas"
"Registro Administrativo de la Industria Automotriz de Vehículos Ligeros. Venta de vehículos ","Nacional",2026,"06","Jetour Soueast","S08 i-DM","Camiones ligeros","SUV's","IMPORTADO",43,19,"Cifras Revisadas"
"Registro Administrativo de la Industria Automotriz de Vehículos Ligeros. Venta de vehículos ","Nacional",2026,"06","Jetour Soueast","S09","Camiones ligeros","SUV's","IMPORTADO",43,22,"Cifras Revisadas"
"Registro Administrativo de la Industria Automotriz de Vehículos Ligeros. Venta de vehículos ","Nacional",2026,"06","Jetour Soueast","T1","Camiones ligeros","SUV's","IMPORTADO",43,42,"Cifras Revisadas"
"Registro Administrativo de la Industria Automotriz de Vehículos Ligeros. Venta de vehículos ","Nacional",2026,"06","Jetour Soueast","T1 i-DM","Camiones ligeros","SUV's","IMPORTADO",43,93,"Cifras Revisadas"
"Registro Administrativo de la Industria Automotriz de Vehículos Ligeros. Venta de vehículos ","Nacional",2026,"06","Jetour Soueast","T2","Camiones ligeros","SUV's","IMPORTADO",43,63,"Cifras Revisadas"
"Registro Administrativo de la Industria Automotriz de Vehículos Ligeros. Venta de vehículos ","Nacional",2026,"06","Jetour Soueast","T2 i-DM","Camiones ligeros","SUV's","IMPORTADO",43,142,"Cifras Revisadas"
"Registro Administrativo de la Industria Automotriz de Vehículos Ligeros. Venta de vehículos ","Nacional",2026,"06","Jetour Soueast","X70","Camiones ligeros","SUV's","IMPORTADO",43,8,"Cifras Revisadas"
"Registro Administrativo de la Industria Automotriz de Vehículos Ligeros. Venta de vehículos ","Nacional",2026,"06","Jetour Soueast","X70 Plus","Camiones ligeros","SUV's","IMPORTADO",43,8,"Cifras Revisadas"
"Registro Administrativo de la Industria Automotriz de Vehículos Ligeros. Venta de vehículos ","Nacional",2026,"06","KIA","KIA K3 Hatchback","Automóviles","Subcompactos","NACIONAL",1,724,"Cifras Revisadas"
"Registro Administrativo de la Industria Automotriz de Vehículos Ligeros. Venta de vehículos ","Nacional",2026,"06","KIA","KIA K3 Sedán","Automóviles","Subcompactos","NACIONAL",1,4849,"Cifras Revisadas"
"Registro Administrativo de la Industria Automotriz de Vehículos Ligeros. Venta de vehículos ","Nacional",2026,"06","KIA","KIA Niro","Camiones ligeros","SUV's","IMPORTADO",48,77,"Cifras Revisadas"
"Registro Administrativo de la Industria Automotriz de Vehículos Ligeros. Venta de vehículos ","Nacional",2026,"06","KIA","K4 Hatchback","Automóviles","Compactos","NACIONAL",1,141,"Cifras Revisadas"
"Registro Administrativo de la Industria Automotriz de Vehículos Ligeros. Venta de vehículos ","Nacional",2026,"06","KIA","K4 Sedán","Automóviles","Compactos","NACIONAL",1,991,"Cifras Revisadas"
"Registro Administrativo de la Industria Automotriz de Vehículos Ligeros. Venta de vehículos ","Nacional",2026,"06","KIA","Seltos-","Camiones ligeros","SUV's","IMPORTADO",43,1068,"Cifras Revisadas"
"Registro Administrativo de la Industria Automotriz de Vehículos Ligeros. Venta de vehículos ","Nacional",2026,"06","KIA","Sonet","Camiones ligeros","SUV's","IMPORTADO",43,711,"Cifras Revisadas"
"Registro Administrativo de la Industria Automotriz de Vehículos Ligeros. Venta de vehículos ","Nacional",2026,"06","KIA","Sorento","Camiones ligeros","SUV's","IMPORTADO",66,126,"Cifras Revisadas"
"Registro Administrativo de la Industria Automotriz de Vehículos Ligeros. Venta de vehículos ","Nacional",2026,"06","KIA","SPORTAGE","Camiones ligeros","SUV's","IMPORTADO",48,431,"Cifras Revisadas"
"Registro Administrativo de la Industria Automotriz de Vehículos Ligeros. Venta de vehículos ","Nacional",2026,"06","KIA","Sportage HEV","Camiones ligeros","SUV's","IMPORTADO",48,373,"Cifras Revisadas"
"Registro Administrativo de la Industria Automotriz de Vehículos Ligeros. Venta de vehículos ","Nacional",2026,"06","KIA","Telluride","Camiones ligeros","SUV's","IMPORTADO",66,15,"Cifras Revisadas"
"Registro Administrativo de la Industria Automotriz de Vehículos Ligeros. Venta de vehículos ","Nacional",2026,"06","Land Rover","Defender","Camiones ligeros","SUV's","IMPORTADO",181,26,"Cifras Revisadas"
"Registro Administrativo de la Industria Automotriz de Vehículos Ligeros. Venta de vehículos ","Nacional",2026,"06","Land Rover","Discovery","Automóviles","De Lujo","IMPORTADO",181,0,"Cifras Revisadas"
"Registro Administrativo de la Industria Automotriz de Vehículos Ligeros. Venta de vehículos ","Nacional",2026,"06","Land Rover","Discovery Sport","Automóviles","De Lujo","IMPORTADO",181,4,"Cifras Revisadas"
"Registro Administrativo de la Industria Automotriz de Vehículos Ligeros. Venta de vehículos ","Nacional",2026,"06","Land Rover","Range Rover","Automóviles","De Lujo","IMPORTADO",181,13,"Cifras Revisadas"
"Registro Administrativo de la Industria Automotriz de Vehículos Ligeros. Venta de vehículos ","Nacional",2026,"06","Land Rover","Range Rover Evoque","Automóviles","De Lujo","IMPORTADO",181,26,"Cifras Revisadas"
"Registro Administrativo de la Industria Automotriz de Vehículos Ligeros. Venta de vehículos ","Nacional",2026,"06","Land Rover","Range Rover Sport","Camiones ligeros","SUV's","IMPORTADO",181,64,"Cifras Revisadas"
"Registro Administrativo de la Industria Automotriz de Vehículos Ligeros. Venta de vehículos ","Nacional",2026,"06","Land Rover","Range Rover Velar","Automóviles","De Lujo","IMPORTADO",181,12,"Cifras Revisadas"
"Registro Administrativo de la Industria Automotriz de Vehículos Ligeros. Venta de vehículos ","Nacional",2026,"06","Leapmotor","B10","Camiones ligeros","SUV's","IMPORTADO",43,504,"Cifras Revisadas"
"Registro Administrativo de la Industria Automotriz de Vehículos Ligeros. Venta de vehículos ","Nacional",2026,"06","Lexus","ES","Automóviles","De Lujo","IMPORTADO",66,0,"Cifras Revisadas"
"Registro Administrativo de la Industria Automotriz de Vehículos Ligeros. Venta de vehículos ","Nacional",2026,"06","Lexus","GX","Camiones ligeros","SUV's","IMPORTADO",126,61,"Cifras Revisadas"
"Registro Administrativo de la Industria Automotriz de Vehículos Ligeros. Venta de vehículos ","Nacional",2026,"06","Lexus","IS","Automóviles","De Lujo","IMPORTADO",126,10,"Cifras Revisadas"
"Registro Administrativo de la Industria Automotriz de Vehículos Ligeros. Venta de vehículos ","Nacional",2026,"06","Lexus","LC","Automóviles","De Lujo","IMPORTADO",126,1,"Cifras Revisadas"
"Registro Administrativo de la Industria Automotriz de Vehículos Ligeros. Venta de vehículos ","Nacional",2026,"06","Lexus","LS","Automóviles","De Lujo","IMPORTADO",126,0,"Cifras Revisadas"
"Registro Administrativo de la Industria Automotriz de Vehículos Ligeros. Venta de vehículos ","Nacional",2026,"06","Lexus","LX","Camiones ligeros","SUV's","IMPORTADO",126,13,"Cifras Revisadas"
"Registro Administrativo de la Industria Automotriz de Vehículos Ligeros. Venta de vehículos ","Nacional",2026,"06","Lexus","NX","Camiones ligeros","SUV's","IMPORTADO",40,69,"Cifras Revisadas"
"Registro Administrativo de la Industria Automotriz de Vehículos Ligeros. Venta de vehículos ","Nacional",2026,"06","Lexus","RX","Camiones ligeros","SUV's","IMPORTADO",40,31,"Cifras Revisadas"
"Registro Administrativo de la Industria Automotriz de Vehículos Ligeros. Venta de vehículos ","Nacional",2026,"06","Lexus","TX","Camiones ligeros","SUV's","IMPORTADO",66,20,"Cifras Revisadas"
"Registro Administrativo de la Industria Automotriz de Vehículos Ligeros. Venta de vehículos ","Nacional",2026,"06","Lexus","UX","Camiones ligeros","SUV's","IMPORTADO",126,15,"Cifras Revisadas"
"Registro Administrativo de la Industria Automotriz de Vehículos Ligeros. Venta de vehículos ","Nacional",2026,"06","Lincoln","AVIATOR","Camiones ligeros","SUV's","IMPORTADO",66,14,"Cifras Revisadas"
"Registro Administrativo de la Industria Automotriz de Vehículos Ligeros. Venta de vehículos ","Nacional",2026,"06","Lincoln","Corsair","Camiones ligeros","SUV's","IMPORTADO",40,22,"Cifras Revisadas"
"Registro Administrativo de la Industria Automotriz de Vehículos Ligeros. Venta de vehículos ","Nacional",2026,"06","Lincoln","NAUTILUS","Automóviles","De Lujo","IMPORTADO",66,69,"Cifras Revisadas"
"Registro Administrativo de la Industria Automotriz de Vehículos Ligeros. Venta de vehículos ","Nacional",2026,"06","Lincoln","Navigator","Camiones ligeros","Minivans","IMPORTADO",66,26,"Cifras Revisadas"
"Registro Administrativo de la Industria Automotriz de Vehículos Ligeros. Venta de vehículos ","Nacional",2026,"06","Lynk&Co","01","Automóviles","De Lujo","IMPORTADO",43,32,"Cifras Revisadas"
"Registro Administrativo de la Industria Automotriz de Vehículos Ligeros. Venta de vehículos ","Nacional",2026,"06","Lynk&Co","02","Automóviles","De Lujo","IMPORTADO",43,33,"Cifras Revisadas"
"Registro Administrativo de la Industria Automotriz de Vehículos Ligeros. Venta de vehículos ","Nacional",2026,"06","Lynk&Co","08","Automóviles","De Lujo","IMPORTADO",43,93,"Cifras Revisadas"
"Registro Administrativo de la Industria Automotriz de Vehículos Ligeros. Venta de vehículos ","Nacional",2026,"06","Lynk&Co","09","Automóviles","De Lujo","IMPORTADO",43,10,"Cifras Revisadas"
"Registro Administrativo de la Industria Automotriz de Vehículos Ligeros. Venta de vehículos ","Nacional",2026,"06","Mazda","BT-50","Camiones ligeros","Pick Ups","IMPORTADO",214,142,"Cifras Revisadas"
"Registro Administrativo de la Industria Automotriz de Vehículos Ligeros. Venta de vehículos ","Nacional",2026,"06","Mazda","CX-3","Camiones ligeros","SUV's","IMPORTADO",126,0,"Cifras Revisadas"
"Registro Administrativo de la Industria Automotriz de Vehículos Ligeros. Venta de vehículos ","Nacional",2026,"06","Mazda","CX-3","Camiones ligeros","SUV's","NACIONAL",1,775,"Cifras Revisadas"
"Registro Administrativo de la Industria Automotriz de Vehículos Ligeros. Venta de vehículos ","Nacional",2026,"06","Mazda","CX-30","Camiones ligeros","SUV's","NACIONAL",1,2305,"Cifras Revisadas"
"Registro Administrativo de la Industria Automotriz de Vehículos Ligeros. Venta de vehículos ","Nacional",2026,"06","Mazda","CX-5","Camiones ligeros","SUV's","IMPORTADO",126,1309,"Cifras Revisadas"
"Registro Administrativo de la Industria Automotriz de Vehículos Ligeros. Venta de vehículos ","Nacional",2026,"06","Mazda","CX-50","Camiones ligeros","SUV's","IMPORTADO",66,246,"Cifras Revisadas"
"Registro Administrativo de la Industria Automotriz de Vehículos Ligeros. Venta de vehículos ","Nacional",2026,"06","Mazda","Cx-7","Camiones ligeros","SUV's","IMPORTADO",126,0,"Cifras Revisadas"
"Registro Administrativo de la Industria Automotriz de Vehículos Ligeros. Venta de vehículos ","Nacional",2026,"06","Mazda","CX-70","Camiones ligeros","SUV's","IMPORTADO",126,56,"Cifras Revisadas"
"Registro Administrativo de la Industria Automotriz de Vehículos Ligeros. Venta de vehículos ","Nacional",2026,"06","Mazda","CX-9","Camiones ligeros","SUV's","IMPORTADO",126,0,"Cifras Revisadas"
"Registro Administrativo de la Industria Automotriz de Vehículos Ligeros. Venta de vehículos ","Nacional",2026,"06","Mazda","CX-90","Camiones ligeros","SUV's","IMPORTADO",126,213,"Cifras Revisadas"
"Registro Administrativo de la Industria Automotriz de Vehículos Ligeros. Venta de vehículos ","Nacional",2026,"06","Mazda","Mazda 2","Automóviles","Subcompactos","IMPORTADO",126,0,"Cifras Revisadas"
"Registro Administrativo de la Industria Automotriz de Vehículos Ligeros. Venta de vehículos ","Nacional",2026,"06","Mazda","Mazda 2 Hatchback","Automóviles","Subcompactos","NACIONAL",1,439,"Cifras Revisadas"
"Registro Administrativo de la Industria Automotriz de Vehículos Ligeros. Venta de vehículos ","Nacional",2026,"06","Mazda","Mazda 2 Sedán","Automóviles","Subcompactos","NACIONAL",1,2081,"Cifras Revisadas"
"Registro Administrativo de la Industria Automotriz de Vehículos Ligeros. Venta de vehículos ","Nacional",2026,"06","Mazda","Mazda 3 Hatchback","Automóviles","Compactos","IMPORTADO",126,342,"Cifras Revisadas"
"Registro Administrativo de la Industria Automotriz de Vehículos Ligeros. Venta de vehículos ","Nacional",2026,"06","Mazda","Mazda 3 Hatchback","Automóviles","Compactos","NACIONAL",1,0,"Cifras Revisadas"
"Registro Administrativo de la Industria Automotriz de Vehículos Ligeros. Venta de vehículos ","Nacional",2026,"06","Mazda","Mazda 3 Sedán","Automóviles","Compactos","IMPORTADO",126,0,"Cifras Revisadas"
"Registro Administrativo de la Industria Automotriz de Vehículos Ligeros. Venta de vehículos ","Nacional",2026,"06","Mazda","Mazda 3 Sedán-","Automóviles","Compactos","NACIONAL",1,1331,"Cifras Revisadas"
"Registro Administrativo de la Industria Automotriz de Vehículos Ligeros. Venta de vehículos ","Nacional",2026,"06","Mazda","Mazda 5","Automóviles","Compactos","IMPORTADO",126,0,"Cifras Revisadas"
"Registro Administrativo de la Industria Automotriz de Vehículos Ligeros. Venta de vehículos ","Nacional",2026,"06","Mazda","Mazda 6","Automóviles","De Lujo","IMPORTADO",126,0,"Cifras Revisadas"
"Registro Administrativo de la Industria Automotriz de Vehículos Ligeros. Venta de vehículos ","Nacional",2026,"06","Mazda","Mx-5","Automóviles","Deportivos","IMPORTADO",126,89,"Cifras Revisadas"
"Registro Administrativo de la Industria Automotriz de Vehículos Ligeros. Venta de vehículos ","Nacional",2026,"06","Mercedes Benz","AMG GT","Automóviles","De Lujo","IMPORTADO",4,12,"Cifras Revisadas"
"Registro Administrativo de la Industria Automotriz de Vehículos Ligeros. Venta de vehículos ","Nacional",2026,"06","Mercedes Benz","CLA","Automóviles","De Lujo","IMPORTADO",94,50,"Cifras Revisadas"
"Registro Administrativo de la Industria Automotriz de Vehículos Ligeros. Venta de vehículos ","Nacional",2026,"06","Mercedes Benz","Clase A hatchback","Automóviles","De Lujo","IMPORTADO",4,17,"Cifras Revisadas"
"Registro Administrativo de la Industria Automotriz de Vehículos Ligeros. Venta de vehículos ","Nacional",2026,"06","Mercedes Benz","Clase A Sedan","Automóviles","De Lujo","IMPORTADO",4,10,"Cifras Revisadas"
"Registro Administrativo de la Industria Automotriz de Vehículos Ligeros. Venta de vehículos ","Nacional",2026,"06","Mercedes Benz","Clase C coupe","Automóviles","De Lujo","IMPORTADO",4,0,"Cifras Revisadas"
"Registro Administrativo de la Industria Automotriz de Vehículos Ligeros. Venta de vehículos ","Nacional",2026,"06","Mercedes Benz","Clase C Sedan","Automóviles","De Lujo","IMPORTADO",4,35,"Cifras Revisadas"
"Registro Administrativo de la Industria Automotriz de Vehículos Ligeros. Venta de vehículos ","Nacional",2026,"06","Mercedes Benz","Clase E coupe","Automóviles","De Lujo","IMPORTADO",4,0,"Cifras Revisadas"
"Registro Administrativo de la Industria Automotriz de Vehículos Ligeros. Venta de vehículos ","Nacional",2026,"06","Mercedes Benz","Clase E sedan","Automóviles","De Lujo","IMPORTADO",4,17,"Cifras Revisadas"
"Registro Administrativo de la Industria Automotriz de Vehículos Ligeros. Venta de vehículos ","Nacional",2026,"06","Mercedes Benz","Clase G","Camiones ligeros","SUV's","IMPORTADO",17,25,"Cifras Revisadas"
"Registro Administrativo de la Industria Automotriz de Vehículos Ligeros. Venta de vehículos ","Nacional",2026,"06","Mercedes Benz","Clase GLE","Camiones ligeros","SUV's","IMPORTADO",66,105,"Cifras Revisadas"
"Registro Administrativo de la Industria Automotriz de Vehículos Ligeros. Venta de vehículos ","Nacional",2026,"06","Mercedes Benz","Clase GLS","Camiones ligeros","SUV's","IMPORTADO",66,13,"Cifras Revisadas"
"Registro Administrativo de la Industria Automotriz de Vehículos Ligeros. Venta de vehículos ","Nacional",2026,"06","Mercedes Benz","Clase S coupe","Automóviles","De Lujo","IMPORTADO",4,0,"Cifras Revisadas"
"Registro Administrativo de la Industria Automotriz de Vehículos Ligeros. Venta de vehículos ","Nacional",2026,"06","Mercedes Benz","Clase S sedan","Automóviles","De Lujo","IMPORTADO",4,2,"Cifras Revisadas"
"Registro Administrativo de la Industria Automotriz de Vehículos Ligeros. Venta de vehículos ","Nacional",2026,"06","Mercedes Benz","Clase SL","Automóviles","De Lujo","IMPORTADO",4,5,"Cifras Revisadas"
"Registro Administrativo de la Industria Automotriz de Vehículos Ligeros. Venta de vehículos ","Nacional",2026,"06","Mercedes Benz","Clase V","Camiones ligeros","SUV's","IMPORTADO",64,0,"Cifras Revisadas"
"Registro Administrativo de la Industria Automotriz de Vehículos Ligeros. Venta de vehículos ","Nacional",2026,"06","Mercedes Benz","CLE","Automóviles","De Lujo","IMPORTADO",4,11,"Cifras Revisadas"
"Registro Administrativo de la Industria Automotriz de Vehículos Ligeros. Venta de vehículos ","Nacional",2026,"06","Mercedes Benz","CLS","Automóviles","De Lujo","IMPORTADO",4,0,"Cifras Revisadas"
"Registro Administrativo de la Industria Automotriz de Vehículos Ligeros. Venta de vehículos ","Nacional",2026,"06","Mercedes Benz","EQA","Camiones ligeros","SUV's","IMPORTADO",4,18,"Cifras Revisadas"
"Registro Administrativo de la Industria Automotriz de Vehículos Ligeros. Venta de vehículos ","Nacional",2026,"06","Mercedes Benz","EQB","Camiones ligeros","SUV's","IMPORTADO",94,32,"Cifras Revisadas"
"Registro Administrativo de la Industria Automotriz de Vehículos Ligeros. Venta de vehículos ","Nacional",2026,"06","Mercedes Benz","EQC","Camiones ligeros","SUV's","IMPORTADO",4,8,"Cifras Revisadas"
"Registro Administrativo de la Industria Automotriz de Vehículos Ligeros. Venta de vehículos ","Nacional",2026,"06","Mercedes Benz","EQE","Automóviles","De Lujo","IMPORTADO",4,41,"Cifras Revisadas"
"Registro Administrativo de la Industria Automotriz de Vehículos Ligeros. Venta de vehículos ","Nacional",2026,"06","Mercedes Benz","EQE SUV","Camiones ligeros","SUV's","IMPORTADO",66,18,"Cifras Revisadas"
"Registro Administrativo de la Industria Automotriz de Vehículos Ligeros. Venta de vehículos ","Nacional",2026,"06","Mercedes Benz","EQS","Automóviles","De Lujo","IMPORTADO",4,34,"Cifras Revisadas"
"Registro Administrativo de la Industria Automotriz de Vehículos Ligeros. Venta de vehículos ","Nacional",2026,"06","Mercedes Benz","EQS SUV","Camiones ligeros","SUV's","IMPORTADO",66,5,"Cifras Revisadas"
"Registro Administrativo de la Industria Automotriz de Vehículos Ligeros. Venta de vehículos ","Nacional",2026,"06","Mercedes Benz","GLA","Camiones ligeros","SUV's","IMPORTADO",4,16,"Cifras Revisadas"
"Registro Administrativo de la Industria Automotriz de Vehículos Ligeros. Venta de vehículos ","Nacional",2026,"06","Mercedes Benz","GLB","Camiones ligeros","SUV's","NACIONAL",1,83,"Cifras Revisadas"
"Registro Administrativo de la Industria Automotriz de Vehículos Ligeros. Venta de vehículos ","Nacional",2026,"06","Mercedes Benz","GLC","Camiones ligeros","SUV's","IMPORTADO",4,154,"Cifras Revisadas"
"Registro Administrativo de la Industria Automotriz de Vehículos Ligeros. Venta de vehículos ","Nacional",2026,"06","Mercedes Benz","SLC","Automóviles","De Lujo","IMPORTADO",4,0,"Cifras Revisadas"
"Registro Administrativo de la Industria Automotriz de Vehículos Ligeros. Venta de vehículos ","Nacional",2026,"06","Mercedes Benz","Sprinter","Camiones ligeros","SUV's","IMPORTADO",4,315,"Cifras Revisadas"
"Registro Administrativo de la Industria Automotriz de Vehículos Ligeros. Venta de vehículos ","Nacional",2026,"06","Mercedes Benz","Vito","Camiones ligeros","SUV's","IMPORTADO",64,4,"Cifras Revisadas"
"Registro Administrativo de la Industria Automotriz de Vehículos Ligeros. Venta de vehículos ","Nacional",2026,"06","MG Motor","CYBERSTER","Automóviles","Deportivos","IMPORTADO",43,7,"Cifras Revisadas"
"Registro Administrativo de la Industria Automotriz de Vehículos Ligeros. Venta de vehículos ","Nacional",2026,"06","MG Motor","eHS","Camiones ligeros","SUV's","IMPORTADO",43,0,"Cifras Revisadas"
"Registro Administrativo de la Industria Automotriz de Vehículos Ligeros. Venta de vehículos ","Nacional",2026,"06","MG Motor","GT","Automóviles","Compactos","IMPORTADO",43,0,"Cifras Revisadas"
"Registro Administrativo de la Industria Automotriz de Vehículos Ligeros. Venta de vehículos ","Nacional",2026,"06","MG Motor","HS","Camiones ligeros","SUV's","IMPORTADO",43,253,"Cifras Revisadas"
"Registro Administrativo de la Industria Automotriz de Vehículos Ligeros. Venta de vehículos ","Nacional",2026,"06","MG Motor","HS PHEV","Camiones ligeros","SUV's","IMPORTADO",43,87,"Cifras Revisadas"
"Registro Administrativo de la Industria Automotriz de Vehículos Ligeros. Venta de vehículos ","Nacional",2026,"06","MG Motor","HSHEV","Camiones ligeros","SUV's","IMPORTADO",43,99,"Cifras Revisadas"
"Registro Administrativo de la Industria Automotriz de Vehículos Ligeros. Venta de vehículos ","Nacional",2026,"06","MG Motor","IMLS7","Camiones ligeros","SUV's","IMPORTADO",43,10,"Cifras Revisadas"
"Registro Administrativo de la Industria Automotriz de Vehículos Ligeros. Venta de vehículos ","Nacional",2026,"06","MG Motor","MG One","Camiones ligeros","SUV's","IMPORTADO",43,0,"Cifras Revisadas"
"Registro Administrativo de la Industria Automotriz de Vehículos Ligeros. Venta de vehículos ","Nacional",2026,"06","MG Motor","MG3","Automóviles","Subcompactos","IMPORTADO",43,584,"Cifras Revisadas"
"Registro Administrativo de la Industria Automotriz de Vehículos Ligeros. Venta de vehículos ","Nacional",2026,"06","MG Motor","MG3HEV","Automóviles","Subcompactos","IMPORTADO",43,79,"Cifras Revisadas"
"Registro Administrativo de la Industria Automotriz de Vehículos Ligeros. Venta de vehículos ","Nacional",2026,"06","MG Motor","MG4","Automóviles","Subcompactos","IMPORTADO",43,12,"Cifras Revisadas"
"Registro Administrativo de la Industria Automotriz de Vehículos Ligeros. Venta de vehículos ","Nacional",2026,"06","MG Motor","MG5","Automóviles","Compactos","IMPORTADO",43,2582,"Cifras Revisadas"
"Registro Administrativo de la Industria Automotriz de Vehículos Ligeros. Venta de vehículos ","Nacional",2026,"06","MG Motor","MG7","Automóviles","De Lujo","IMPORTADO",43,43,"Cifras Revisadas"
"Registro Administrativo de la Industria Automotriz de Vehículos Ligeros. Venta de vehículos ","Nacional",2026,"06","MG Motor","P9","Camiones ligeros","Pick Ups","IMPORTADO",43,97,"Cifras Revisadas"
"Registro Administrativo de la Industria Automotriz de Vehículos Ligeros. Venta de vehículos ","Nacional",2026,"06","MG Motor","RX5","Camiones ligeros","SUV's","IMPORTADO",43,0,"Cifras Revisadas"
"Registro Administrativo de la Industria Automotriz de Vehículos Ligeros. Venta de vehículos ","Nacional",2026,"06","MG Motor","RX8","Camiones ligeros","SUV's","IMPORTADO",43,1,"Cifras Revisadas"
"Registro Administrativo de la Industria Automotriz de Vehículos Ligeros. Venta de vehículos ","Nacional",2026,"06","MG Motor","RX9","Camiones ligeros","SUV's","IMPORTADO",43,44,"Cifras Revisadas"
"Registro Administrativo de la Industria Automotriz de Vehículos Ligeros. Venta de vehículos ","Nacional",2026,"06","MG Motor","ZS","Camiones ligeros","SUV's","IMPORTADO",43,650,"Cifras Revisadas"
"Registro Administrativo de la Industria Automotriz de Vehículos Ligeros. Venta de vehículos ","Nacional",2026,"06","MG Motor","ZSEV","Camiones ligeros","SUV's","IMPORTADO",43,0,"Cifras Revisadas"
"Registro Administrativo de la Industria Automotriz de Vehículos Ligeros. Venta de vehículos ","Nacional",2026,"06","MG Motor","ZSHEV","Camiones ligeros","SUV's","IMPORTADO",43,325,"Cifras Revisadas"
"Registro Administrativo de la Industria Automotriz de Vehículos Ligeros. Venta de vehículos ","Nacional",2026,"06","Mini","MINI Aceman","Automóviles","De Lujo","IMPORTADO",43,23,"Cifras Revisadas"
"Registro Administrativo de la Industria Automotriz de Vehículos Ligeros. Venta de vehículos ","Nacional",2026,"06","Mini","MINI CONVERTIBLE","Automóviles","De Lujo","IMPORTADO",181,18,"Cifras Revisadas"
"Registro Administrativo de la Industria Automotriz de Vehículos Ligeros. Venta de vehículos ","Nacional",2026,"06","Mini","MINI COUNTRYMAN","Camiones ligeros","SUV's","IMPORTADO",181,48,"Cifras Revisadas"
"Registro Administrativo de la Industria Automotriz de Vehículos Ligeros. Venta de vehículos ","Nacional",2026,"06","Mini","MINI Countryman E","Automóviles","De Lujo","IMPORTADO",4,12,"Cifras Revisadas"
"Registro Administrativo de la Industria Automotriz de Vehículos Ligeros. Venta de vehículos ","Nacional",2026,"06","Mini","MINI E","Automóviles","De Lujo","IMPORTADO",43,16,"Cifras Revisadas"
"Registro Administrativo de la Industria Automotriz de Vehículos Ligeros. Venta de vehículos ","Nacional",2026,"06","Mini","MINI 3 PTAS","Automóviles","De Lujo","IMPORTADO",181,138,"Cifras Revisadas"
"Registro Administrativo de la Industria Automotriz de Vehículos Ligeros. Venta de vehículos ","Nacional",2026,"06","Mini","MINI 5 PTAS","Automóviles","De Lujo","IMPORTADO",181,26,"Cifras Revisadas"
"Registro Administrativo de la Industria Automotriz de Vehículos Ligeros. Venta de vehículos ","Nacional",2026,"06","Mitsubishi","L200","Camiones ligeros","Pick Ups","IMPORTADO",214,1193,"Cifras Revisadas"
"Registro Administrativo de la Industria Automotriz de Vehículos Ligeros. Venta de vehículos ","Nacional",2026,"06","Mitsubishi","Mirage G4","Automóviles","Subcompactos","IMPORTADO",214,104,"Cifras Revisadas"
"Registro Administrativo de la Industria Automotriz de Vehículos Ligeros. Venta de vehículos ","Nacional",2026,"06","Mitsubishi","Montero Sport","Camiones ligeros","SUV's","IMPORTADO",214,4,"Cifras Revisadas"
"Registro Administrativo de la Industria Automotriz de Vehículos Ligeros. Venta de vehículos ","Nacional",2026,"06","Mitsubishi","Outlander","Camiones ligeros","SUV's","IMPORTADO",126,220,"Cifras Revisadas"
"Registro Administrativo de la Industria Automotriz de Vehículos Ligeros. Venta de vehículos ","Nacional",2026,"06","Mitsubishi","Outlander PHEV","Camiones ligeros","SUV's","IMPORTADO",126,49,"Cifras Revisadas"
"Registro Administrativo de la Industria Automotriz de Vehículos Ligeros. Venta de vehículos ","Nacional",2026,"06","Mitsubishi","Outlander Sport","Camiones ligeros","SUV's","IMPORTADO",96,574,"Cifras Revisadas"
"Registro Administrativo de la Industria Automotriz de Vehículos Ligeros. Venta de vehículos ","Nacional",2026,"06","Mitsubishi","Xpander","Camiones ligeros","SUV's","IMPORTADO",96,311,"Cifras Revisadas"
"Registro Administrativo de la Industria Automotriz de Vehículos Ligeros. Venta de vehículos ","Nacional",2026,"06","MOTORNATION","BAIC BJ20","Camiones ligeros","SUV's","NACIONAL",1,0,"Cifras Revisadas"
"Registro Administrativo de la Industria Automotriz de Vehículos Ligeros. Venta de vehículos ","Nacional",2026,"06","MOTORNATION","BAIC BJ40","Camiones ligeros","SUV's","IMPORTADO",43,0,"Cifras Revisadas"
"Registro Administrativo de la Industria Automotriz de Vehículos Ligeros. Venta de vehículos ","Nacional",2026,"06","MOTORNATION","BAIC D20","Automóviles","Subcompactos","NACIONAL",1,0,"Cifras Revisadas"
"Registro Administrativo de la Industria Automotriz de Vehículos Ligeros. Venta de vehículos ","Nacional",2026,"06","MOTORNATION","BAIC EU5","Automóviles","Compactos","IMPORTADO",43,0,"Cifras Revisadas"
"Registro Administrativo de la Industria Automotriz de Vehículos Ligeros. Venta de vehículos ","Nacional",2026,"06","MOTORNATION","BAIC M50S","Camiones ligeros","Minivans","IMPORTADO",43,0,"Cifras Revisadas"
"Registro Administrativo de la Industria Automotriz de Vehículos Ligeros. Venta de vehículos ","Nacional",2026,"06","MOTORNATION","BAIC U5","Automóviles","Compactos","IMPORTADO",43,2,"Cifras Revisadas"
"Registro Administrativo de la Industria Automotriz de Vehículos Ligeros. Venta de vehículos ","Nacional",2026,"06","MOTORNATION","BAIC X25","Automóviles","Subcompactos","NACIONAL",1,0,"Cifras Revisadas"
"Registro Administrativo de la Industria Automotriz de Vehículos Ligeros. Venta de vehículos ","Nacional",2026,"06","MOTORNATION","BAIC X30","Camiones ligeros","SUV's","IMPORTADO",43,0,"Cifras Revisadas"
"Registro Administrativo de la Industria Automotriz de Vehículos Ligeros. Venta de vehículos ","Nacional",2026,"06","MOTORNATION","BAIC X35","Camiones ligeros","SUV's","IMPORTADO",999,1,"Cifras Revisadas"
"Registro Administrativo de la Industria Automotriz de Vehículos Ligeros. Venta de vehículos ","Nacional",2026,"06","MOTORNATION","BAIC X55","Camiones ligeros","SUV's","IMPORTADO",43,0,"Cifras Revisadas"
"Registro Administrativo de la Industria Automotriz de Vehículos Ligeros. Venta de vehículos ","Nacional",2026,"06","MOTORNATION","BAIC X65","Camiones ligeros","SUV's","IMPORTADO",43,0,"Cifras Revisadas"
"Registro Administrativo de la Industria Automotriz de Vehículos Ligeros. Venta de vehículos ","Nacional",2026,"06","MOTORNATION","CHANGAN ALSVIN","Automóviles","Subcompactos","IMPORTADO",43,0,"Cifras Revisadas"
"Registro Administrativo de la Industria Automotriz de Vehículos Ligeros. Venta de vehículos ","Nacional",2026,"06","MOTORNATION","CHANGAN CS35PLUS","Camiones ligeros","SUV's","IMPORTADO",43,0,"Cifras Revisadas"
"Registro Administrativo de la Industria Automotriz de Vehículos Ligeros. Venta de vehículos ","Nacional",2026,"06","MOTORNATION","CHANGAN CS55PLUS","Camiones ligeros","SUV's","IMPORTADO",43,0,"Cifras Revisadas"
"Registro Administrativo de la Industria Automotriz de Vehículos Ligeros. Venta de vehículos ","Nacional",2026,"06","MOTORNATION","CHANGAN CS75PLUS","Camiones ligeros","SUV's","IMPORTADO",43,0,"Cifras Revisadas"
"Registro Administrativo de la Industria Automotriz de Vehículos Ligeros. Venta de vehículos ","Nacional",2026,"06","MOTORNATION","CHANGAN HUNTER","Camiones ligeros","Pick Ups","IMPORTADO",43,0,"Cifras Revisadas"
"Registro Administrativo de la Industria Automotriz de Vehículos Ligeros. Venta de vehículos ","Nacional",2026,"06","MOTORNATION","CHANGAN UNI-K ","Camiones ligeros","SUV's","IMPORTADO",43,1,"Cifras Revisadas"
"Registro Administrativo de la Industria Automotriz de Vehículos Ligeros. Venta de vehículos ","Nacional",2026,"06","MOTORNATION","CHANGAN UNI-T","Camiones ligeros","SUV's","IMPORTADO",43,0,"Cifras Revisadas"
"Registro Administrativo de la Industria Automotriz de Vehículos Ligeros. Venta de vehículos ","Nacional",2026,"06","MOTORNATION","DFSK EC35","Camiones ligeros","Minivans","IMPORTADO",43,0,"Cifras Revisadas"
"Registro Administrativo de la Industria Automotriz de Vehículos Ligeros. Venta de vehículos ","Nacional",2026,"06","MOTORNATION","DFSK E5","Camiones ligeros","SUV's","IMPORTADO",43,0,"Cifras Revisadas"
"Registro Administrativo de la Industria Automotriz de Vehículos Ligeros. Venta de vehículos ","Nacional",2026,"06","MOTORNATION","DFSK 500","Camiones ligeros","SUV's","IMPORTADO",43,1,"Cifras Revisadas"
"Registro Administrativo de la Industria Automotriz de Vehículos Ligeros. Venta de vehículos ","Nacional",2026,"06","MOTORNATION","DFSK 600","Camiones ligeros","SUV's","IMPORTADO",43,0,"Cifras Revisadas"
"Registro Administrativo de la Industria Automotriz de Vehículos Ligeros. Venta de vehículos ","Nacional",2026,"06","MOTORNATION","JMC EV-BLACK","Automóviles","Subcompactos","IMPORTADO",43,0,"Cifras Revisadas"
"Registro Administrativo de la Industria Automotriz de Vehículos Ligeros. Venta de vehículos ","Nacional",2026,"06","MOTORNATION","JMC GRAND AVENUE","Camiones ligeros","Pick Ups","IMPORTADO",43,9,"Cifras Revisadas"
"Registro Administrativo de la Industria Automotriz de Vehículos Ligeros. Venta de vehículos ","Nacional",2026,"06","MOTORNATION","JMC VIGUS","Camiones ligeros","Pick Ups","IMPORTADO",43,0,"Cifras Revisadas"
"Registro Administrativo de la Industria Automotriz de Vehículos Ligeros. Venta de vehículos ","Nacional",2026,"06","MOTORNATION","SERES 5 EV","Camiones ligeros","SUV's","IMPORTADO",43,1,"Cifras Revisadas"
"Registro Administrativo de la Industria Automotriz de Vehículos Ligeros. Venta de vehículos ","Nacional",2026,"06","MOTORNATION","SERES 5 MAX ","Camiones ligeros","Pick Ups","IMPORTADO",43,2,"Cifras Revisadas"
"Registro Administrativo de la Industria Automotriz de Vehículos Ligeros. Venta de vehículos ","Nacional",2026,"06","MOTORNATION","STAR TRUCK","Camiones ligeros","Pick Ups","IMPORTADO",43,0,"Cifras Revisadas"
"Registro Administrativo de la Industria Automotriz de Vehículos Ligeros. Venta de vehículos ","Nacional",2026,"06","MOTORNATION","T77","Camiones ligeros","SUV's","IMPORTADO",43,0,"Cifras Revisadas"
"Registro Administrativo de la Industria Automotriz de Vehículos Ligeros. Venta de vehículos ","Nacional",2026,"06","Nissan","Altima","Automóviles","De Lujo","IMPORTADO",66,0,"Cifras Revisadas"
"Registro Administrativo de la Industria Automotriz de Vehículos Ligeros. Venta de vehículos ","Nacional",2026,"06","Nissan","Armada","Camiones ligeros","SUV's","IMPORTADO",66,0,"Cifras Revisadas"
"Registro Administrativo de la Industria Automotriz de Vehículos Ligeros. Venta de vehículos ","Nacional",2026,"06","Nissan","Cabstar Mediano","Camiones ligeros","Pick Ups","IMPORTADO",64,0,"Cifras Revisadas"
"Registro Administrativo de la Industria Automotriz de Vehículos Ligeros. Venta de vehículos ","Nacional",2026,"06","Nissan","Frontier V6","Camiones ligeros","Pick Ups","IMPORTADO",66,108,"Cifras Revisadas"
"Registro Administrativo de la Industria Automotriz de Vehículos Ligeros. Venta de vehículos ","Nacional",2026,"06","Nissan","GT-R","Automóviles","Deportivos","IMPORTADO",126,0,"Cifras Revisadas"
"Registro Administrativo de la Industria Automotriz de Vehículos Ligeros. Venta de vehículos ","Nacional",2026,"06","Nissan","Juke","Automóviles","Compactos","IMPORTADO",126,0,"Cifras Revisadas"
"Registro Administrativo de la Industria Automotriz de Vehículos Ligeros. Venta de vehículos ","Nacional",2026,"06","Nissan","KAIT","Camiones ligeros","SUV's","IMPORTADO",31,533,"Cifras Revisadas"
"Registro Administrativo de la Industria Automotriz de Vehículos Ligeros. Venta de vehículos ","Nacional",2026,"06","Nissan","Kicks","Camiones ligeros","SUV's","NACIONAL",1,1440,"Cifras Revisadas"
"Registro Administrativo de la Industria Automotriz de Vehículos Ligeros. Venta de vehículos ","Nacional",2026,"06","Nissan","Leaf","Automóviles","Compactos","IMPORTADO",126,0,"Cifras Revisadas"
"Registro Administrativo de la Industria Automotriz de Vehículos Ligeros. Venta de vehículos ","Nacional",2026,"06","Nissan","Magnite","Camiones ligeros","SUV's","IMPORTADO",95,2309,"Cifras Revisadas"
"Registro Administrativo de la Industria Automotriz de Vehículos Ligeros. Venta de vehículos ","Nacional",2026,"06","Nissan","March","Automóviles","Subcompactos","NACIONAL",1,1687,"Cifras Revisadas"
"Registro Administrativo de la Industria Automotriz de Vehículos Ligeros. Venta de vehículos ","Nacional",2026,"06","Nissan","Maxima","Automóviles","De Lujo","IMPORTADO",126,0,"Cifras Revisadas"
"Registro Administrativo de la Industria Automotriz de Vehículos Ligeros. Venta de vehículos ","Nacional",2026,"06","Nissan","Murano","Camiones ligeros","SUV's","IMPORTADO",126,0,"Cifras Revisadas"
"Registro Administrativo de la Industria Automotriz de Vehículos Ligeros. Venta de vehículos ","Nacional",2026,"06","Nissan","Note","Automóviles","Compactos","NACIONAL",1,0,"Cifras Revisadas"
"Registro Administrativo de la Industria Automotriz de Vehículos Ligeros. Venta de vehículos ","Nacional",2026,"06","Nissan","NP300","Camiones ligeros","Pick Ups","NACIONAL",1,3485,"Cifras Revisadas"
"Registro Administrativo de la Industria Automotriz de Vehículos Ligeros. Venta de vehículos ","Nacional",2026,"06","Nissan","NV 200 Cargo","Camiones ligeros","SUV's","NACIONAL",1,0,"Cifras Revisadas"
"Registro Administrativo de la Industria Automotriz de Vehículos Ligeros. Venta de vehículos ","Nacional",2026,"06","Nissan","NV 200 NY TAXI","Camiones ligeros","SUV's","NACIONAL",1,0,"Cifras Revisadas"
"Registro Administrativo de la Industria Automotriz de Vehículos Ligeros. Venta de vehículos ","Nacional",2026,"06","Nissan","NV2500 V6 Toldo Alto","Camiones ligeros","Minivans","IMPORTADO",66,0,"Cifras Revisadas"
"Registro Administrativo de la Industria Automotriz de Vehículos Ligeros. Venta de vehículos ","Nacional",2026,"06","Nissan","Pathfinder","Camiones ligeros","SUV's","IMPORTADO",126,29,"Cifras Revisadas"
"Registro Administrativo de la Industria Automotriz de Vehículos Ligeros. Venta de vehículos ","Nacional",2026,"06","Nissan","Sentra","Automóviles","Compactos","NACIONAL",1,971,"Cifras Revisadas"
"Registro Administrativo de la Industria Automotriz de Vehículos Ligeros. Venta de vehículos ","Nacional",2026,"06","Nissan","Tiida Sedan","Automóviles","Compactos","NACIONAL",1,0,"Cifras Revisadas"
"Registro Administrativo de la Industria Automotriz de Vehículos Ligeros. Venta de vehículos ","Nacional",2026,"06","Nissan","Titan","Camiones ligeros","Pick Ups","IMPORTADO",66,0,"Cifras Revisadas"
"Registro Administrativo de la Industria Automotriz de Vehículos Ligeros. Venta de vehículos ","Nacional",2026,"06","Nissan","Urvan Panel","Camiones ligeros","SUV's","IMPORTADO",126,427,"Cifras Revisadas"
"Registro Administrativo de la Industria Automotriz de Vehículos Ligeros. Venta de vehículos ","Nacional",2026,"06","Nissan","Urvan Pasajeros","Camiones ligeros","SUV's","IMPORTADO",126,400,"Cifras Revisadas"
"Registro Administrativo de la Industria Automotriz de Vehículos Ligeros. Venta de vehículos ","Nacional",2026,"06","Nissan","Versa","Automóviles","Compactos","NACIONAL",1,6191,"Cifras Revisadas"
"Registro Administrativo de la Industria Automotriz de Vehículos Ligeros. Venta de vehículos ","Nacional",2026,"06","Nissan","Xtrail","Camiones ligeros","SUV's","IMPORTADO",126,1697,"Cifras Revisadas"
"Registro Administrativo de la Industria Automotriz de Vehículos Ligeros. Venta de vehículos ","Nacional",2026,"06","Nissan","Z","Automóviles","Deportivos","IMPORTADO",126,2,"Cifras Revisadas"
"Registro Administrativo de la Industria Automotriz de Vehículos Ligeros. Venta de vehículos ","Nacional",2026,"06","Nissan","370 Z","Automóviles","Deportivos","IMPORTADO",126,0,"Cifras Revisadas"
"Registro Administrativo de la Industria Automotriz de Vehículos Ligeros. Venta de vehículos ","Nacional",2026,"06","Peugeot","E-Partner","Camiones ligeros","Minivans","IMPORTADO",64,1,"Cifras Revisadas"
"Registro Administrativo de la Industria Automotriz de Vehículos Ligeros. Venta de vehículos ","Nacional",2026,"06","Peugeot","Expert Cargo Van","Camiones ligeros","Pick Ups","IMPORTADO",74,53,"Cifras Revisadas"
"Registro Administrativo de la Industria Automotriz de Vehículos Ligeros. Venta de vehículos ","Nacional",2026,"06","Peugeot","Manager Hdi","Camiones ligeros","Pick Ups","IMPORTADO",124,106,"Cifras Revisadas"
"Registro Administrativo de la Industria Automotriz de Vehículos Ligeros. Venta de vehículos ","Nacional",2026,"06","Peugeot","Partner","Camiones ligeros","Pick Ups","IMPORTADO",64,351,"Cifras Revisadas"
"Registro Administrativo de la Industria Automotriz de Vehículos Ligeros. Venta de vehículos ","Nacional",2026,"06","Peugeot","Partner Rapid","Camiones ligeros","Minivans","IMPORTADO",31,240,"Cifras Revisadas"
"Registro Administrativo de la Industria Automotriz de Vehículos Ligeros. Venta de vehículos ","Nacional",2026,"06","Peugeot","RIFTER","Camiones ligeros","Pick Ups","IMPORTADO",64,203,"Cifras Revisadas"
"Registro Administrativo de la Industria Automotriz de Vehículos Ligeros. Venta de vehículos ","Nacional",2026,"06","Peugeot","2008","Camiones ligeros","SUV's","IMPORTADO",74,181,"Cifras Revisadas"
"Registro Administrativo de la Industria Automotriz de Vehículos Ligeros. Venta de vehículos ","Nacional",2026,"06","Peugeot","3008","Camiones ligeros","SUV's","IMPORTADO",74,164,"Cifras Revisadas"
"Registro Administrativo de la Industria Automotriz de Vehículos Ligeros. Venta de vehículos ","Nacional",2026,"06","Peugeot","5008","Camiones ligeros","SUV's","IMPORTADO",74,59,"Cifras Revisadas"
"Registro Administrativo de la Industria Automotriz de Vehículos Ligeros. Venta de vehículos ","Nacional",2026,"06","Porsche","Cayenne","Camiones ligeros","SUV's","IMPORTADO",4,68,"Cifras Revisadas"
"Registro Administrativo de la Industria Automotriz de Vehículos Ligeros. Venta de vehículos ","Nacional",2026,"06","Porsche","Cayman","Automóviles","De Lujo","IMPORTADO",4,0,"Cifras Revisadas"
"Registro Administrativo de la Industria Automotriz de Vehículos Ligeros. Venta de vehículos ","Nacional",2026,"06","Porsche","Macan","Camiones ligeros","SUV's","IMPORTADO",4,72,"Cifras Revisadas"
"Registro Administrativo de la Industria Automotriz de Vehículos Ligeros. Venta de vehículos ","Nacional",2026,"06","Porsche","Panamera","Automóviles","De Lujo","IMPORTADO",4,4,"Cifras Revisadas"
"Registro Administrativo de la Industria Automotriz de Vehículos Ligeros. Venta de vehículos ","Nacional",2026,"06","Porsche","Taycan","Automóviles","Deportivos","IMPORTADO",4,3,"Cifras Revisadas"
"Registro Administrativo de la Industria Automotriz de Vehículos Ligeros. Venta de vehículos ","Nacional",2026,"06","Porsche","718 Boxster","Automóviles","Deportivos","IMPORTADO",4,0,"Cifras Revisadas"
"Registro Administrativo de la Industria Automotriz de Vehículos Ligeros. Venta de vehículos ","Nacional",2026,"06","Porsche","911 Carrera / Turbo / GT","Automóviles","Deportivos","IMPORTADO",4,153,"Cifras Revisadas"
"Registro Administrativo de la Industria Automotriz de Vehículos Ligeros. Venta de vehículos ","Nacional",2026,"06","Renault","Arkana","Camiones ligeros","SUV's","IMPORTADO",48,196,"Cifras Revisadas"
"Registro Administrativo de la Industria Automotriz de Vehículos Ligeros. Venta de vehículos ","Nacional",2026,"06","Renault","Boreal","Camiones ligeros","SUV's","IMPORTADO",31,172,"Cifras Revisadas"
"Registro Administrativo de la Industria Automotriz de Vehículos Ligeros. Venta de vehículos ","Nacional",2026,"06","Renault","Duster","Camiones ligeros","SUV's","IMPORTADO",46,63,"Cifras Revisadas"
"Registro Administrativo de la Industria Automotriz de Vehículos Ligeros. Venta de vehículos ","Nacional",2026,"06","Renault","Kangoo","Camiones ligeros","Pick Ups","IMPORTADO",12,138,"Cifras Revisadas"
"Registro Administrativo de la Industria Automotriz de Vehículos Ligeros. Venta de vehículos ","Nacional",2026,"06","Renault","Kangoo ZE","Camiones ligeros","Pick Ups","IMPORTADO",12,2,"Cifras Revisadas"
"Registro Administrativo de la Industria Automotriz de Vehículos Ligeros. Venta de vehículos ","Nacional",2026,"06","Renault","Kardian","Automóviles","Compactos","IMPORTADO",31,118,"Cifras Revisadas"
"Registro Administrativo de la Industria Automotriz de Vehículos Ligeros. Venta de vehículos ","Nacional",2026,"06","Renault","Kwid","Automóviles","Subcompactos","IMPORTADO",31,2985,"Cifras Revisadas"
"Registro Administrativo de la Industria Automotriz de Vehículos Ligeros. Venta de vehículos ","Nacional",2026,"06","Renault","Master","Camiones ligeros","Minivans","IMPORTADO",74,10,"Cifras Revisadas"
"Registro Administrativo de la Industria Automotriz de Vehículos Ligeros. Venta de vehículos ","Nacional",2026,"06","Renault","MEGANE E-TECH","Automóviles","Subcompactos","IMPORTADO",74,5,"Cifras Revisadas"
"Registro Administrativo de la Industria Automotriz de Vehículos Ligeros. Venta de vehículos ","Nacional",2026,"06","Renault","Nueva Koleos","Camiones ligeros","SUV's","IMPORTADO",48,133,"Cifras Revisadas"
"Registro Administrativo de la Industria Automotriz de Vehículos Ligeros. Venta de vehículos ","Nacional",2026,"06","Renault","Oroch","Camiones ligeros","Pick Ups","IMPORTADO",31,154,"Cifras Revisadas"
"Registro Administrativo de la Industria Automotriz de Vehículos Ligeros. Venta de vehículos ","Nacional",2026,"06","SEAT","Arona","Camiones ligeros","SUV's","IMPORTADO",64,131,"Cifras Revisadas"
"Registro Administrativo de la Industria Automotriz de Vehículos Ligeros. Venta de vehículos ","Nacional",2026,"06","SEAT","Ateca","Camiones ligeros","SUV's","IMPORTADO",184,33,"Cifras Revisadas"
"Registro Administrativo de la Industria Automotriz de Vehículos Ligeros. Venta de vehículos ","Nacional",2026,"06","SEAT","CUPRA Formentor","Camiones ligeros","SUV's","IMPORTADO",64,250,"Cifras Revisadas"
"Registro Administrativo de la Industria Automotriz de Vehículos Ligeros. Venta de vehículos ","Nacional",2026,"06","SEAT","CUPRA Terramar","Camiones ligeros","SUV's","IMPORTADO",94,181,"Cifras Revisadas"
"Registro Administrativo de la Industria Automotriz de Vehículos Ligeros. Venta de vehículos ","Nacional",2026,"06","SEAT","Ibiza 4 Ptas","Automóviles","Subcompactos","IMPORTADO",64,821,"Cifras Revisadas"
"Registro Administrativo de la Industria Automotriz de Vehículos Ligeros. Venta de vehículos ","Nacional",2026,"06","SEAT","Leon","Automóviles","Deportivos","IMPORTADO",64,341,"Cifras Revisadas"
"Registro Administrativo de la Industria Automotriz de Vehículos Ligeros. Venta de vehículos ","Nacional",2026,"06","Subaru","Crosstrek","Camiones ligeros","SUV's","IMPORTADO",126,122,"Cifras Revisadas"
"Registro Administrativo de la Industria Automotriz de Vehículos Ligeros. Venta de vehículos ","Nacional",2026,"06","Subaru","Crosstrek MHEV","Camiones ligeros","SUV's","IMPORTADO",126,0,"Cifras Revisadas"
"Registro Administrativo de la Industria Automotriz de Vehículos Ligeros. Venta de vehículos ","Nacional",2026,"06","Subaru","Forester","Camiones ligeros","SUV's","IMPORTADO",126,122,"Cifras Revisadas"
"Registro Administrativo de la Industria Automotriz de Vehículos Ligeros. Venta de vehículos ","Nacional",2026,"06","Subaru","Forester e-BOXER HEV","Camiones ligeros","SUV's","IMPORTADO",126,67,"Cifras Revisadas"
"Registro Administrativo de la Industria Automotriz de Vehículos Ligeros. Venta de vehículos ","Nacional",2026,"06","Subaru","Outback","Camiones ligeros","SUV's","IMPORTADO",126,35,"Cifras Revisadas"
"Registro Administrativo de la Industria Automotriz de Vehículos Ligeros. Venta de vehículos ","Nacional",2026,"06","Subaru","Subaru BRZ","Automóviles","Deportivos","IMPORTADO",126,13,"Cifras Revisadas"
"Registro Administrativo de la Industria Automotriz de Vehículos Ligeros. Venta de vehículos ","Nacional",2026,"06","Subaru","Trailseeker","Camiones ligeros","SUV's","IMPORTADO",126,10,"Cifras Revisadas"
"Registro Administrativo de la Industria Automotriz de Vehículos Ligeros. Venta de vehículos ","Nacional",2026,"06","Subaru","WRX","Automóviles","Deportivos","IMPORTADO",126,31,"Cifras Revisadas"
"Registro Administrativo de la Industria Automotriz de Vehículos Ligeros. Venta de vehículos ","Nacional",2026,"06","Subaru","WRX STI","Automóviles","Deportivos","IMPORTADO",126,0,"Cifras Revisadas"
"Registro Administrativo de la Industria Automotriz de Vehículos Ligeros. Venta de vehículos ","Nacional",2026,"06","Subaru","XV","Camiones ligeros","SUV's","IMPORTADO",126,0,"Cifras Revisadas"
"Registro Administrativo de la Industria Automotriz de Vehículos Ligeros. Venta de vehículos ","Nacional",2026,"06","Suzuki","Baleno","Automóviles","Subcompactos","IMPORTADO",95,42,"Cifras Revisadas"
"Registro Administrativo de la Industria Automotriz de Vehículos Ligeros. Venta de vehículos ","Nacional",2026,"06","Suzuki","DZIRE","Automóviles","Subcompactos","IMPORTADO",95,289,"Cifras Revisadas"
"Registro Administrativo de la Industria Automotriz de Vehículos Ligeros. Venta de vehículos ","Nacional",2026,"06","Suzuki","Ertiga","Automóviles","Compactos","IMPORTADO",96,306,"Cifras Revisadas"
"Registro Administrativo de la Industria Automotriz de Vehículos Ligeros. Venta de vehículos ","Nacional",2026,"06","Suzuki","FRONX","Camiones ligeros","SUV's","IMPORTADO",95,289,"Cifras Revisadas"
"Registro Administrativo de la Industria Automotriz de Vehículos Ligeros. Venta de vehículos ","Nacional",2026,"06","Suzuki","JIMNY","Camiones ligeros","SUV's","IMPORTADO",126,551,"Cifras Revisadas"
"Registro Administrativo de la Industria Automotriz de Vehículos Ligeros. Venta de vehículos ","Nacional",2026,"06","Suzuki","Swift","Automóviles","Subcompactos","IMPORTADO",126,895,"Cifras Revisadas"
"Registro Administrativo de la Industria Automotriz de Vehículos Ligeros. Venta de vehículos ","Nacional",2026,"06","Toyota","Avanza","Automóviles","Compactos","IMPORTADO",96,868,"Cifras Revisadas"
"Registro Administrativo de la Industria Automotriz de Vehículos Ligeros. Venta de vehículos ","Nacional",2026,"06","Toyota","Camry","Automóviles","De Lujo","IMPORTADO",66,329,"Cifras Revisadas"
"Registro Administrativo de la Industria Automotriz de Vehículos Ligeros. Venta de vehículos ","Nacional",2026,"06","Toyota","C-HR","Camiones ligeros","SUV's","IMPORTADO",227,0,"Cifras Revisadas"
"Registro Administrativo de la Industria Automotriz de Vehículos Ligeros. Venta de vehículos ","Nacional",2026,"06","Toyota","Corolla","Automóviles","Compactos","IMPORTADO",66,861,"Cifras Revisadas"
"Registro Administrativo de la Industria Automotriz de Vehículos Ligeros. Venta de vehículos ","Nacional",2026,"06","Toyota","Corolla Cross","Camiones ligeros","SUV's","IMPORTADO",66,671,"Cifras Revisadas"
"Registro Administrativo de la Industria Automotriz de Vehículos Ligeros. Venta de vehículos ","Nacional",2026,"06","Toyota","GR Corolla","Automóviles","Deportivos","IMPORTADO",126,0,"Cifras Revisadas"
"Registro Administrativo de la Industria Automotriz de Vehículos Ligeros. Venta de vehículos ","Nacional",2026,"06","Toyota","GR Supra","Automóviles","De Lujo","IMPORTADO",17,2,"Cifras Revisadas"
"Registro Administrativo de la Industria Automotriz de Vehículos Ligeros. Venta de vehículos ","Nacional",2026,"06","Toyota","GR Yaris","Automóviles","Deportivos","IMPORTADO",126,0,"Cifras Revisadas"
"Registro Administrativo de la Industria Automotriz de Vehículos Ligeros. Venta de vehículos ","Nacional",2026,"06","Toyota","Hiace P","Camiones ligeros","SUV's","IMPORTADO",126,97,"Cifras Revisadas"
"Registro Administrativo de la Industria Automotriz de Vehículos Ligeros. Venta de vehículos ","Nacional",2026,"06","Toyota","Hiace V","Camiones ligeros","SUV's","IMPORTADO",126,95,"Cifras Revisadas"
"Registro Administrativo de la Industria Automotriz de Vehículos Ligeros. Venta de vehículos ","Nacional",2026,"06","Toyota","Highlander","Camiones ligeros","SUV's","IMPORTADO",66,340,"Cifras Revisadas"
"Registro Administrativo de la Industria Automotriz de Vehículos Ligeros. Venta de vehículos ","Nacional",2026,"06","Toyota","Hilux Dc","Camiones ligeros","Pick Ups","IMPORTADO",214,1792,"Cifras Revisadas"
"Registro Administrativo de la Industria Automotriz de Vehículos Ligeros. Venta de vehículos ","Nacional",2026,"06","Toyota","Lcruiser","Camiones ligeros","SUV's","IMPORTADO",126,0,"Cifras Revisadas"
"Registro Administrativo de la Industria Automotriz de Vehículos Ligeros. Venta de vehículos ","Nacional",2026,"06","Toyota","Prius","Automóviles","De Lujo","IMPORTADO",126,316,"Cifras Revisadas"
"Registro Administrativo de la Industria Automotriz de Vehículos Ligeros. Venta de vehículos ","Nacional",2026,"06","Toyota","Prius-C","Automóviles","Subcompactos","IMPORTADO",126,0,"Cifras Revisadas"
"Registro Administrativo de la Industria Automotriz de Vehículos Ligeros. Venta de vehículos ","Nacional",2026,"06","Toyota","RAIZE","Camiones ligeros","SUV's","IMPORTADO",96,584,"Cifras Revisadas"
"Registro Administrativo de la Industria Automotriz de Vehículos Ligeros. Venta de vehículos ","Nacional",2026,"06","Toyota","Rav4","Camiones ligeros","SUV's","IMPORTADO",40,1870,"Cifras Revisadas"
"Registro Administrativo de la Industria Automotriz de Vehículos Ligeros. Venta de vehículos ","Nacional",2026,"06","Toyota","Sequoia","Camiones ligeros","SUV's","IMPORTADO",66,106,"Cifras Revisadas"
"Registro Administrativo de la Industria Automotriz de Vehículos Ligeros. Venta de vehículos ","Nacional",2026,"06","Toyota","Sienna","Camiones ligeros","Minivans","IMPORTADO",66,758,"Cifras Revisadas"
"Registro Administrativo de la Industria Automotriz de Vehículos Ligeros. Venta de vehículos ","Nacional",2026,"06","Toyota","Tacoma","Camiones ligeros","Pick Ups","NACIONAL",1,0,"Cifras Revisadas"
"Registro Administrativo de la Industria Automotriz de Vehículos Ligeros. Venta de vehículos ","Nacional",2026,"06","Toyota","Tacoma-","Camiones ligeros","Pick Ups","NACIONAL",1,888,"Cifras Revisadas"
"Registro Administrativo de la Industria Automotriz de Vehículos Ligeros. Venta de vehículos ","Nacional",2026,"06","Toyota","Tundra","Camiones ligeros","Pick Ups","IMPORTADO",66,44,"Cifras Revisadas"
"Registro Administrativo de la Industria Automotriz de Vehículos Ligeros. Venta de vehículos ","Nacional",2026,"06","Toyota","Yaris Hatchback","Automóviles","Subcompactos","IMPORTADO",214,89,"Cifras Revisadas"
"Registro Administrativo de la Industria Automotriz de Vehículos Ligeros. Venta de vehículos ","Nacional",2026,"06","Toyota","Yaris Sedan","Automóviles","Subcompactos","IMPORTADO",214,890,"Cifras Revisadas"
"Registro Administrativo de la Industria Automotriz de Vehículos Ligeros. Venta de vehículos ","Nacional",2026,"06","Toyota","Yaris-R","Automóviles","Subcompactos","NACIONAL",1,0,"Cifras Revisadas"
"Registro Administrativo de la Industria Automotriz de Vehículos Ligeros. Venta de vehículos ","Nacional",2026,"06","Toyota","4Runner","Camiones ligeros","SUV's","IMPORTADO",126,62,"Cifras Revisadas"
"Registro Administrativo de la Industria Automotriz de Vehículos Ligeros. Venta de vehículos ","Nacional",2026,"06","Volkswagen","Amarok","Camiones ligeros","Pick Ups","IMPORTADO",12,121,"Cifras Revisadas"
"Registro Administrativo de la Industria Automotriz de Vehículos Ligeros. Venta de vehículos ","Nacional",2026,"06","Volkswagen","Beetle","Automóviles","Compactos","NACIONAL",1,0,"Cifras Revisadas"
"Registro Administrativo de la Industria Automotriz de Vehículos Ligeros. Venta de vehículos ","Nacional",2026,"06","Volkswagen","Beetle Cabrio","Automóviles","Compactos","NACIONAL",1,0,"Cifras Revisadas"
"Registro Administrativo de la Industria Automotriz de Vehículos Ligeros. Venta de vehículos ","Nacional",2026,"06","Volkswagen","Crafter","Camiones ligeros","Pick Ups","IMPORTADO",4,249,"Cifras Revisadas"
"Registro Administrativo de la Industria Automotriz de Vehículos Ligeros. Venta de vehículos ","Nacional",2026,"06","Volkswagen","Crafter chasis","Camiones ligeros","SUV's","IMPORTADO",177,3,"Cifras Revisadas"
"Registro Administrativo de la Industria Automotriz de Vehículos Ligeros. Venta de vehículos ","Nacional",2026,"06","Volkswagen","Cross Sport","Camiones ligeros","SUV's","IMPORTADO",66,0,"Cifras Revisadas"
"Registro Administrativo de la Industria Automotriz de Vehículos Ligeros. Venta de vehículos ","Nacional",2026,"06","Volkswagen","Crossfox","Automóviles","Subcompactos","IMPORTADO",31,0,"Cifras Revisadas"
"Registro Administrativo de la Industria Automotriz de Vehículos Ligeros. Venta de vehículos ","Nacional",2026,"06","Volkswagen","e-Crafter","Camiones ligeros","SUV's","IMPORTADO",177,3,"Cifras Revisadas"
"Registro Administrativo de la Industria Automotriz de Vehículos Ligeros. Venta de vehículos ","Nacional",2026,"06","Volkswagen","Gol","Automóviles","Subcompactos","IMPORTADO",31,0,"Cifras Revisadas"
"Registro Administrativo de la Industria Automotriz de Vehículos Ligeros. Venta de vehículos ","Nacional",2026,"06","Volkswagen","Gol Sedan","Automóviles","Subcompactos","IMPORTADO",31,0,"Cifras Revisadas"
"Registro Administrativo de la Industria Automotriz de Vehículos Ligeros. Venta de vehículos ","Nacional",2026,"06","Volkswagen","Golf","Automóviles","Compactos","IMPORTADO",31,0,"Cifras Revisadas"
"Registro Administrativo de la Industria Automotriz de Vehículos Ligeros. Venta de vehículos ","Nacional",2026,"06","Volkswagen","Golf-","Automóviles","Compactos","NACIONAL",1,0,"Cifras Revisadas"
"Registro Administrativo de la Industria Automotriz de Vehículos Ligeros. Venta de vehículos ","Nacional",2026,"06","Volkswagen","Golf Variant-/Crossgolf","Automóviles","Compactos","NACIONAL",1,0,"Cifras Revisadas"
"Registro Administrativo de la Industria Automotriz de Vehículos Ligeros. Venta de vehículos ","Nacional",2026,"06","Volkswagen","GTI","Automóviles","Deportivos","IMPORTADO",4,88,"Cifras Revisadas"
"Registro Administrativo de la Industria Automotriz de Vehículos Ligeros. Venta de vehículos ","Nacional",2026,"06","Volkswagen","ID.4","Camiones ligeros","SUV's","IMPORTADO",66,8,"Cifras Revisadas"
"Registro Administrativo de la Industria Automotriz de Vehículos Ligeros. Venta de vehículos ","Nacional",2026,"06","Volkswagen","Jetta","Automóviles","Compactos","NACIONAL",1,0,"Cifras Revisadas"
"Registro Administrativo de la Industria Automotriz de Vehículos Ligeros. Venta de vehículos ","Nacional",2026,"06","Volkswagen","Nivus","Camiones ligeros","SUV's","IMPORTADO",31,84,"Cifras Revisadas"
"Registro Administrativo de la Industria Automotriz de Vehículos Ligeros. Venta de vehículos ","Nacional",2026,"06","Volkswagen","Nuevo Jetta","Automóviles","Compactos","NACIONAL",1,1773,"Cifras Revisadas"
"Registro Administrativo de la Industria Automotriz de Vehículos Ligeros. Venta de vehículos ","Nacional",2026,"06","Volkswagen","Nuevo Jetta TDI","Automóviles","Compactos","NACIONAL",1,0,"Cifras Revisadas"
"Registro Administrativo de la Industria Automotriz de Vehículos Ligeros. Venta de vehículos ","Nacional",2026,"06","Volkswagen","Passat","Automóviles","De Lujo","IMPORTADO",66,0,"Cifras Revisadas"
"Registro Administrativo de la Industria Automotriz de Vehículos Ligeros. Venta de vehículos ","Nacional",2026,"06","Volkswagen","Polo 4 Ptas","Automóviles","Subcompactos","IMPORTADO",31,145,"Cifras Revisadas"
"Registro Administrativo de la Industria Automotriz de Vehículos Ligeros. Venta de vehículos ","Nacional",2026,"06","Volkswagen","Polo 4 Ptas","Automóviles","Subcompactos","IMPORTADO",95,0,"Cifras Revisadas"
"Registro Administrativo de la Industria Automotriz de Vehículos Ligeros. Venta de vehículos ","Nacional",2026,"06","Volkswagen","Saveiro","Camiones ligeros","Pick Ups","IMPORTADO",31,1138,"Cifras Revisadas"
"Registro Administrativo de la Industria Automotriz de Vehículos Ligeros. Venta de vehículos ","Nacional",2026,"06","Volkswagen","Taigun","Camiones ligeros","SUV's","IMPORTADO",95,800,"Cifras Revisadas"
"Registro Administrativo de la Industria Automotriz de Vehículos Ligeros. Venta de vehículos ","Nacional",2026,"06","Volkswagen","Taos","Camiones ligeros","SUV's","NACIONAL",1,1673,"Cifras Revisadas"
"Registro Administrativo de la Industria Automotriz de Vehículos Ligeros. Venta de vehículos ","Nacional",2026,"06","Volkswagen","T-Cross","Camiones ligeros","SUV's","IMPORTADO",31,0,"Cifras Revisadas"
"Registro Administrativo de la Industria Automotriz de Vehículos Ligeros. Venta de vehículos ","Nacional",2026,"06","Volkswagen","Teramont","Camiones ligeros","SUV's","IMPORTADO",66,323,"Cifras Revisadas"
"Registro Administrativo de la Industria Automotriz de Vehículos Ligeros. Venta de vehículos ","Nacional",2026,"06","Volkswagen","Tiguan-","Camiones ligeros","SUV's","NACIONAL",1,1621,"Cifras Revisadas"
"Registro Administrativo de la Industria Automotriz de Vehículos Ligeros. Venta de vehículos ","Nacional",2026,"06","Volkswagen","Touareg","Camiones ligeros","SUV's","IMPORTADO",62,0,"Cifras Revisadas"
"Registro Administrativo de la Industria Automotriz de Vehículos Ligeros. Venta de vehículos ","Nacional",2026,"06","Volkswagen","Transporter Carga","Camiones ligeros","SUV's","IMPORTADO",4,90,"Cifras Revisadas"
"Registro Administrativo de la Industria Automotriz de Vehículos Ligeros. Venta de vehículos ","Nacional",2026,"06","Volkswagen","Transporter Pasajeros","Camiones ligeros","SUV's","IMPORTADO",4,65,"Cifras Revisadas"
"Registro Administrativo de la Industria Automotriz de Vehículos Ligeros. Venta de vehículos ","Nacional",2026,"06","Volkswagen","UP!","Automóviles","Subcompactos","IMPORTADO",31,0,"Cifras Revisadas"
"Registro Administrativo de la Industria Automotriz de Vehículos Ligeros. Venta de vehículos ","Nacional",2026,"06","Volkswagen","Vento","Automóviles","Subcompactos","IMPORTADO",95,0,"Cifras Revisadas"
"Registro Administrativo de la Industria Automotriz de Vehículos Ligeros. Venta de vehículos ","Nacional",2026,"06","Volkswagen","Virtus","Automóviles","Subcompactos","IMPORTADO",95,1721,"Cifras Revisadas"
"Registro Administrativo de la Industria Automotriz de Vehículos Ligeros. Venta de vehículos ","Nacional",2026,"06","Volkswagen","Volkswagen Caddy","Camiones ligeros","Pick Ups","IMPORTADO",177,109,"Cifras Revisadas"
"Registro Administrativo de la Industria Automotriz de Vehículos Ligeros. Venta de vehículos ","Nacional",2026,"06","Volkswagen","Volkswagen Tera","Automóviles","Subcompactos","IMPORTADO",31,1227,"Cifras Revisadas"
"Registro Administrativo de la Industria Automotriz de Vehículos Ligeros. Venta de vehículos ","Nacional",2026,"06","Volvo","C40","Automóviles","De Lujo","IMPORTADO",23,9,"Cifras Revisadas"
"Registro Administrativo de la Industria Automotriz de Vehículos Ligeros. Venta de vehículos ","Nacional",2026,"06","Volvo","EX30","Camiones ligeros","SUV's","IMPORTADO",43,72,"Cifras Revisadas"
"Registro Administrativo de la Industria Automotriz de Vehículos Ligeros. Venta de vehículos ","Nacional",2026,"06","Volvo","EX90","Camiones ligeros","SUV's","IMPORTADO",66,2,"Cifras Revisadas"
"Registro Administrativo de la Industria Automotriz de Vehículos Ligeros. Venta de vehículos ","Nacional",2026,"06","Volvo","XC40","Automóviles","De Lujo","IMPORTADO",23,50,"Cifras Revisadas"
"Registro Administrativo de la Industria Automotriz de Vehículos Ligeros. Venta de vehículos ","Nacional",2026,"06","Volvo","XC60 II","Camiones ligeros","SUV's","IMPORTADO",209,85,"Cifras Revisadas"
"Registro Administrativo de la Industria Automotriz de Vehículos Ligeros. Venta de vehículos ","Nacional",2026,"06","Volvo","XC90 II","Camiones ligeros","SUV's","IMPORTADO",209,24,"Cifras Revisadas"
"Registro Administrativo de la Industria Automotriz de Vehículos Ligeros. Venta de vehículos ","Nacional",2026,"06","Zeekr","X","Automóviles","De Lujo","IMPORTADO",43,48,"Cifras Revisadas"
"Registro Administrativo de la Industria Automotriz de Vehículos Ligeros. Venta de vehículos ","Nacional",2026,"06","Zeekr","001","Automóviles","De Lujo","IMPORTADO",43,22,"Cifras Revisadas"
"Registro Administrativo de la Industria Automotriz de Vehículos Ligeros. Venta de vehículos ","Nacional",2026,"06","Zeekr","7X","Automóviles","De Lujo","IMPORTADO",43,96,"Cifras Revisadas"
"Registro Administrativo de la Industria Automotriz de Vehículos Ligeros. Venta de vehículos ","Nacional",2026,"07","Acura","ADX","Camiones ligeros","SUV's","NACIONAL",1,10,"Cifras Revisadas"
"Registro Administrativo de la Industria Automotriz de Vehículos Ligeros. Venta de vehículos ","Nacional",2026,"07","Acura","INTEGRA","Automóviles","De Lujo","IMPORTADO",66,7,"Cifras Revisadas"
"Registro Administrativo de la Industria Automotriz de Vehículos Ligeros. Venta de vehículos ","Nacional",2026,"07","Acura","Mdx","Camiones ligeros","SUV's","IMPORTADO",40,10,"Cifras Revisadas"
"Registro Administrativo de la Industria Automotriz de Vehículos Ligeros. Venta de vehículos ","Nacional",2026,"07","Acura","Rdx","Camiones ligeros","SUV's","IMPORTADO",66,9,"Cifras Revisadas"
"Registro Administrativo de la Industria Automotriz de Vehículos Ligeros. Venta de vehículos ","Nacional",2026,"07","Acura","TLX","Automóviles","De Lujo","IMPORTADO",66,2,"Cifras Revisadas"
"Registro Administrativo de la Industria Automotriz de Vehículos Ligeros. Venta de vehículos ","Nacional",2026,"07","Alfa Romeo","Giulia","Automóviles","De Lujo","IMPORTADO",124,2,"Cifras Revisadas"
"Registro Administrativo de la Industria Automotriz de Vehículos Ligeros. Venta de vehículos ","Nacional",2026,"07","Alfa Romeo","Junior","Camiones ligeros","SUV's","IMPORTADO",124,33,"Cifras Revisadas"
"Registro Administrativo de la Industria Automotriz de Vehículos Ligeros. Venta de vehículos ","Nacional",2026,"07","Alfa Romeo","Stelvio","Automóviles","De Lujo","IMPORTADO",124,3,"Cifras Revisadas"
"Registro Administrativo de la Industria Automotriz de Vehículos Ligeros. Venta de vehículos ","Nacional",2026,"07","Alfa Romeo","TONALE","Camiones ligeros","SUV's","IMPORTADO",124,6,"Cifras Revisadas"
"Registro Administrativo de la Industria Automotriz de Vehículos Ligeros. Venta de vehículos ","Nacional",2026,"07","Audi","A1*","Automóviles","De Lujo","IMPORTADO",64,28,"Cifras Revisadas"
"Registro Administrativo de la Industria Automotriz de Vehículos Ligeros. Venta de vehículos ","Nacional",2026,"07","Audi","A3-","Automóviles","De Lujo","IMPORTADO",4,68,"Cifras Revisadas"
"Registro Administrativo de la Industria Automotriz de Vehículos Ligeros. Venta de vehículos ","Nacional",2026,"07","Audi","A3 Sedán","Automóviles","De Lujo","IMPORTADO",4,120,"Cifras Revisadas"
"Registro Administrativo de la Industria Automotriz de Vehículos Ligeros. Venta de vehículos ","Nacional",2026,"07","Audi","A5 Sedán","Automóviles","De Lujo","IMPORTADO",4,69,"Cifras Revisadas"
"Registro Administrativo de la Industria Automotriz de Vehículos Ligeros. Venta de vehículos ","Nacional",2026,"07","Audi","A5 Sportback","Automóviles","Deportivos","IMPORTADO",4,1,"Cifras Revisadas"
"Registro Administrativo de la Industria Automotriz de Vehículos Ligeros. Venta de vehículos ","Nacional",2026,"07","Audi","A6","Automóviles","De Lujo","IMPORTADO",4,13,"Cifras Revisadas"
"Registro Administrativo de la Industria Automotriz de Vehículos Ligeros. Venta de vehículos ","Nacional",2026,"07","Audi","A8","Automóviles","De Lujo","IMPORTADO",4,1,"Cifras Revisadas"
"Registro Administrativo de la Industria Automotriz de Vehículos Ligeros. Venta de vehículos ","Nacional",2026,"07","Audi","Q 3","Camiones ligeros","SUV's","IMPORTADO",94,58,"Cifras Revisadas"
"Registro Administrativo de la Industria Automotriz de Vehículos Ligeros. Venta de vehículos ","Nacional",2026,"07","Audi","Q2","Automóviles","De Lujo","IMPORTADO",62,32,"Cifras Revisadas"
"Registro Administrativo de la Industria Automotriz de Vehículos Ligeros. Venta de vehículos ","Nacional",2026,"07","Audi","Q3 SB","Camiones ligeros","SUV's","IMPORTADO",94,128,"Cifras Revisadas"
"Registro Administrativo de la Industria Automotriz de Vehículos Ligeros. Venta de vehículos ","Nacional",2026,"07","Audi","Q5","Camiones ligeros","SUV's","NACIONAL",1,174,"Cifras Revisadas"
"Registro Administrativo de la Industria Automotriz de Vehículos Ligeros. Venta de vehículos ","Nacional",2026,"07","Audi","Q6 etron","Automóviles","De Lujo","IMPORTADO",4,7,"Cifras Revisadas"
"Registro Administrativo de la Industria Automotriz de Vehículos Ligeros. Venta de vehículos ","Nacional",2026,"07","Audi","Q7-","Camiones ligeros","SUV's","IMPORTADO",62,11,"Cifras Revisadas"
"Registro Administrativo de la Industria Automotriz de Vehículos Ligeros. Venta de vehículos ","Nacional",2026,"07","Audi","Q8","Camiones ligeros","SUV's","IMPORTADO",4,27,"Cifras Revisadas"
"Registro Administrativo de la Industria Automotriz de Vehículos Ligeros. Venta de vehículos ","Nacional",2026,"07","Auteco","E-VAN S1.0T PRO","Camiones ligeros","Minivans","IMPORTADO",43,1,"Cifras Revisadas"
"Registro Administrativo de la Industria Automotriz de Vehículos Ligeros. Venta de vehículos ","Nacional",2026,"07","Auteco","RICH 6 EV","Camiones ligeros","Pick Ups","IMPORTADO",43,1,"Cifras Revisadas"
"Registro Administrativo de la Industria Automotriz de Vehículos Ligeros. Venta de vehículos ","Nacional",2026,"07","Bentley","Bentayga","Automóviles","De Lujo","IMPORTADO",181,0,"Cifras Revisadas"
"Registro Administrativo de la Industria Automotriz de Vehículos Ligeros. Venta de vehículos ","Nacional",2026,"07","Bentley","Continental","Automóviles","De Lujo","IMPORTADO",181,0,"Cifras Revisadas"
"Registro Administrativo de la Industria Automotriz de Vehículos Ligeros. Venta de vehículos ","Nacional",2026,"07","Bentley","Flying Spur","Automóviles","De Lujo","IMPORTADO",181,0,"Cifras Revisadas"
"Registro Administrativo de la Industria Automotriz de Vehículos Ligeros. Venta de vehículos ","Nacional",2026,"07","Bentley","Mulsanne","Automóviles","De Lujo","IMPORTADO",181,0,"Cifras Revisadas"
"Registro Administrativo de la Industria Automotriz de Vehículos Ligeros. Venta de vehículos ","Nacional",2026,"07","BMW","iX","Camiones ligeros","SUV's","IMPORTADO",4,9,"Cifras Revisadas"
"Registro Administrativo de la Industria Automotriz de Vehículos Ligeros. Venta de vehículos ","Nacional",2026,"07","BMW","iX1","Automóviles","De Lujo","IMPORTADO",4,10,"Cifras Revisadas"
"Registro Administrativo de la Industria Automotriz de Vehículos Ligeros. Venta de vehículos ","Nacional",2026,"07","BMW","iX2","Camiones ligeros","SUV's","IMPORTADO",4,7,"Cifras Revisadas"
"Registro Administrativo de la Industria Automotriz de Vehículos Ligeros. Venta de vehículos ","Nacional",2026,"07","BMW","iX3","Camiones ligeros","SUV's","IMPORTADO",43,48,"Cifras Revisadas"
"Registro Administrativo de la Industria Automotriz de Vehículos Ligeros. Venta de vehículos ","Nacional",2026,"07","BMW","i4","Automóviles","De Lujo","IMPORTADO",4,4,"Cifras Revisadas"
"Registro Administrativo de la Industria Automotriz de Vehículos Ligeros. Venta de vehículos ","Nacional",2026,"07","BMW","i5","Automóviles","De Lujo","IMPORTADO",4,4,"Cifras Revisadas"
"Registro Administrativo de la Industria Automotriz de Vehículos Ligeros. Venta de vehículos ","Nacional",2026,"07","BMW","i7","Automóviles","De Lujo","IMPORTADO",4,1,"Cifras Revisadas"
"Registro Administrativo de la Industria Automotriz de Vehículos Ligeros. Venta de vehículos ","Nacional",2026,"07","BMW","Serie 1 Hatch","Automóviles","De Lujo","IMPORTADO",4,36,"Cifras Revisadas"
"Registro Administrativo de la Industria Automotriz de Vehículos Ligeros. Venta de vehículos ","Nacional",2026,"07","BMW","Serie 2","Automóviles","De Lujo","IMPORTADO",4,126,"Cifras Revisadas"
"Registro Administrativo de la Industria Automotriz de Vehículos Ligeros. Venta de vehículos ","Nacional",2026,"07","BMW","Serie 3","Automóviles","De Lujo","IMPORTADO",4,84,"Cifras Revisadas"
"Registro Administrativo de la Industria Automotriz de Vehículos Ligeros. Venta de vehículos ","Nacional",2026,"07","BMW","Serie 4","Automóviles","De Lujo","IMPORTADO",4,38,"Cifras Revisadas"
"Registro Administrativo de la Industria Automotriz de Vehículos Ligeros. Venta de vehículos ","Nacional",2026,"07","BMW","Serie 5","Automóviles","De Lujo","IMPORTADO",4,13,"Cifras Revisadas"
"Registro Administrativo de la Industria Automotriz de Vehículos Ligeros. Venta de vehículos ","Nacional",2026,"07","BMW","Serie 7","Automóviles","De Lujo","IMPORTADO",4,1,"Cifras Revisadas"
"Registro Administrativo de la Industria Automotriz de Vehículos Ligeros. Venta de vehículos ","Nacional",2026,"07","BMW","XM","Automóviles","De Lujo","IMPORTADO",66,4,"Cifras Revisadas"
"Registro Administrativo de la Industria Automotriz de Vehículos Ligeros. Venta de vehículos ","Nacional",2026,"07","BMW","X1","Camiones ligeros","SUV's","IMPORTADO",4,181,"Cifras Revisadas"
"Registro Administrativo de la Industria Automotriz de Vehículos Ligeros. Venta de vehículos ","Nacional",2026,"07","BMW","X2","Camiones ligeros","SUV's","IMPORTADO",4,115,"Cifras Revisadas"
"Registro Administrativo de la Industria Automotriz de Vehículos Ligeros. Venta de vehículos ","Nacional",2026,"07","BMW","X3","Camiones ligeros","SUV's","IMPORTADO",66,283,"Cifras Revisadas"
"Registro Administrativo de la Industria Automotriz de Vehículos Ligeros. Venta de vehículos ","Nacional",2026,"07","BMW","X4","Camiones ligeros","SUV's","IMPORTADO",66,1,"Cifras Revisadas"
"Registro Administrativo de la Industria Automotriz de Vehículos Ligeros. Venta de vehículos ","Nacional",2026,"07","BMW","X5","Camiones ligeros","SUV's","IMPORTADO",66,135,"Cifras Revisadas"
"Registro Administrativo de la Industria Automotriz de Vehículos Ligeros. Venta de vehículos ","Nacional",2026,"07","BMW","X6","Camiones ligeros","SUV's","IMPORTADO",66,65,"Cifras Revisadas"
"Registro Administrativo de la Industria Automotriz de Vehículos Ligeros. Venta de vehículos ","Nacional",2026,"07","BMW","X7","Camiones ligeros","SUV's","IMPORTADO",66,23,"Cifras Revisadas"
"Registro Administrativo de la Industria Automotriz de Vehículos Ligeros. Venta de vehículos ","Nacional",2026,"07","BMW","Z4-","Automóviles","De Lujo","IMPORTADO",4,13,"Cifras Revisadas"
"Registro Administrativo de la Industria Automotriz de Vehículos Ligeros. Venta de vehículos ","Nacional",2026,"07","Changan","ALSVIN","Automóviles","Subcompactos","IMPORTADO",43,348,"Cifras Revisadas"
"Registro Administrativo de la Industria Automotriz de Vehículos Ligeros. Venta de vehículos ","Nacional",2026,"07","Changan","CS35 PLUS","Camiones ligeros","SUV's","IMPORTADO",43,156,"Cifras Revisadas"
"Registro Administrativo de la Industria Automotriz de Vehículos Ligeros. Venta de vehículos ","Nacional",2026,"07","Changan","CS55 PLUS","Camiones ligeros","SUV's","IMPORTADO",43,59,"Cifras Revisadas"
"Registro Administrativo de la Industria Automotriz de Vehículos Ligeros. Venta de vehículos ","Nacional",2026,"07","Changan","CS55 Plus IDD","Camiones ligeros","SUV's","IMPORTADO",43,86,"Cifras Revisadas"
"Registro Administrativo de la Industria Automotriz de Vehículos Ligeros. Venta de vehículos ","Nacional",2026,"07","Changan","CS75","Camiones ligeros","SUV's","IMPORTADO",43,44,"Cifras Revisadas"
"Registro Administrativo de la Industria Automotriz de Vehículos Ligeros. Venta de vehículos ","Nacional",2026,"07","Changan","CS95","Camiones ligeros","SUV's","IMPORTADO",43,4,"Cifras Revisadas"
"Registro Administrativo de la Industria Automotriz de Vehículos Ligeros. Venta de vehículos ","Nacional",2026,"07","Changan","DEEPAL S07 BEV","Camiones ligeros","SUV's","IMPORTADO",43,79,"Cifras Revisadas"
"Registro Administrativo de la Industria Automotriz de Vehículos Ligeros. Venta de vehículos ","Nacional",2026,"07","Changan","DEEPAL S07 REEV","Camiones ligeros","SUV's","IMPORTADO",43,31,"Cifras Revisadas"
"Registro Administrativo de la Industria Automotriz de Vehículos Ligeros. Venta de vehículos ","Nacional",2026,"07","Changan","Eado Plus","Automóviles","Compactos","IMPORTADO",43,122,"Cifras Revisadas"
"Registro Administrativo de la Industria Automotriz de Vehículos Ligeros. Venta de vehículos ","Nacional",2026,"07","Changan","Eado Plus IDD","Automóviles","Compactos","IMPORTADO",43,157,"Cifras Revisadas"
"Registro Administrativo de la Industria Automotriz de Vehículos Ligeros. Venta de vehículos ","Nacional",2026,"07","Changan","HONOR S","Camiones ligeros","Minivans","IMPORTADO",43,98,"Cifras Revisadas"
"Registro Administrativo de la Industria Automotriz de Vehículos Ligeros. Venta de vehículos ","Nacional",2026,"07","Changan","HUNTER CHASIS","Camiones ligeros","Pick Ups","IMPORTADO",43,36,"Cifras Revisadas"
"Registro Administrativo de la Industria Automotriz de Vehículos Ligeros. Venta de vehículos ","Nacional",2026,"07","Changan","HUNTER PLUS","Camiones ligeros","Pick Ups","IMPORTADO",43,34,"Cifras Revisadas"
"Registro Administrativo de la Industria Automotriz de Vehículos Ligeros. Venta de vehículos ","Nacional",2026,"07","Changan","HUNTER WORK","Camiones ligeros","Pick Ups","IMPORTADO",43,78,"Cifras Revisadas"
"Registro Administrativo de la Industria Automotriz de Vehículos Ligeros. Venta de vehículos ","Nacional",2026,"07","Changan","NEW STAR TRUCK","Camiones ligeros","Pick Ups","IMPORTADO",43,178,"Cifras Revisadas"
"Registro Administrativo de la Industria Automotriz de Vehículos Ligeros. Venta de vehículos ","Nacional",2026,"07","Changan","UNI-K","Camiones ligeros","SUV's","IMPORTADO",43,20,"Cifras Revisadas"
"Registro Administrativo de la Industria Automotriz de Vehículos Ligeros. Venta de vehículos ","Nacional",2026,"07","Chrysler","Charger","Automóviles","De Lujo","IMPORTADO",40,6,"Cifras Revisadas"
"Registro Administrativo de la Industria Automotriz de Vehículos Ligeros. Venta de vehículos ","Nacional",2026,"07","Chrysler","Cherokee","Camiones ligeros","SUV's","IMPORTADO",66,124,"Cifras Revisadas"
"Registro Administrativo de la Industria Automotriz de Vehículos Ligeros. Venta de vehículos ","Nacional",2026,"07","Chrysler","Commander","Camiones ligeros","SUV's","IMPORTADO",31,94,"Cifras Revisadas"
"Registro Administrativo de la Industria Automotriz de Vehículos Ligeros. Venta de vehículos ","Nacional",2026,"07","Chrysler","Crew Cab-","Camiones ligeros","Pick Ups","NACIONAL",1,506,"Cifras Revisadas"
"Registro Administrativo de la Industria Automotriz de Vehículos Ligeros. Venta de vehículos ","Nacional",2026,"07","Chrysler","Durango","Camiones ligeros","SUV's","IMPORTADO",66,33,"Cifras Revisadas"
"Registro Administrativo de la Industria Automotriz de Vehículos Ligeros. Venta de vehículos ","Nacional",2026,"07","Chrysler","Grand Cherokee","Camiones ligeros","SUV's","IMPORTADO",66,153,"Cifras Revisadas"
"Registro Administrativo de la Industria Automotriz de Vehículos Ligeros. Venta de vehículos ","Nacional",2026,"07","Chrysler","Jeep Compass","Camiones ligeros","SUV's","IMPORTADO",66,207,"Cifras Revisadas"
"Registro Administrativo de la Industria Automotriz de Vehículos Ligeros. Venta de vehículos ","Nacional",2026,"07","Chrysler","Jeep Compass-","Camiones ligeros","SUV's","NACIONAL",1,75,"Cifras Revisadas"
"Registro Administrativo de la Industria Automotriz de Vehículos Ligeros. Venta de vehículos ","Nacional",2026,"07","Chrysler","JT ","Camiones ligeros","Pick Ups","IMPORTADO",66,79,"Cifras Revisadas"
"Registro Administrativo de la Industria Automotriz de Vehículos Ligeros. Venta de vehículos ","Nacional",2026,"07","Chrysler","Nuevo Attitude","Automóviles","Compactos","IMPORTADO",43,1131,"Cifras Revisadas"
"Registro Administrativo de la Industria Automotriz de Vehículos Ligeros. Venta de vehículos ","Nacional",2026,"07","Chrysler","Promaster","Camiones ligeros","SUV's","NACIONAL",1,46,"Cifras Revisadas"
"Registro Administrativo de la Industria Automotriz de Vehículos Ligeros. Venta de vehículos ","Nacional",2026,"07","Chrysler","RAM DS","Camiones ligeros","Pick Ups","IMPORTADO",66,2,"Cifras Revisadas"
"Registro Administrativo de la Industria Automotriz de Vehículos Ligeros. Venta de vehículos ","Nacional",2026,"07","Chrysler","RAM 1200","Camiones ligeros","Pick Ups","NACIONAL",1,3475,"Cifras Revisadas"
"Registro Administrativo de la Industria Automotriz de Vehículos Ligeros. Venta de vehículos ","Nacional",2026,"07","Chrysler","RAM 4000","Camiones ligeros","Pick Ups","NACIONAL",1,185,"Cifras Revisadas"
"Registro Administrativo de la Industria Automotriz de Vehículos Ligeros. Venta de vehículos ","Nacional",2026,"07","Chrysler","RAM 700","Camiones ligeros","Pick Ups","IMPORTADO",31,1108,"Cifras Revisadas"
"Registro Administrativo de la Industria Automotriz de Vehículos Ligeros. Venta de vehículos ","Nacional",2026,"07","Chrysler","Renegade","Camiones ligeros","SUV's","IMPORTADO",31,103,"Cifras Revisadas"
"Registro Administrativo de la Industria Automotriz de Vehículos Ligeros. Venta de vehículos ","Nacional",2026,"07","Chrysler","Wagoneer","Camiones ligeros","SUV's","IMPORTADO",66,11,"Cifras Revisadas"
"Registro Administrativo de la Industria Automotriz de Vehículos Ligeros. Venta de vehículos ","Nacional",2026,"07","Chrysler","Wrangler","Camiones ligeros","SUV's","IMPORTADO",66,153,"Cifras Revisadas"
"Registro Administrativo de la Industria Automotriz de Vehículos Ligeros. Venta de vehículos ","Nacional",2026,"07","Fiat","Argo","Automóviles","Subcompactos","IMPORTADO",31,1,"Cifras Revisadas"
"Registro Administrativo de la Industria Automotriz de Vehículos Ligeros. Venta de vehículos ","Nacional",2026,"07","Fiat","FASTBACK","Camiones ligeros","SUV's","IMPORTADO",31,44,"Cifras Revisadas"
"Registro Administrativo de la Industria Automotriz de Vehículos Ligeros. Venta de vehículos ","Nacional",2026,"07","Fiat","Fiat 500","Automóviles","Subcompactos","IMPORTADO",124,3,"Cifras Revisadas"
"Registro Administrativo de la Industria Automotriz de Vehículos Ligeros. Venta de vehículos ","Nacional",2026,"07","Fiat","Pulse","Camiones ligeros","SUV's","IMPORTADO",31,205,"Cifras Revisadas"
"Registro Administrativo de la Industria Automotriz de Vehículos Ligeros. Venta de vehículos ","Nacional",2026,"07","Ford Motor","Bronco","Camiones ligeros","SUV's","IMPORTADO",66,61,"Cifras Revisadas"
"Registro Administrativo de la Industria Automotriz de Vehículos Ligeros. Venta de vehículos ","Nacional",2026,"07","Ford Motor","Bronco Sport","Camiones ligeros","SUV's","NACIONAL",1,96,"Cifras Revisadas"
"Registro Administrativo de la Industria Automotriz de Vehículos Ligeros. Venta de vehículos ","Nacional",2026,"07","Ford Motor","Edge","Camiones ligeros","SUV's","IMPORTADO",40,395,"Cifras Revisadas"
"Registro Administrativo de la Industria Automotriz de Vehículos Ligeros. Venta de vehículos ","Nacional",2026,"07","Ford Motor","E-Transit","Camiones ligeros","Pick Ups","IMPORTADO",66,13,"Cifras Revisadas"
"Registro Administrativo de la Industria Automotriz de Vehículos Ligeros. Venta de vehículos ","Nacional",2026,"07","Ford Motor","Expedition","Camiones ligeros","Minivans","IMPORTADO",66,54,"Cifras Revisadas"
"Registro Administrativo de la Industria Automotriz de Vehículos Ligeros. Venta de vehículos ","Nacional",2026,"07","Ford Motor","Explorer","Camiones ligeros","SUV's","IMPORTADO",66,139,"Cifras Revisadas"
"Registro Administrativo de la Industria Automotriz de Vehículos Ligeros. Venta de vehículos ","Nacional",2026,"07","Ford Motor","F 250 Super Duty","Camiones ligeros","Pick Ups","IMPORTADO",66,44,"Cifras Revisadas"
"Registro Administrativo de la Industria Automotriz de Vehículos Ligeros. Venta de vehículos ","Nacional",2026,"07","Ford Motor","F-350","Camiones ligeros","Pick Ups","IMPORTADO",66,214,"Cifras Revisadas"
"Registro Administrativo de la Industria Automotriz de Vehículos Ligeros. Venta de vehículos ","Nacional",2026,"07","Ford Motor","F-450","Camiones ligeros","Pick Ups","IMPORTADO",66,168,"Cifras Revisadas"
"Registro Administrativo de la Industria Automotriz de Vehículos Ligeros. Venta de vehículos ","Nacional",2026,"07","Ford Motor","F-550","Camiones ligeros","Pick Ups","IMPORTADO",66,83,"Cifras Revisadas"
"Registro Administrativo de la Industria Automotriz de Vehículos Ligeros. Venta de vehículos ","Nacional",2026,"07","Ford Motor","Lobo Regular Cab","Camiones ligeros","Pick Ups","IMPORTADO",66,215,"Cifras Revisadas"
"Registro Administrativo de la Industria Automotriz de Vehículos Ligeros. Venta de vehículos ","Nacional",2026,"07","Ford Motor","Maverick","Camiones ligeros","Pick Ups","NACIONAL",1,184,"Cifras Revisadas"
"Registro Administrativo de la Industria Automotriz de Vehículos Ligeros. Venta de vehículos ","Nacional",2026,"07","Ford Motor","Mustang","Automóviles","Deportivos","IMPORTADO",66,64,"Cifras Revisadas"
"Registro Administrativo de la Industria Automotriz de Vehículos Ligeros. Venta de vehículos ","Nacional",2026,"07","Ford Motor","Mustang Mach-E","Camiones ligeros","SUV's","NACIONAL",1,11,"Cifras Revisadas"
"Registro Administrativo de la Industria Automotriz de Vehículos Ligeros. Venta de vehículos ","Nacional",2026,"07","Ford Motor","Ranger","Camiones ligeros","Pick Ups","IMPORTADO",12,377,"Cifras Revisadas"
"Registro Administrativo de la Industria Automotriz de Vehículos Ligeros. Venta de vehículos ","Nacional",2026,"07","Ford Motor","Ranger Crew Cab","Camiones ligeros","Pick Ups","IMPORTADO",12,276,"Cifras Revisadas"
"Registro Administrativo de la Industria Automotriz de Vehículos Ligeros. Venta de vehículos ","Nacional",2026,"07","Ford Motor","Territory","Camiones ligeros","SUV's","IMPORTADO",43,1740,"Cifras Revisadas"
"Registro Administrativo de la Industria Automotriz de Vehículos Ligeros. Venta de vehículos ","Nacional",2026,"07","Ford Motor","Transit","Camiones ligeros","SUV's","IMPORTADO",181,408,"Cifras Revisadas"
"Registro Administrativo de la Industria Automotriz de Vehículos Ligeros. Venta de vehículos ","Nacional",2026,"07","Foton","HI VAN EV","Camiones ligeros","SUV's","IMPORTADO",43,0,"Cifras Revisadas"
"Registro Administrativo de la Industria Automotriz de Vehículos Ligeros. Venta de vehículos ","Nacional",2026,"07","Foton","HI-VAN","Camiones ligeros","SUV's","IMPORTADO",43,18,"Cifras Revisadas"
"Registro Administrativo de la Industria Automotriz de Vehículos Ligeros. Venta de vehículos ","Nacional",2026,"07","Foton","MILER","Camiones ligeros","Pick Ups","IMPORTADO",43,0,"Cifras Revisadas"
"Registro Administrativo de la Industria Automotriz de Vehículos Ligeros. Venta de vehículos ","Nacional",2026,"07","Foton","S3","Camiones ligeros","Pick Ups","IMPORTADO",43,39,"Cifras Revisadas"
"Registro Administrativo de la Industria Automotriz de Vehículos Ligeros. Venta de vehículos ","Nacional",2026,"07","Foton","S3 EV","Camiones ligeros","Pick Ups","IMPORTADO",43,3,"Cifras Revisadas"
"Registro Administrativo de la Industria Automotriz de Vehículos Ligeros. Venta de vehículos ","Nacional",2026,"07","Foton","TM EV","Camiones ligeros","Pick Ups","IMPORTADO",43,1,"Cifras Revisadas"
"Registro Administrativo de la Industria Automotriz de Vehículos Ligeros. Venta de vehículos ","Nacional",2026,"07","Foton","TM 3","Camiones ligeros","Pick Ups","IMPORTADO",43,1,"Cifras Revisadas"
"Registro Administrativo de la Industria Automotriz de Vehículos Ligeros. Venta de vehículos ","Nacional",2026,"07","Foton","TUNLAND","Camiones ligeros","Pick Ups","IMPORTADO",43,42,"Cifras Revisadas"
"Registro Administrativo de la Industria Automotriz de Vehículos Ligeros. Venta de vehículos ","Nacional",2026,"07","Foton","Tunland EV","Camiones ligeros","Pick Ups","IMPORTADO",43,3,"Cifras Revisadas"
"Registro Administrativo de la Industria Automotriz de Vehículos Ligeros. Venta de vehículos ","Nacional",2026,"07","Foton","VIEW","Camiones ligeros","SUV's","IMPORTADO",43,31,"Cifras Revisadas"
"Registro Administrativo de la Industria Automotriz de Vehículos Ligeros. Venta de vehículos ","Nacional",2026,"07","Foton","VIEW EV","Camiones ligeros","SUV's","IMPORTADO",43,0,"Cifras Revisadas"
"Registro Administrativo de la Industria Automotriz de Vehículos Ligeros. Venta de vehículos ","Nacional",2026,"07","Foton","WONDER","Camiones ligeros","Pick Ups","IMPORTADO",43,4,"Cifras Revisadas"
"Registro Administrativo de la Industria Automotriz de Vehículos Ligeros. Venta de vehículos ","Nacional",2026,"07","Foton","Wonder EV","Camiones ligeros","Pick Ups","IMPORTADO",43,0,"Cifras Revisadas"
"Registro Administrativo de la Industria Automotriz de Vehículos Ligeros. Venta de vehículos ","Nacional",2026,"07","Geely","Cityray","Camiones ligeros","SUV's","IMPORTADO",43,128,"Cifras Revisadas"
"Registro Administrativo de la Industria Automotriz de Vehículos Ligeros. Venta de vehículos ","Nacional",2026,"07","Geely","Coolray","Camiones ligeros","SUV's","IMPORTADO",43,527,"Cifras Revisadas"
"Registro Administrativo de la Industria Automotriz de Vehículos Ligeros. Venta de vehículos ","Nacional",2026,"07","Geely","Emgrand","Automóviles","Subcompactos","IMPORTADO",43,1719,"Cifras Revisadas"
"Registro Administrativo de la Industria Automotriz de Vehículos Ligeros. Venta de vehículos ","Nacional",2026,"07","Geely","EX2","Camiones ligeros","SUV's","IMPORTADO",43,855,"Cifras Revisadas"
"Registro Administrativo de la Industria Automotriz de Vehículos Ligeros. Venta de vehículos ","Nacional",2026,"07","Geely","EX5","Camiones ligeros","SUV's","IMPORTADO",43,24,"Cifras Revisadas"
"Registro Administrativo de la Industria Automotriz de Vehículos Ligeros. Venta de vehículos ","Nacional",2026,"07","Geely","EX5 EM-i","Camiones ligeros","SUV's","IMPORTADO",43,823,"Cifras Revisadas"
"Registro Administrativo de la Industria Automotriz de Vehículos Ligeros. Venta de vehículos ","Nacional",2026,"07","Geely","Geometry C","Camiones ligeros","SUV's","IMPORTADO",43,0,"Cifras Revisadas"
"Registro Administrativo de la Industria Automotriz de Vehículos Ligeros. Venta de vehículos ","Nacional",2026,"07","Geely","Gx3 Pro","Camiones ligeros","SUV's","IMPORTADO",43,26,"Cifras Revisadas"
"Registro Administrativo de la Industria Automotriz de Vehículos Ligeros. Venta de vehículos ","Nacional",2026,"07","Geely","Monjaro","Camiones ligeros","SUV's","IMPORTADO",43,77,"Cifras Revisadas"
"Registro Administrativo de la Industria Automotriz de Vehículos Ligeros. Venta de vehículos ","Nacional",2026,"07","Geely","Okavango","Camiones ligeros","SUV's","IMPORTADO",43,2,"Cifras Revisadas"
"Registro Administrativo de la Industria Automotriz de Vehículos Ligeros. Venta de vehículos ","Nacional",2026,"07","Geely","Starray","Camiones ligeros","SUV's","IMPORTADO",43,22,"Cifras Revisadas"
"Registro Administrativo de la Industria Automotriz de Vehículos Ligeros. Venta de vehículos ","Nacional",2026,"07","General Motors","Acadia","Camiones ligeros","SUV's","IMPORTADO",66,58,"Cifras Revisadas"
"Registro Administrativo de la Industria Automotriz de Vehículos Ligeros. Venta de vehículos ","Nacional",2026,"07","General Motors","Ats 4p","Automóviles","De Lujo","IMPORTADO",66,0,"Cifras Revisadas"
"Registro Administrativo de la Industria Automotriz de Vehículos Ligeros. Venta de vehículos ","Nacional",2026,"07","General Motors","Avalanche UUV","Camiones ligeros","Pick Ups","NACIONAL",1,0,"Cifras Revisadas"
"Registro Administrativo de la Industria Automotriz de Vehículos Ligeros. Venta de vehículos ","Nacional",2026,"07","General Motors","Aveo","Automóviles","Subcompactos","IMPORTADO",43,5216,"Cifras Revisadas"
"Registro Administrativo de la Industria Automotriz de Vehículos Ligeros. Venta de vehículos ","Nacional",2026,"07","General Motors","Aveo-","Automóviles","Subcompactos","NACIONAL",1,0,"Cifras Revisadas"
"Registro Administrativo de la Industria Automotriz de Vehículos Ligeros. Venta de vehículos ","Nacional",2026,"07","General Motors","Aveo HB","Automóviles","Subcompactos","IMPORTADO",43,0,"Cifras Revisadas"
"Registro Administrativo de la Industria Automotriz de Vehículos Ligeros. Venta de vehículos ","Nacional",2026,"07","General Motors","Beat","Automóviles","Subcompactos","IMPORTADO",95,0,"Cifras Revisadas"
"Registro Administrativo de la Industria Automotriz de Vehículos Ligeros. Venta de vehículos ","Nacional",2026,"07","General Motors","Beat 4 PTAS.","Automóviles","Subcompactos","IMPORTADO",95,0,"Cifras Revisadas"
"Registro Administrativo de la Industria Automotriz de Vehículos Ligeros. Venta de vehículos ","Nacional",2026,"07","General Motors","Blazer","Camiones ligeros","SUV's","NACIONAL",1,15,"Cifras Revisadas"
"Registro Administrativo de la Industria Automotriz de Vehículos Ligeros. Venta de vehículos ","Nacional",2026,"07","General Motors","Blazer EV","Camiones ligeros","SUV's","NACIONAL",1,8,"Cifras Revisadas"
"Registro Administrativo de la Industria Automotriz de Vehículos Ligeros. Venta de vehículos ","Nacional",2026,"07","General Motors","Bolt","Automóviles","Subcompactos","IMPORTADO",66,0,"Cifras Revisadas"
"Registro Administrativo de la Industria Automotriz de Vehículos Ligeros. Venta de vehículos ","Nacional",2026,"07","General Motors","Bolt EUV","Camiones ligeros","SUV's","IMPORTADO",66,0,"Cifras Revisadas"
"Registro Administrativo de la Industria Automotriz de Vehículos Ligeros. Venta de vehículos ","Nacional",2026,"07","General Motors","Brightdrop","Camiones ligeros","Minivans","IMPORTADO",40,3,"Cifras Revisadas"
"Registro Administrativo de la Industria Automotriz de Vehículos Ligeros. Venta de vehículos ","Nacional",2026,"07","General Motors","Camaro","Automóviles","Deportivos","IMPORTADO",66,0,"Cifras Revisadas"
"Registro Administrativo de la Industria Automotriz de Vehículos Ligeros. Venta de vehículos ","Nacional",2026,"07","General Motors","Camaro Convertible","Automóviles","De Lujo","IMPORTADO",66,0,"Cifras Revisadas"
"Registro Administrativo de la Industria Automotriz de Vehículos Ligeros. Venta de vehículos ","Nacional",2026,"07","General Motors","Canyon Crew Cab 4x4","Camiones ligeros","Pick Ups","IMPORTADO",66,155,"Cifras Revisadas"
"Registro Administrativo de la Industria Automotriz de Vehículos Ligeros. Venta de vehículos ","Nacional",2026,"07","General Motors","Captiva Sport","Camiones ligeros","SUV's","NACIONAL",1,0,"Cifras Revisadas"
"Registro Administrativo de la Industria Automotriz de Vehículos Ligeros. Venta de vehículos ","Nacional",2026,"07","General Motors","Captiva SUV","Camiones ligeros","SUV's","IMPORTADO",43,2054,"Cifras Revisadas"
"Registro Administrativo de la Industria Automotriz de Vehículos Ligeros. Venta de vehículos ","Nacional",2026,"07","General Motors","Cavalier 4 Ptas","Automóviles","Compactos","IMPORTADO",43,10,"Cifras Revisadas"
"Registro Administrativo de la Industria Automotriz de Vehículos Ligeros. Venta de vehículos ","Nacional",2026,"07","General Motors","Chevrolet Express Cargo Van","Camiones ligeros","Minivans","IMPORTADO",66,1,"Cifras Revisadas"
"Registro Administrativo de la Industria Automotriz de Vehículos Ligeros. Venta de vehículos ","Nacional",2026,"07","General Motors","Chevrolet Express Cutaway","Camiones ligeros","Minivans","IMPORTADO",66,0,"Cifras Revisadas"
"Registro Administrativo de la Industria Automotriz de Vehículos Ligeros. Venta de vehículos ","Nacional",2026,"07","General Motors","Chevrolet Express MAX Cargo Van","Camiones ligeros","Minivans","IMPORTADO",43,42,"Cifras Revisadas"
"Registro Administrativo de la Industria Automotriz de Vehículos Ligeros. Venta de vehículos ","Nacional",2026,"07","General Motors","Chevrolet Express Passenger Van","Camiones ligeros","Minivans","IMPORTADO",66,0,"Cifras Revisadas"
"Registro Administrativo de la Industria Automotriz de Vehículos Ligeros. Venta de vehículos ","Nacional",2026,"07","General Motors","Chevy 3 Ptas","Automóviles","Subcompactos","NACIONAL",1,0,"Cifras Revisadas"
"Registro Administrativo de la Industria Automotriz de Vehículos Ligeros. Venta de vehículos ","Nacional",2026,"07","General Motors","Chevy 4 PTAS","Automóviles","Subcompactos","NACIONAL",1,0,"Cifras Revisadas"
"Registro Administrativo de la Industria Automotriz de Vehículos Ligeros. Venta de vehículos ","Nacional",2026,"07","General Motors","Cheyenne  Doble Cabina","Camiones ligeros","Pick Ups","NACIONAL",1,207,"Cifras Revisadas"
"Registro Administrativo de la Industria Automotriz de Vehículos Ligeros. Venta de vehículos ","Nacional",2026,"07","General Motors","Cheyenne Cabina Regular","Camiones ligeros","Pick Ups","NACIONAL",1,47,"Cifras Revisadas"
"Registro Administrativo de la Industria Automotriz de Vehículos Ligeros. Venta de vehículos ","Nacional",2026,"07","General Motors","Cheyenne Doble Cabina","Camiones ligeros","Pick Ups","IMPORTADO",66,0,"Cifras Revisadas"
"Registro Administrativo de la Industria Automotriz de Vehículos Ligeros. Venta de vehículos ","Nacional",2026,"07","General Motors","Colorado Doble Cabina","Camiones ligeros","Pick Ups","IMPORTADO",66,119,"Cifras Revisadas"
"Registro Administrativo de la Industria Automotriz de Vehículos Ligeros. Venta de vehículos ","Nacional",2026,"07","General Motors","Corvette","Automóviles","Deportivos","IMPORTADO",66,0,"Cifras Revisadas"
"Registro Administrativo de la Industria Automotriz de Vehículos Ligeros. Venta de vehículos ","Nacional",2026,"07","General Motors","Corvette 2  Pts. Convertible","Automóviles","De Lujo","IMPORTADO",66,0,"Cifras Revisadas"
"Registro Administrativo de la Industria Automotriz de Vehículos Ligeros. Venta de vehículos ","Nacional",2026,"07","General Motors","Cruze 4 PTAS-","Automóviles","Compactos","NACIONAL",1,0,"Cifras Revisadas"
"Registro Administrativo de la Industria Automotriz de Vehículos Ligeros. Venta de vehículos ","Nacional",2026,"07","General Motors","Cruze 4 Ptas","Automóviles","Compactos","IMPORTADO",48,0,"Cifras Revisadas"
"Registro Administrativo de la Industria Automotriz de Vehículos Ligeros. Venta de vehículos ","Nacional",2026,"07","General Motors","Cruze 5 Ptas","Automóviles","Compactos","NACIONAL",1,0,"Cifras Revisadas"
"Registro Administrativo de la Industria Automotriz de Vehículos Ligeros. Venta de vehículos ","Nacional",2026,"07","General Motors","Cts 2 Ptas","Automóviles","De Lujo","IMPORTADO",66,0,"Cifras Revisadas"
"Registro Administrativo de la Industria Automotriz de Vehículos Ligeros. Venta de vehículos ","Nacional",2026,"07","General Motors","Cts 4 Ptas","Automóviles","De Lujo","IMPORTADO",66,0,"Cifras Revisadas"
"Registro Administrativo de la Industria Automotriz de Vehículos Ligeros. Venta de vehículos ","Nacional",2026,"07","General Motors","Enclave","Camiones ligeros","SUV's","IMPORTADO",66,44,"Cifras Revisadas"
"Registro Administrativo de la Industria Automotriz de Vehículos Ligeros. Venta de vehículos ","Nacional",2026,"07","General Motors","Encore","Camiones ligeros","SUV's","IMPORTADO",48,19,"Cifras Revisadas"
"Registro Administrativo de la Industria Automotriz de Vehículos Ligeros. Venta de vehículos ","Nacional",2026,"07","General Motors","Envision SUV","Camiones ligeros","SUV's","IMPORTADO",43,31,"Cifras Revisadas"
"Registro Administrativo de la Industria Automotriz de Vehículos Ligeros. Venta de vehículos ","Nacional",2026,"07","General Motors","Envista SUV","Camiones ligeros","SUV's","IMPORTADO",48,118,"Cifras Revisadas"
"Registro Administrativo de la Industria Automotriz de Vehículos Ligeros. Venta de vehículos ","Nacional",2026,"07","General Motors","Epica","Automóviles","Compactos","IMPORTADO",48,0,"Cifras Revisadas"
"Registro Administrativo de la Industria Automotriz de Vehículos Ligeros. Venta de vehículos ","Nacional",2026,"07","General Motors","Equinox EV","Camiones ligeros","SUV's","NACIONAL",1,31,"Cifras Revisadas"
"Registro Administrativo de la Industria Automotriz de Vehículos Ligeros. Venta de vehículos ","Nacional",2026,"07","General Motors","Equinox SUV-","Camiones ligeros","SUV's","NACIONAL",1,0,"Cifras Revisadas"
"Registro Administrativo de la Industria Automotriz de Vehículos Ligeros. Venta de vehículos ","Nacional",2026,"07","General Motors","Equinox Suv","Camiones ligeros","SUV's","IMPORTADO",66,0,"Cifras Revisadas"
"Registro Administrativo de la Industria Automotriz de Vehículos Ligeros. Venta de vehículos ","Nacional",2026,"07","General Motors","Escalade ESV SUV AWD","Camiones ligeros","Minivans","IMPORTADO",66,41,"Cifras Revisadas"
"Registro Administrativo de la Industria Automotriz de Vehículos Ligeros. Venta de vehículos ","Nacional",2026,"07","General Motors","Escalade ESV SUV AWD","Camiones ligeros","Minivans","NACIONAL",1,0,"Cifras Revisadas"
"Registro Administrativo de la Industria Automotriz de Vehículos Ligeros. Venta de vehículos ","Nacional",2026,"07","General Motors","Escalade EXT UUV 4X4","Camiones ligeros","Minivans","NACIONAL",1,0,"Cifras Revisadas"
"Registro Administrativo de la Industria Automotriz de Vehículos Ligeros. Venta de vehículos ","Nacional",2026,"07","General Motors","Escalade IQ Suv","Camiones ligeros","SUV's","NACIONAL",1,6,"Cifras Revisadas"
"Registro Administrativo de la Industria Automotriz de Vehículos Ligeros. Venta de vehículos ","Nacional",2026,"07","General Motors","Escalade IQL Suv","Camiones ligeros","SUV's","NACIONAL",1,6,"Cifras Revisadas"
"Registro Administrativo de la Industria Automotriz de Vehículos Ligeros. Venta de vehículos ","Nacional",2026,"07","General Motors","Escalade Suv","Camiones ligeros","Minivans","IMPORTADO",66,47,"Cifras Revisadas"
"Registro Administrativo de la Industria Automotriz de Vehículos Ligeros. Venta de vehículos ","Nacional",2026,"07","General Motors","GMC Sierra Cabina Regular","Camiones ligeros","Pick Ups","IMPORTADO",66,0,"Cifras Revisadas"
"Registro Administrativo de la Industria Automotriz de Vehículos Ligeros. Venta de vehículos ","Nacional",2026,"07","General Motors","GMC Sierra Doble Cabina","Camiones ligeros","Pick Ups","NACIONAL",1,0,"Cifras Revisadas"
"Registro Administrativo de la Industria Automotriz de Vehículos Ligeros. Venta de vehículos ","Nacional",2026,"07","General Motors","Groove SUV","Camiones ligeros","SUV's","IMPORTADO",43,2047,"Cifras Revisadas"
"Registro Administrativo de la Industria Automotriz de Vehículos Ligeros. Venta de vehículos ","Nacional",2026,"07","General Motors","Hummer EV Pickup","Camiones ligeros","Pick Ups","IMPORTADO",66,5,"Cifras Revisadas"
"Registro Administrativo de la Industria Automotriz de Vehículos Ligeros. Venta de vehículos ","Nacional",2026,"07","General Motors","Hummer EV SUV","Camiones ligeros","SUV's","IMPORTADO",66,3,"Cifras Revisadas"
"Registro Administrativo de la Industria Automotriz de Vehículos Ligeros. Venta de vehículos ","Nacional",2026,"07","General Motors","Kodiak Chassis Cab Class 7 PBV33,000","Camiones ligeros","Pick Ups","NACIONAL",1,0,"Cifras Revisadas"
"Registro Administrativo de la Industria Automotriz de Vehículos Ligeros. Venta de vehículos ","Nacional",2026,"07","General Motors","Lacrosse","Automóviles","De Lujo","IMPORTADO",66,0,"Cifras Revisadas"
"Registro Administrativo de la Industria Automotriz de Vehículos Ligeros. Venta de vehículos ","Nacional",2026,"07","General Motors","Lyriq SUV ","Camiones ligeros","SUV's","IMPORTADO",66,2,"Cifras Revisadas"
"Registro Administrativo de la Industria Automotriz de Vehículos Ligeros. Venta de vehículos ","Nacional",2026,"07","General Motors","Malibu 4 Ptas","Automóviles","Compactos","IMPORTADO",66,0,"Cifras Revisadas"
"Registro Administrativo de la Industria Automotriz de Vehículos Ligeros. Venta de vehículos ","Nacional",2026,"07","General Motors","Matiz 5 Ptas","Automóviles","Subcompactos","IMPORTADO",48,0,"Cifras Revisadas"
"Registro Administrativo de la Industria Automotriz de Vehículos Ligeros. Venta de vehículos ","Nacional",2026,"07","General Motors","Montana Crew Cab","Camiones ligeros","Pick Ups","IMPORTADO",31,174,"Cifras Revisadas"
"Registro Administrativo de la Industria Automotriz de Vehículos Ligeros. Venta de vehículos ","Nacional",2026,"07","General Motors","Onix","Automóviles","Compactos","IMPORTADO",43,635,"Cifras Revisadas"
"Registro Administrativo de la Industria Automotriz de Vehículos Ligeros. Venta de vehículos ","Nacional",2026,"07","General Motors","Onix","Automóviles","Compactos","NACIONAL",1,0,"Cifras Revisadas"
"Registro Administrativo de la Industria Automotriz de Vehículos Ligeros. Venta de vehículos ","Nacional",2026,"07","General Motors","Optiq","Camiones ligeros","SUV's","NACIONAL",1,6,"Cifras Revisadas"
"Registro Administrativo de la Industria Automotriz de Vehículos Ligeros. Venta de vehículos ","Nacional",2026,"07","General Motors","Regal","Automóviles","De Lujo","IMPORTADO",40,0,"Cifras Revisadas"
"Registro Administrativo de la Industria Automotriz de Vehículos Ligeros. Venta de vehículos ","Nacional",2026,"07","General Motors","Sierra Cabina Regular","Camiones ligeros","Pick Ups","NACIONAL",1,67,"Cifras Revisadas"
"Registro Administrativo de la Industria Automotriz de Vehículos Ligeros. Venta de vehículos ","Nacional",2026,"07","General Motors","Sierra Doble Cabina","Camiones ligeros","Pick Ups","IMPORTADO",66,66,"Cifras Revisadas"
"Registro Administrativo de la Industria Automotriz de Vehículos Ligeros. Venta de vehículos ","Nacional",2026,"07","General Motors","Sierra Doble Cabina","Camiones ligeros","Pick Ups","NACIONAL",1,108,"Cifras Revisadas"
"Registro Administrativo de la Industria Automotriz de Vehículos Ligeros. Venta de vehículos ","Nacional",2026,"07","General Motors","Silverado Cabina Regular","Camiones ligeros","Pick Ups","NACIONAL",1,36,"Cifras Revisadas"
"Registro Administrativo de la Industria Automotriz de Vehículos Ligeros. Venta de vehículos ","Nacional",2026,"07","General Motors","Silverado Doble Cabina","Camiones ligeros","Pick Ups","NACIONAL",1,76,"Cifras Revisadas"
"Registro Administrativo de la Industria Automotriz de Vehículos Ligeros. Venta de vehículos ","Nacional",2026,"07","General Motors","Silverado 1500 Cabina Regular","Camiones ligeros","Pick Ups","IMPORTADO",66,0,"Cifras Revisadas"
"Registro Administrativo de la Industria Automotriz de Vehículos Ligeros. Venta de vehículos ","Nacional",2026,"07","General Motors","Silverado 1500 Cabina Regular-","Camiones ligeros","Pick Ups","NACIONAL",1,0,"Cifras Revisadas"
"Registro Administrativo de la Industria Automotriz de Vehículos Ligeros. Venta de vehículos ","Nacional",2026,"07","General Motors","Silverado 2500 Cabina Extendida","Camiones ligeros","Pick Ups","IMPORTADO",66,0,"Cifras Revisadas"
"Registro Administrativo de la Industria Automotriz de Vehículos Ligeros. Venta de vehículos ","Nacional",2026,"07","General Motors","Silverado 2500 Cabina Regular","Camiones ligeros","Pick Ups","IMPORTADO",66,0,"Cifras Revisadas"
"Registro Administrativo de la Industria Automotriz de Vehículos Ligeros. Venta de vehículos ","Nacional",2026,"07","General Motors","Silverado 2500 Cabina Regular-","Camiones ligeros","Pick Ups","NACIONAL",1,0,"Cifras Revisadas"
"Registro Administrativo de la Industria Automotriz de Vehículos Ligeros. Venta de vehículos ","Nacional",2026,"07","General Motors","Silverado 2500 Doble Cabina-","Camiones ligeros","Pick Ups","NACIONAL",1,0,"Cifras Revisadas"
"Registro Administrativo de la Industria Automotriz de Vehículos Ligeros. Venta de vehículos ","Nacional",2026,"07","General Motors","Silverado 3500 Chassis Cab","Camiones ligeros","Pick Ups","NACIONAL",1,0,"Cifras Revisadas"
"Registro Administrativo de la Industria Automotriz de Vehículos Ligeros. Venta de vehículos ","Nacional",2026,"07","General Motors","Silverado 3500 HD Chassis Cab Heavy Duty","Camiones ligeros","Pick Ups","NACIONAL",1,0,"Cifras Revisadas"
"Registro Administrativo de la Industria Automotriz de Vehículos Ligeros. Venta de vehículos ","Nacional",2026,"07","General Motors","Sonic-","Automóviles","Subcompactos","NACIONAL",1,0,"Cifras Revisadas"
"Registro Administrativo de la Industria Automotriz de Vehículos Ligeros. Venta de vehículos ","Nacional",2026,"07","General Motors","Sonic 5 PTS","Automóviles","Subcompactos","IMPORTADO",66,0,"Cifras Revisadas"
"Registro Administrativo de la Industria Automotriz de Vehículos Ligeros. Venta de vehículos ","Nacional",2026,"07","General Motors","Sonic 5 PTS-","Automóviles","Subcompactos","NACIONAL",1,0,"Cifras Revisadas"
"Registro Administrativo de la Industria Automotriz de Vehículos Ligeros. Venta de vehículos ","Nacional",2026,"07","General Motors","Spark","Automóviles","Subcompactos","IMPORTADO",95,0,"Cifras Revisadas"
"Registro Administrativo de la Industria Automotriz de Vehículos Ligeros. Venta de vehículos ","Nacional",2026,"07","General Motors","Spark EUV 4 dr.","Camiones ligeros","SUV's","IMPORTADO",43,319,"Cifras Revisadas"
"Registro Administrativo de la Industria Automotriz de Vehículos Ligeros. Venta de vehículos ","Nacional",2026,"07","General Motors","Spark EV 5 Ptas.","Automóviles","Subcompactos","IMPORTADO",48,0,"Cifras Revisadas"
"Registro Administrativo de la Industria Automotriz de Vehículos Ligeros. Venta de vehículos ","Nacional",2026,"07","General Motors","Spark NG","Automóviles","Subcompactos","IMPORTADO",48,0,"Cifras Revisadas"
"Registro Administrativo de la Industria Automotriz de Vehículos Ligeros. Venta de vehículos ","Nacional",2026,"07","General Motors","SRX SUV-","Camiones ligeros","SUV's","NACIONAL",1,0,"Cifras Revisadas"
"Registro Administrativo de la Industria Automotriz de Vehículos Ligeros. Venta de vehículos ","Nacional",2026,"07","General Motors","Suburban Suv","Camiones ligeros","SUV's","IMPORTADO",66,116,"Cifras Revisadas"
"Registro Administrativo de la Industria Automotriz de Vehículos Ligeros. Venta de vehículos ","Nacional",2026,"07","General Motors","S10","Camiones ligeros","Pick Ups","IMPORTADO",31,1577,"Cifras Revisadas"
"Registro Administrativo de la Industria Automotriz de Vehículos Ligeros. Venta de vehículos ","Nacional",2026,"07","General Motors","S10 Max Cabina Regular","Camiones ligeros","Pick Ups","IMPORTADO",43,0,"Cifras Revisadas"
"Registro Administrativo de la Industria Automotriz de Vehículos Ligeros. Venta de vehículos ","Nacional",2026,"07","General Motors","S10 Max Chassis","Camiones ligeros","Pick Ups","IMPORTADO",43,0,"Cifras Revisadas"
"Registro Administrativo de la Industria Automotriz de Vehículos Ligeros. Venta de vehículos ","Nacional",2026,"07","General Motors","S10 Max Doble Cabina","Camiones ligeros","Pick Ups","IMPORTADO",43,0,"Cifras Revisadas"
"Registro Administrativo de la Industria Automotriz de Vehículos Ligeros. Venta de vehículos ","Nacional",2026,"07","General Motors","Tahoe","Camiones ligeros","SUV's","IMPORTADO",66,109,"Cifras Revisadas"
"Registro Administrativo de la Industria Automotriz de Vehículos Ligeros. Venta de vehículos ","Nacional",2026,"07","General Motors","Terrain SUV-","Camiones ligeros","SUV's","NACIONAL",1,197,"Cifras Revisadas"
"Registro Administrativo de la Industria Automotriz de Vehículos Ligeros. Venta de vehículos ","Nacional",2026,"07","General Motors","Terrain Suv","Camiones ligeros","SUV's","IMPORTADO",40,0,"Cifras Revisadas"
"Registro Administrativo de la Industria Automotriz de Vehículos Ligeros. Venta de vehículos ","Nacional",2026,"07","General Motors","Tornado Pickup","Camiones ligeros","Pick Ups","IMPORTADO",31,0,"Cifras Revisadas"
"Registro Administrativo de la Industria Automotriz de Vehículos Ligeros. Venta de vehículos ","Nacional",2026,"07","General Motors","Tornado Van","Camiones ligeros","Minivans","IMPORTADO",43,1394,"Cifras Revisadas"
"Registro Administrativo de la Industria Automotriz de Vehículos Ligeros. Venta de vehículos ","Nacional",2026,"07","General Motors","Tracker","Camiones ligeros","SUV's","IMPORTADO",31,196,"Cifras Revisadas"
"Registro Administrativo de la Industria Automotriz de Vehículos Ligeros. Venta de vehículos ","Nacional",2026,"07","General Motors","Traverse Suv","Camiones ligeros","SUV's","IMPORTADO",66,109,"Cifras Revisadas"
"Registro Administrativo de la Industria Automotriz de Vehículos Ligeros. Venta de vehículos ","Nacional",2026,"07","General Motors","Trax","Camiones ligeros","SUV's","NACIONAL",1,573,"Cifras Revisadas"
"Registro Administrativo de la Industria Automotriz de Vehículos Ligeros. Venta de vehículos ","Nacional",2026,"07","General Motors","Verano","Automóviles","De Lujo","IMPORTADO",66,0,"Cifras Revisadas"
"Registro Administrativo de la Industria Automotriz de Vehículos Ligeros. Venta de vehículos ","Nacional",2026,"07","General Motors","Volt 4 Ptas.","Automóviles","Subcompactos","IMPORTADO",66,0,"Cifras Revisadas"
"Registro Administrativo de la Industria Automotriz de Vehículos Ligeros. Venta de vehículos ","Nacional",2026,"07","General Motors","Xt4 Suv","Camiones ligeros","SUV's","IMPORTADO",66,1,"Cifras Revisadas"
"Registro Administrativo de la Industria Automotriz de Vehículos Ligeros. Venta de vehículos ","Nacional",2026,"07","General Motors","XT5 SUV","Camiones ligeros","SUV's","IMPORTADO",66,1,"Cifras Revisadas"
"Registro Administrativo de la Industria Automotriz de Vehículos Ligeros. Venta de vehículos ","Nacional",2026,"07","General Motors","Yukon Suv","Camiones ligeros","SUV's","IMPORTADO",66,37,"Cifras Revisadas"
"Registro Administrativo de la Industria Automotriz de Vehículos Ligeros. Venta de vehículos ","Nacional",2026,"07","General Motors","Yukon XL","Camiones ligeros","SUV's","IMPORTADO",66,31,"Cifras Revisadas"
"Registro Administrativo de la Industria Automotriz de Vehículos Ligeros. Venta de vehículos ","Nacional",2026,"07","Great Wall Motor","HAVAL H6","Camiones ligeros","SUV's","IMPORTADO",43,150,"Cifras Revisadas"
"Registro Administrativo de la Industria Automotriz de Vehículos Ligeros. Venta de vehículos ","Nacional",2026,"07","Great Wall Motor","HAVAL Jolion","Camiones ligeros","SUV's","IMPORTADO",43,750,"Cifras Revisadas"
"Registro Administrativo de la Industria Automotriz de Vehículos Ligeros. Venta de vehículos ","Nacional",2026,"07","Great Wall Motor","ORA 03","Automóviles","Subcompactos","IMPORTADO",43,0,"Cifras Revisadas"
"Registro Administrativo de la Industria Automotriz de Vehículos Ligeros. Venta de vehículos ","Nacional",2026,"07","Great Wall Motor","Ora 5","Camiones ligeros","SUV's","IMPORTADO",43,22,"Cifras Revisadas"
"Registro Administrativo de la Industria Automotriz de Vehículos Ligeros. Venta de vehículos ","Nacional",2026,"07","Great Wall Motor","POER","Camiones ligeros","Pick Ups","IMPORTADO",43,171,"Cifras Revisadas"
"Registro Administrativo de la Industria Automotriz de Vehículos Ligeros. Venta de vehículos ","Nacional",2026,"07","Great Wall Motor","POER 500","Camiones ligeros","Pick Ups","IMPORTADO",43,0,"Cifras Revisadas"
"Registro Administrativo de la Industria Automotriz de Vehículos Ligeros. Venta de vehículos ","Nacional",2026,"07","Great Wall Motor","TANK 300","Camiones ligeros","SUV's","IMPORTADO",43,13,"Cifras Revisadas"
"Registro Administrativo de la Industria Automotriz de Vehículos Ligeros. Venta de vehículos ","Nacional",2026,"07","Great Wall Motor","TANK 500","Camiones ligeros","SUV's","IMPORTADO",43,19,"Cifras Revisadas"
"Registro Administrativo de la Industria Automotriz de Vehículos Ligeros. Venta de vehículos ","Nacional",2026,"07","Honda","Accord-","Automóviles","De Lujo","IMPORTADO",66,33,"Cifras Revisadas"
"Registro Administrativo de la Industria Automotriz de Vehículos Ligeros. Venta de vehículos ","Nacional",2026,"07","Honda","BR-V","Camiones ligeros","SUV's","IMPORTADO",214,628,"Cifras Revisadas"
"Registro Administrativo de la Industria Automotriz de Vehículos Ligeros. Venta de vehículos ","Nacional",2026,"07","Honda","Civic","Automóviles","Compactos","IMPORTADO",66,126,"Cifras Revisadas"
"Registro Administrativo de la Industria Automotriz de Vehículos Ligeros. Venta de vehículos ","Nacional",2026,"07","Honda","CR-V","Camiones ligeros","SUV's","IMPORTADO",66,694,"Cifras Revisadas"
"Registro Administrativo de la Industria Automotriz de Vehículos Ligeros. Venta de vehículos ","Nacional",2026,"07","Honda","Honda City","Automóviles","Compactos","IMPORTADO",31,789,"Cifras Revisadas"
"Registro Administrativo de la Industria Automotriz de Vehículos Ligeros. Venta de vehículos ","Nacional",2026,"07","Honda","Honda Pilot","Camiones ligeros","SUV's","IMPORTADO",66,121,"Cifras Revisadas"
"Registro Administrativo de la Industria Automotriz de Vehículos Ligeros. Venta de vehículos ","Nacional",2026,"07","Honda","HR-V-","Camiones ligeros","SUV's","NACIONAL",1,688,"Cifras Revisadas"
"Registro Administrativo de la Industria Automotriz de Vehículos Ligeros. Venta de vehículos ","Nacional",2026,"07","Honda","Odyssey","Camiones ligeros","Minivans","IMPORTADO",40,95,"Cifras Revisadas"
"Registro Administrativo de la Industria Automotriz de Vehículos Ligeros. Venta de vehículos ","Nacional",2026,"07","Honda","Prelude","Automóviles","Deportivos","IMPORTADO",126,2,"Cifras Revisadas"
"Registro Administrativo de la Industria Automotriz de Vehículos Ligeros. Venta de vehículos ","Nacional",2026,"07","Hyundai","Accent Hatchback","Automóviles","Subcompactos","NACIONAL",1,0,"Cifras Revisadas"
"Registro Administrativo de la Industria Automotriz de Vehículos Ligeros. Venta de vehículos ","Nacional",2026,"07","Hyundai","Accent Sedan","Automóviles","Subcompactos","NACIONAL",1,0,"Cifras Revisadas"
"Registro Administrativo de la Industria Automotriz de Vehículos Ligeros. Venta de vehículos ","Nacional",2026,"07","Hyundai","Creta","Camiones ligeros","SUV's","IMPORTADO",95,1969,"Cifras Revisadas"
"Registro Administrativo de la Industria Automotriz de Vehículos Ligeros. Venta de vehículos ","Nacional",2026,"07","Hyundai","Elantra","Automóviles","Compactos","IMPORTADO",66,197,"Cifras Revisadas"
"Registro Administrativo de la Industria Automotriz de Vehículos Ligeros. Venta de vehículos ","Nacional",2026,"07","Hyundai","Genesis","Automóviles","De Lujo","IMPORTADO",48,0,"Cifras Revisadas"
"Registro Administrativo de la Industria Automotriz de Vehículos Ligeros. Venta de vehículos ","Nacional",2026,"07","Hyundai","Grand I10","Automóviles","Subcompactos","IMPORTADO",95,921,"Cifras Revisadas"
"Registro Administrativo de la Industria Automotriz de Vehículos Ligeros. Venta de vehículos ","Nacional",2026,"07","Hyundai","Grand I10 Sedán","Automóviles","Subcompactos","IMPORTADO",95,939,"Cifras Revisadas"
"Registro Administrativo de la Industria Automotriz de Vehículos Ligeros. Venta de vehículos ","Nacional",2026,"07","Hyundai","HB20 HATCHBACK","Automóviles","Compactos","IMPORTADO",31,0,"Cifras Revisadas"
"Registro Administrativo de la Industria Automotriz de Vehículos Ligeros. Venta de vehículos ","Nacional",2026,"07","Hyundai","HB20 SEDAN","Automóviles","Compactos","IMPORTADO",31,14,"Cifras Revisadas"
"Registro Administrativo de la Industria Automotriz de Vehículos Ligeros. Venta de vehículos ","Nacional",2026,"07","Hyundai","Ioniq","Automóviles","Compactos","IMPORTADO",48,0,"Cifras Revisadas"
"Registro Administrativo de la Industria Automotriz de Vehículos Ligeros. Venta de vehículos ","Nacional",2026,"07","Hyundai","Ioniq 5","Automóviles","Compactos","IMPORTADO",48,0,"Cifras Revisadas"
"Registro Administrativo de la Industria Automotriz de Vehículos Ligeros. Venta de vehículos ","Nacional",2026,"07","Hyundai","IX35","Camiones ligeros","SUV's","IMPORTADO",184,0,"Cifras Revisadas"
"Registro Administrativo de la Industria Automotriz de Vehículos Ligeros. Venta de vehículos ","Nacional",2026,"07","Hyundai","Palisade","Camiones ligeros","SUV's","IMPORTADO",48,54,"Cifras Revisadas"
"Registro Administrativo de la Industria Automotriz de Vehículos Ligeros. Venta de vehículos ","Nacional",2026,"07","Hyundai","Santa Fe","Camiones ligeros","SUV's","IMPORTADO",66,42,"Cifras Revisadas"
"Registro Administrativo de la Industria Automotriz de Vehículos Ligeros. Venta de vehículos ","Nacional",2026,"07","Hyundai","Santa FE 7 P","Camiones ligeros","SUV's","IMPORTADO",48,0,"Cifras Revisadas"
"Registro Administrativo de la Industria Automotriz de Vehículos Ligeros. Venta de vehículos ","Nacional",2026,"07","Hyundai","Sonata","Automóviles","Compactos","IMPORTADO",66,0,"Cifras Revisadas"
"Registro Administrativo de la Industria Automotriz de Vehículos Ligeros. Venta de vehículos ","Nacional",2026,"07","Hyundai","Starex","Camiones ligeros","Minivans","IMPORTADO",48,0,"Cifras Revisadas"
"Registro Administrativo de la Industria Automotriz de Vehículos Ligeros. Venta de vehículos ","Nacional",2026,"07","Hyundai","Tucson","Camiones ligeros","SUV's","IMPORTADO",184,664,"Cifras Revisadas"
"Registro Administrativo de la Industria Automotriz de Vehículos Ligeros. Venta de vehículos ","Nacional",2026,"07","Hyundai","Veloster","Automóviles","Deportivos","IMPORTADO",48,0,"Cifras Revisadas"
"Registro Administrativo de la Industria Automotriz de Vehículos Ligeros. Venta de vehículos ","Nacional",2026,"07","Infiniti","Infiniti","Automóviles","De Lujo","IMPORTADO",126,0,"Cifras Revisadas"
"Registro Administrativo de la Industria Automotriz de Vehículos Ligeros. Venta de vehículos ","Nacional",2026,"07","Infiniti","QX30","Automóviles","De Lujo","IMPORTADO",181,0,"Cifras Revisadas"
"Registro Administrativo de la Industria Automotriz de Vehículos Ligeros. Venta de vehículos ","Nacional",2026,"07","Infiniti","QX50","Camiones ligeros","SUV's","NACIONAL",1,6,"Cifras Revisadas"
"Registro Administrativo de la Industria Automotriz de Vehículos Ligeros. Venta de vehículos ","Nacional",2026,"07","Infiniti","QX55","Camiones ligeros","SUV's","NACIONAL",1,3,"Cifras Revisadas"
"Registro Administrativo de la Industria Automotriz de Vehículos Ligeros. Venta de vehículos ","Nacional",2026,"07","Infiniti","QX60","Camiones ligeros","SUV's","IMPORTADO",126,33,"Cifras Revisadas"
"Registro Administrativo de la Industria Automotriz de Vehículos Ligeros. Venta de vehículos ","Nacional",2026,"07","Infiniti","QX65","Camiones ligeros","SUV's","IMPORTADO",66,49,"Cifras Revisadas"
"Registro Administrativo de la Industria Automotriz de Vehículos Ligeros. Venta de vehículos ","Nacional",2026,"07","Infiniti","QX70","Camiones ligeros","SUV's","IMPORTADO",126,0,"Cifras Revisadas"
"Registro Administrativo de la Industria Automotriz de Vehículos Ligeros. Venta de vehículos ","Nacional",2026,"07","Infiniti","QX80","Camiones ligeros","SUV's","IMPORTADO",126,16,"Cifras Revisadas"
"Registro Administrativo de la Industria Automotriz de Vehículos Ligeros. Venta de vehículos ","Nacional",2026,"07","Infiniti","Q50","Automóviles","De Lujo","IMPORTADO",126,0,"Cifras Revisadas"
"Registro Administrativo de la Industria Automotriz de Vehículos Ligeros. Venta de vehículos ","Nacional",2026,"07","Infiniti","Q60","Automóviles","De Lujo","IMPORTADO",126,0,"Cifras Revisadas"
"Registro Administrativo de la Industria Automotriz de Vehículos Ligeros. Venta de vehículos ","Nacional",2026,"07","Infiniti","Q70","Automóviles","De Lujo","IMPORTADO",126,0,"Cifras Revisadas"
"Registro Administrativo de la Industria Automotriz de Vehículos Ligeros. Venta de vehículos ","Nacional",2026,"07","Isuzu","D-MAX","Camiones ligeros","Pick Ups","IMPORTADO",214,0,"Cifras Revisadas"
"Registro Administrativo de la Industria Automotriz de Vehículos Ligeros. Venta de vehículos ","Nacional",2026,"07","Isuzu","ELF 200","Camiones ligeros","Pick Ups","IMPORTADO",126,27,"Cifras Revisadas"
"Registro Administrativo de la Industria Automotriz de Vehículos Ligeros. Venta de vehículos ","Nacional",2026,"07","Isuzu","ELF 300","Camiones ligeros","Pick Ups","IMPORTADO",126,68,"Cifras Revisadas"
"Registro Administrativo de la Industria Automotriz de Vehículos Ligeros. Venta de vehículos ","Nacional",2026,"07","Isuzu","ELF 350","Camiones ligeros","Pick Ups","IMPORTADO",126,24,"Cifras Revisadas"
"Registro Administrativo de la Industria Automotriz de Vehículos Ligeros. Venta de vehículos ","Nacional",2026,"07","Isuzu","ELF100","Camiones ligeros","Pick Ups","IMPORTADO",126,20,"Cifras Revisadas"
"Registro Administrativo de la Industria Automotriz de Vehículos Ligeros. Venta de vehículos ","Nacional",2026,"07","JAC","E Frison T8","Camiones ligeros","Pick Ups","NACIONAL",1,1,"Cifras Revisadas"
"Registro Administrativo de la Industria Automotriz de Vehículos Ligeros. Venta de vehículos ","Nacional",2026,"07","JAC","E SUNRAY","Camiones ligeros","Minivans","NACIONAL",1,79,"Cifras Revisadas"
"Registro Administrativo de la Industria Automotriz de Vehículos Ligeros. Venta de vehículos ","Nacional",2026,"07","JAC","E 10X","Automóviles","Compactos","NACIONAL",1,7,"Cifras Revisadas"
"Registro Administrativo de la Industria Automotriz de Vehículos Ligeros. Venta de vehículos ","Nacional",2026,"07","JAC","E 30x","Automóviles","Subcompactos","NACIONAL",1,8,"Cifras Revisadas"
"Registro Administrativo de la Industria Automotriz de Vehículos Ligeros. Venta de vehículos ","Nacional",2026,"07","JAC","Frison","Camiones ligeros","Pick Ups","NACIONAL",1,685,"Cifras Revisadas"
"Registro Administrativo de la Industria Automotriz de Vehículos Ligeros. Venta de vehículos ","Nacional",2026,"07","JAC","JAC2","Camiones ligeros","SUV's","NACIONAL",1,44,"Cifras Revisadas"
"Registro Administrativo de la Industria Automotriz de Vehículos Ligeros. Venta de vehículos ","Nacional",2026,"07","JAC","JAC4","Camiones ligeros","SUV's","NACIONAL",1,321,"Cifras Revisadas"
"Registro Administrativo de la Industria Automotriz de Vehículos Ligeros. Venta de vehículos ","Nacional",2026,"07","JAC","JAC6","Camiones ligeros","SUV's","NACIONAL",1,90,"Cifras Revisadas"
"Registro Administrativo de la Industria Automotriz de Vehículos Ligeros. Venta de vehículos ","Nacional",2026,"07","JAC","JAC8","Camiones ligeros","SUV's","NACIONAL",1,219,"Cifras Revisadas"
"Registro Administrativo de la Industria Automotriz de Vehículos Ligeros. Venta de vehículos ","Nacional",2026,"07","JAC","Sei2","Camiones ligeros","SUV's","NACIONAL",1,63,"Cifras Revisadas"
"Registro Administrativo de la Industria Automotriz de Vehículos Ligeros. Venta de vehículos ","Nacional",2026,"07","JAC","Sei4 Pro","Camiones ligeros","SUV's","NACIONAL",1,1,"Cifras Revisadas"
"Registro Administrativo de la Industria Automotriz de Vehículos Ligeros. Venta de vehículos ","Nacional",2026,"07","JAC","Sei6 Pro","Camiones ligeros","SUV's","NACIONAL",1,1,"Cifras Revisadas"
"Registro Administrativo de la Industria Automotriz de Vehículos Ligeros. Venta de vehículos ","Nacional",2026,"07","JAC","SUNRAY","Camiones ligeros","Minivans","NACIONAL",1,261,"Cifras Revisadas"
"Registro Administrativo de la Industria Automotriz de Vehículos Ligeros. Venta de vehículos ","Nacional",2026,"07","JAC","Sunray City","Camiones ligeros","Minivans","NACIONAL",1,76,"Cifras Revisadas"
"Registro Administrativo de la Industria Automotriz de Vehículos Ligeros. Venta de vehículos ","Nacional",2026,"07","JAC","Traveler","Automóviles","Compactos","NACIONAL",1,24,"Cifras Revisadas"
"Registro Administrativo de la Industria Automotriz de Vehículos Ligeros. Venta de vehículos ","Nacional",2026,"07","JAC","X 200","Camiones ligeros","Pick Ups","NACIONAL",1,45,"Cifras Revisadas"
"Registro Administrativo de la Industria Automotriz de Vehículos Ligeros. Venta de vehículos ","Nacional",2026,"07","JAC","X350","Camiones ligeros","Pick Ups","NACIONAL",1,77,"Cifras Revisadas"
"Registro Administrativo de la Industria Automotriz de Vehículos Ligeros. Venta de vehículos ","Nacional",2026,"07","Jetour Soueast","Dashing","Camiones ligeros","SUV's","IMPORTADO",43,104,"Cifras Revisadas"
"Registro Administrativo de la Industria Automotriz de Vehículos Ligeros. Venta de vehículos ","Nacional",2026,"07","Jetour Soueast","G700 PHEV","Camiones ligeros","SUV's","IMPORTADO",43,25,"Cifras Revisadas"
"Registro Administrativo de la Industria Automotriz de Vehículos Ligeros. Venta de vehículos ","Nacional",2026,"07","Jetour Soueast","S06 i-DM","Camiones ligeros","SUV's","IMPORTADO",43,38,"Cifras Revisadas"
"Registro Administrativo de la Industria Automotriz de Vehículos Ligeros. Venta de vehículos ","Nacional",2026,"07","Jetour Soueast","S07","Camiones ligeros","SUV's","IMPORTADO",43,12,"Cifras Revisadas"
"Registro Administrativo de la Industria Automotriz de Vehículos Ligeros. Venta de vehículos ","Nacional",2026,"07","Jetour Soueast","S08 i-DM","Camiones ligeros","SUV's","IMPORTADO",43,28,"Cifras Revisadas"
"Registro Administrativo de la Industria Automotriz de Vehículos Ligeros. Venta de vehículos ","Nacional",2026,"07","Jetour Soueast","S09","Camiones ligeros","SUV's","IMPORTADO",43,21,"Cifras Revisadas"
"Registro Administrativo de la Industria Automotriz de Vehículos Ligeros. Venta de vehículos ","Nacional",2026,"07","Jetour Soueast","T1","Camiones ligeros","SUV's","IMPORTADO",43,48,"Cifras Revisadas"
"Registro Administrativo de la Industria Automotriz de Vehículos Ligeros. Venta de vehículos ","Nacional",2026,"07","Jetour Soueast","T1 i-DM","Camiones ligeros","SUV's","IMPORTADO",43,67,"Cifras Revisadas"
"Registro Administrativo de la Industria Automotriz de Vehículos Ligeros. Venta de vehículos ","Nacional",2026,"07","Jetour Soueast","T2","Camiones ligeros","SUV's","IMPORTADO",43,60,"Cifras Revisadas"
"Registro Administrativo de la Industria Automotriz de Vehículos Ligeros. Venta de vehículos ","Nacional",2026,"07","Jetour Soueast","T2 i-DM","Camiones ligeros","SUV's","IMPORTADO",43,133,"Cifras Revisadas"
"Registro Administrativo de la Industria Automotriz de Vehículos Ligeros. Venta de vehículos ","Nacional",2026,"07","Jetour Soueast","X70","Camiones ligeros","SUV's","IMPORTADO",43,2,"Cifras Revisadas"
"Registro Administrativo de la Industria Automotriz de Vehículos Ligeros. Venta de vehículos ","Nacional",2026,"07","Jetour Soueast","X70 Plus","Camiones ligeros","SUV's","IMPORTADO",43,9,"Cifras Revisadas"
"Registro Administrativo de la Industria Automotriz de Vehículos Ligeros. Venta de vehículos ","Nacional",2026,"07","KIA","KIA K3 Hatchback","Automóviles","Subcompactos","NACIONAL",1,723,"Cifras Revisadas"
"Registro Administrativo de la Industria Automotriz de Vehículos Ligeros. Venta de vehículos ","Nacional",2026,"07","KIA","KIA K3 Sedán","Automóviles","Subcompactos","NACIONAL",1,4603,"Cifras Revisadas"
"Registro Administrativo de la Industria Automotriz de Vehículos Ligeros. Venta de vehículos ","Nacional",2026,"07","KIA","KIA Niro","Camiones ligeros","SUV's","IMPORTADO",48,51,"Cifras Revisadas"
"Registro Administrativo de la Industria Automotriz de Vehículos Ligeros. Venta de vehículos ","Nacional",2026,"07","KIA","K4 Hatchback","Automóviles","Compactos","NACIONAL",1,132,"Cifras Revisadas"
"Registro Administrativo de la Industria Automotriz de Vehículos Ligeros. Venta de vehículos ","Nacional",2026,"07","KIA","K4 Sedán","Automóviles","Compactos","NACIONAL",1,837,"Cifras Revisadas"
"Registro Administrativo de la Industria Automotriz de Vehículos Ligeros. Venta de vehículos ","Nacional",2026,"07","KIA","Seltos-","Camiones ligeros","SUV's","IMPORTADO",43,1120,"Cifras Revisadas"
"Registro Administrativo de la Industria Automotriz de Vehículos Ligeros. Venta de vehículos ","Nacional",2026,"07","KIA","Sonet","Camiones ligeros","SUV's","IMPORTADO",43,714,"Cifras Revisadas"
"Registro Administrativo de la Industria Automotriz de Vehículos Ligeros. Venta de vehículos ","Nacional",2026,"07","KIA","Sorento","Camiones ligeros","SUV's","IMPORTADO",66,162,"Cifras Revisadas"
"Registro Administrativo de la Industria Automotriz de Vehículos Ligeros. Venta de vehículos ","Nacional",2026,"07","KIA","SPORTAGE","Camiones ligeros","SUV's","IMPORTADO",48,464,"Cifras Revisadas"
"Registro Administrativo de la Industria Automotriz de Vehículos Ligeros. Venta de vehículos ","Nacional",2026,"07","KIA","Sportage HEV","Camiones ligeros","SUV's","IMPORTADO",48,476,"Cifras Revisadas"
"Registro Administrativo de la Industria Automotriz de Vehículos Ligeros. Venta de vehículos ","Nacional",2026,"07","KIA","Telluride","Camiones ligeros","SUV's","IMPORTADO",66,25,"Cifras Revisadas"
"Registro Administrativo de la Industria Automotriz de Vehículos Ligeros. Venta de vehículos ","Nacional",2026,"07","Land Rover","Defender","Camiones ligeros","SUV's","IMPORTADO",181,37,"Cifras Revisadas"
"Registro Administrativo de la Industria Automotriz de Vehículos Ligeros. Venta de vehículos ","Nacional",2026,"07","Land Rover","Discovery","Automóviles","De Lujo","IMPORTADO",181,0,"Cifras Revisadas"
"Registro Administrativo de la Industria Automotriz de Vehículos Ligeros. Venta de vehículos ","Nacional",2026,"07","Land Rover","Discovery Sport","Automóviles","De Lujo","IMPORTADO",181,4,"Cifras Revisadas"
"Registro Administrativo de la Industria Automotriz de Vehículos Ligeros. Venta de vehículos ","Nacional",2026,"07","Land Rover","Range Rover","Automóviles","De Lujo","IMPORTADO",181,17,"Cifras Revisadas"
"Registro Administrativo de la Industria Automotriz de Vehículos Ligeros. Venta de vehículos ","Nacional",2026,"07","Land Rover","Range Rover Evoque","Automóviles","De Lujo","IMPORTADO",181,12,"Cifras Revisadas"
"Registro Administrativo de la Industria Automotriz de Vehículos Ligeros. Venta de vehículos ","Nacional",2026,"07","Land Rover","Range Rover Sport","Camiones ligeros","SUV's","IMPORTADO",181,41,"Cifras Revisadas"
"Registro Administrativo de la Industria Automotriz de Vehículos Ligeros. Venta de vehículos ","Nacional",2026,"07","Land Rover","Range Rover Velar","Automóviles","De Lujo","IMPORTADO",181,19,"Cifras Revisadas"
"Registro Administrativo de la Industria Automotriz de Vehículos Ligeros. Venta de vehículos ","Nacional",2026,"07","Leapmotor","B10","Camiones ligeros","SUV's","IMPORTADO",43,435,"Cifras Revisadas"
"Registro Administrativo de la Industria Automotriz de Vehículos Ligeros. Venta de vehículos ","Nacional",2026,"07","Lexus","ES","Automóviles","De Lujo","IMPORTADO",66,1,"Cifras Revisadas"
"Registro Administrativo de la Industria Automotriz de Vehículos Ligeros. Venta de vehículos ","Nacional",2026,"07","Lexus","GX","Camiones ligeros","SUV's","IMPORTADO",126,48,"Cifras Revisadas"
"Registro Administrativo de la Industria Automotriz de Vehículos Ligeros. Venta de vehículos ","Nacional",2026,"07","Lexus","IS","Automóviles","De Lujo","IMPORTADO",126,14,"Cifras Revisadas"
"Registro Administrativo de la Industria Automotriz de Vehículos Ligeros. Venta de vehículos ","Nacional",2026,"07","Lexus","LC","Automóviles","De Lujo","IMPORTADO",126,3,"Cifras Revisadas"
"Registro Administrativo de la Industria Automotriz de Vehículos Ligeros. Venta de vehículos ","Nacional",2026,"07","Lexus","LS","Automóviles","De Lujo","IMPORTADO",126,0,"Cifras Revisadas"
"Registro Administrativo de la Industria Automotriz de Vehículos Ligeros. Venta de vehículos ","Nacional",2026,"07","Lexus","LX","Camiones ligeros","SUV's","IMPORTADO",126,14,"Cifras Revisadas"
"Registro Administrativo de la Industria Automotriz de Vehículos Ligeros. Venta de vehículos ","Nacional",2026,"07","Lexus","NX","Camiones ligeros","SUV's","IMPORTADO",40,84,"Cifras Revisadas"
"Registro Administrativo de la Industria Automotriz de Vehículos Ligeros. Venta de vehículos ","Nacional",2026,"07","Lexus","RX","Camiones ligeros","SUV's","IMPORTADO",40,54,"Cifras Revisadas"
"Registro Administrativo de la Industria Automotriz de Vehículos Ligeros. Venta de vehículos ","Nacional",2026,"07","Lexus","TX","Camiones ligeros","SUV's","IMPORTADO",66,22,"Cifras Revisadas"
"Registro Administrativo de la Industria Automotriz de Vehículos Ligeros. Venta de vehículos ","Nacional",2026,"07","Lexus","UX","Camiones ligeros","SUV's","IMPORTADO",126,21,"Cifras Revisadas"
"Registro Administrativo de la Industria Automotriz de Vehículos Ligeros. Venta de vehículos ","Nacional",2026,"07","Lincoln","AVIATOR","Camiones ligeros","SUV's","IMPORTADO",66,6,"Cifras Revisadas"
"Registro Administrativo de la Industria Automotriz de Vehículos Ligeros. Venta de vehículos ","Nacional",2026,"07","Lincoln","Corsair","Camiones ligeros","SUV's","IMPORTADO",40,45,"Cifras Revisadas"
"Registro Administrativo de la Industria Automotriz de Vehículos Ligeros. Venta de vehículos ","Nacional",2026,"07","Lincoln","NAUTILUS","Automóviles","De Lujo","IMPORTADO",66,89,"Cifras Revisadas"
"Registro Administrativo de la Industria Automotriz de Vehículos Ligeros. Venta de vehículos ","Nacional",2026,"07","Lincoln","Navigator","Camiones ligeros","Minivans","IMPORTADO",66,48,"Cifras Revisadas"
"Registro Administrativo de la Industria Automotriz de Vehículos Ligeros. Venta de vehículos ","Nacional",2026,"07","Lynk&Co","01","Automóviles","De Lujo","IMPORTADO",43,35,"Cifras Revisadas"
"Registro Administrativo de la Industria Automotriz de Vehículos Ligeros. Venta de vehículos ","Nacional",2026,"07","Lynk&Co","02","Automóviles","De Lujo","IMPORTADO",43,45,"Cifras Revisadas"
"Registro Administrativo de la Industria Automotriz de Vehículos Ligeros. Venta de vehículos ","Nacional",2026,"07","Lynk&Co","08","Automóviles","De Lujo","IMPORTADO",43,114,"Cifras Revisadas"
"Registro Administrativo de la Industria Automotriz de Vehículos Ligeros. Venta de vehículos ","Nacional",2026,"07","Lynk&Co","09","Automóviles","De Lujo","IMPORTADO",43,11,"Cifras Revisadas"
"Registro Administrativo de la Industria Automotriz de Vehículos Ligeros. Venta de vehículos ","Nacional",2026,"07","Mazda","BT-50","Camiones ligeros","Pick Ups","IMPORTADO",214,134,"Cifras Revisadas"
"Registro Administrativo de la Industria Automotriz de Vehículos Ligeros. Venta de vehículos ","Nacional",2026,"07","Mazda","CX-3","Camiones ligeros","SUV's","IMPORTADO",126,0,"Cifras Revisadas"
"Registro Administrativo de la Industria Automotriz de Vehículos Ligeros. Venta de vehículos ","Nacional",2026,"07","Mazda","CX-3","Camiones ligeros","SUV's","NACIONAL",1,622,"Cifras Revisadas"
"Registro Administrativo de la Industria Automotriz de Vehículos Ligeros. Venta de vehículos ","Nacional",2026,"07","Mazda","CX-30","Camiones ligeros","SUV's","NACIONAL",1,3457,"Cifras Revisadas"
"Registro Administrativo de la Industria Automotriz de Vehículos Ligeros. Venta de vehículos ","Nacional",2026,"07","Mazda","CX-5","Camiones ligeros","SUV's","IMPORTADO",126,971,"Cifras Revisadas"
"Registro Administrativo de la Industria Automotriz de Vehículos Ligeros. Venta de vehículos ","Nacional",2026,"07","Mazda","CX-50","Camiones ligeros","SUV's","IMPORTADO",66,297,"Cifras Revisadas"
"Registro Administrativo de la Industria Automotriz de Vehículos Ligeros. Venta de vehículos ","Nacional",2026,"07","Mazda","Cx-7","Camiones ligeros","SUV's","IMPORTADO",126,0,"Cifras Revisadas"
"Registro Administrativo de la Industria Automotriz de Vehículos Ligeros. Venta de vehículos ","Nacional",2026,"07","Mazda","CX-70","Camiones ligeros","SUV's","IMPORTADO",126,48,"Cifras Revisadas"
"Registro Administrativo de la Industria Automotriz de Vehículos Ligeros. Venta de vehículos ","Nacional",2026,"07","Mazda","CX-9","Camiones ligeros","SUV's","IMPORTADO",126,0,"Cifras Revisadas"
"Registro Administrativo de la Industria Automotriz de Vehículos Ligeros. Venta de vehículos ","Nacional",2026,"07","Mazda","CX-90","Camiones ligeros","SUV's","IMPORTADO",126,163,"Cifras Revisadas"
"Registro Administrativo de la Industria Automotriz de Vehículos Ligeros. Venta de vehículos ","Nacional",2026,"07","Mazda","Mazda 2","Automóviles","Subcompactos","IMPORTADO",126,0,"Cifras Revisadas"
"Registro Administrativo de la Industria Automotriz de Vehículos Ligeros. Venta de vehículos ","Nacional",2026,"07","Mazda","Mazda 2 Hatchback","Automóviles","Subcompactos","NACIONAL",1,513,"Cifras Revisadas"
"Registro Administrativo de la Industria Automotriz de Vehículos Ligeros. Venta de vehículos ","Nacional",2026,"07","Mazda","Mazda 2 Sedán","Automóviles","Subcompactos","NACIONAL",1,1778,"Cifras Revisadas"
"Registro Administrativo de la Industria Automotriz de Vehículos Ligeros. Venta de vehículos ","Nacional",2026,"07","Mazda","Mazda 3 Hatchback","Automóviles","Compactos","IMPORTADO",126,223,"Cifras Revisadas"
"Registro Administrativo de la Industria Automotriz de Vehículos Ligeros. Venta de vehículos ","Nacional",2026,"07","Mazda","Mazda 3 Hatchback","Automóviles","Compactos","NACIONAL",1,0,"Cifras Revisadas"
"Registro Administrativo de la Industria Automotriz de Vehículos Ligeros. Venta de vehículos ","Nacional",2026,"07","Mazda","Mazda 3 Sedán","Automóviles","Compactos","IMPORTADO",126,0,"Cifras Revisadas"
"Registro Administrativo de la Industria Automotriz de Vehículos Ligeros. Venta de vehículos ","Nacional",2026,"07","Mazda","Mazda 3 Sedán-","Automóviles","Compactos","NACIONAL",1,577,"Cifras Revisadas"
"Registro Administrativo de la Industria Automotriz de Vehículos Ligeros. Venta de vehículos ","Nacional",2026,"07","Mazda","Mazda 5","Automóviles","Compactos","IMPORTADO",126,0,"Cifras Revisadas"
"Registro Administrativo de la Industria Automotriz de Vehículos Ligeros. Venta de vehículos ","Nacional",2026,"07","Mazda","Mazda 6","Automóviles","De Lujo","IMPORTADO",126,0,"Cifras Revisadas"
"Registro Administrativo de la Industria Automotriz de Vehículos Ligeros. Venta de vehículos ","Nacional",2026,"07","Mazda","Mx-5","Automóviles","Deportivos","IMPORTADO",126,64,"Cifras Revisadas"
"Registro Administrativo de la Industria Automotriz de Vehículos Ligeros. Venta de vehículos ","Nacional",2026,"07","Mercedes Benz","AMG GT","Automóviles","De Lujo","IMPORTADO",4,3,"Cifras Revisadas"
"Registro Administrativo de la Industria Automotriz de Vehículos Ligeros. Venta de vehículos ","Nacional",2026,"07","Mercedes Benz","CLA","Automóviles","De Lujo","IMPORTADO",94,32,"Cifras Revisadas"
"Registro Administrativo de la Industria Automotriz de Vehículos Ligeros. Venta de vehículos ","Nacional",2026,"07","Mercedes Benz","Clase A hatchback","Automóviles","De Lujo","IMPORTADO",4,12,"Cifras Revisadas"
"Registro Administrativo de la Industria Automotriz de Vehículos Ligeros. Venta de vehículos ","Nacional",2026,"07","Mercedes Benz","Clase A Sedan","Automóviles","De Lujo","IMPORTADO",4,10,"Cifras Revisadas"
"Registro Administrativo de la Industria Automotriz de Vehículos Ligeros. Venta de vehículos ","Nacional",2026,"07","Mercedes Benz","Clase C coupe","Automóviles","De Lujo","IMPORTADO",4,0,"Cifras Revisadas"
"Registro Administrativo de la Industria Automotriz de Vehículos Ligeros. Venta de vehículos ","Nacional",2026,"07","Mercedes Benz","Clase C Sedan","Automóviles","De Lujo","IMPORTADO",4,18,"Cifras Revisadas"
"Registro Administrativo de la Industria Automotriz de Vehículos Ligeros. Venta de vehículos ","Nacional",2026,"07","Mercedes Benz","Clase E coupe","Automóviles","De Lujo","IMPORTADO",4,0,"Cifras Revisadas"
"Registro Administrativo de la Industria Automotriz de Vehículos Ligeros. Venta de vehículos ","Nacional",2026,"07","Mercedes Benz","Clase E sedan","Automóviles","De Lujo","IMPORTADO",4,12,"Cifras Revisadas"
"Registro Administrativo de la Industria Automotriz de Vehículos Ligeros. Venta de vehículos ","Nacional",2026,"07","Mercedes Benz","Clase G","Camiones ligeros","SUV's","IMPORTADO",17,34,"Cifras Revisadas"
"Registro Administrativo de la Industria Automotriz de Vehículos Ligeros. Venta de vehículos ","Nacional",2026,"07","Mercedes Benz","Clase GLE","Camiones ligeros","SUV's","IMPORTADO",66,119,"Cifras Revisadas"
"Registro Administrativo de la Industria Automotriz de Vehículos Ligeros. Venta de vehículos ","Nacional",2026,"07","Mercedes Benz","Clase GLS","Camiones ligeros","SUV's","IMPORTADO",66,12,"Cifras Revisadas"
"Registro Administrativo de la Industria Automotriz de Vehículos Ligeros. Venta de vehículos ","Nacional",2026,"07","Mercedes Benz","Clase S coupe","Automóviles","De Lujo","IMPORTADO",4,0,"Cifras Revisadas"
"Registro Administrativo de la Industria Automotriz de Vehículos Ligeros. Venta de vehículos ","Nacional",2026,"07","Mercedes Benz","Clase S sedan","Automóviles","De Lujo","IMPORTADO",4,4,"Cifras Revisadas"
"Registro Administrativo de la Industria Automotriz de Vehículos Ligeros. Venta de vehículos ","Nacional",2026,"07","Mercedes Benz","Clase SL","Automóviles","De Lujo","IMPORTADO",4,1,"Cifras Revisadas"
"Registro Administrativo de la Industria Automotriz de Vehículos Ligeros. Venta de vehículos ","Nacional",2026,"07","Mercedes Benz","Clase V","Camiones ligeros","SUV's","IMPORTADO",64,0,"Cifras Revisadas"
"Registro Administrativo de la Industria Automotriz de Vehículos Ligeros. Venta de vehículos ","Nacional",2026,"07","Mercedes Benz","CLE","Automóviles","De Lujo","IMPORTADO",4,16,"Cifras Revisadas"
"Registro Administrativo de la Industria Automotriz de Vehículos Ligeros. Venta de vehículos ","Nacional",2026,"07","Mercedes Benz","CLS","Automóviles","De Lujo","IMPORTADO",4,0,"Cifras Revisadas"
"Registro Administrativo de la Industria Automotriz de Vehículos Ligeros. Venta de vehículos ","Nacional",2026,"07","Mercedes Benz","EQA","Camiones ligeros","SUV's","IMPORTADO",4,1,"Cifras Revisadas"
"Registro Administrativo de la Industria Automotriz de Vehículos Ligeros. Venta de vehículos ","Nacional",2026,"07","Mercedes Benz","EQB","Camiones ligeros","SUV's","IMPORTADO",94,0,"Cifras Revisadas"
"Registro Administrativo de la Industria Automotriz de Vehículos Ligeros. Venta de vehículos ","Nacional",2026,"07","Mercedes Benz","EQC","Camiones ligeros","SUV's","IMPORTADO",4,0,"Cifras Revisadas"
"Registro Administrativo de la Industria Automotriz de Vehículos Ligeros. Venta de vehículos ","Nacional",2026,"07","Mercedes Benz","EQE","Automóviles","De Lujo","IMPORTADO",4,0,"Cifras Revisadas"
"Registro Administrativo de la Industria Automotriz de Vehículos Ligeros. Venta de vehículos ","Nacional",2026,"07","Mercedes Benz","EQE SUV","Camiones ligeros","SUV's","IMPORTADO",66,1,"Cifras Revisadas"
"Registro Administrativo de la Industria Automotriz de Vehículos Ligeros. Venta de vehículos ","Nacional",2026,"07","Mercedes Benz","EQS","Automóviles","De Lujo","IMPORTADO",4,1,"Cifras Revisadas"
"Registro Administrativo de la Industria Automotriz de Vehículos Ligeros. Venta de vehículos ","Nacional",2026,"07","Mercedes Benz","EQS SUV","Camiones ligeros","SUV's","IMPORTADO",66,0,"Cifras Revisadas"
"Registro Administrativo de la Industria Automotriz de Vehículos Ligeros. Venta de vehículos ","Nacional",2026,"07","Mercedes Benz","GLA","Camiones ligeros","SUV's","IMPORTADO",4,15,"Cifras Revisadas"
"Registro Administrativo de la Industria Automotriz de Vehículos Ligeros. Venta de vehículos ","Nacional",2026,"07","Mercedes Benz","GLB","Camiones ligeros","SUV's","NACIONAL",1,86,"Cifras Revisadas"
"Registro Administrativo de la Industria Automotriz de Vehículos Ligeros. Venta de vehículos ","Nacional",2026,"07","Mercedes Benz","GLC","Camiones ligeros","SUV's","IMPORTADO",4,129,"Cifras Revisadas"
"Registro Administrativo de la Industria Automotriz de Vehículos Ligeros. Venta de vehículos ","Nacional",2026,"07","Mercedes Benz","SLC","Automóviles","De Lujo","IMPORTADO",4,0,"Cifras Revisadas"
"Registro Administrativo de la Industria Automotriz de Vehículos Ligeros. Venta de vehículos ","Nacional",2026,"07","Mercedes Benz","Sprinter","Camiones ligeros","SUV's","IMPORTADO",4,155,"Cifras Revisadas"
"Registro Administrativo de la Industria Automotriz de Vehículos Ligeros. Venta de vehículos ","Nacional",2026,"07","Mercedes Benz","Vito","Camiones ligeros","SUV's","IMPORTADO",64,9,"Cifras Revisadas"
"Registro Administrativo de la Industria Automotriz de Vehículos Ligeros. Venta de vehículos ","Nacional",2026,"07","MG Motor","CYBERSTER","Automóviles","Deportivos","IMPORTADO",43,1,"Cifras Revisadas"
"Registro Administrativo de la Industria Automotriz de Vehículos Ligeros. Venta de vehículos ","Nacional",2026,"07","MG Motor","eHS","Camiones ligeros","SUV's","IMPORTADO",43,2,"Cifras Revisadas"
"Registro Administrativo de la Industria Automotriz de Vehículos Ligeros. Venta de vehículos ","Nacional",2026,"07","MG Motor","GT","Automóviles","Compactos","IMPORTADO",43,0,"Cifras Revisadas"
"Registro Administrativo de la Industria Automotriz de Vehículos Ligeros. Venta de vehículos ","Nacional",2026,"07","MG Motor","HS","Camiones ligeros","SUV's","IMPORTADO",43,230,"Cifras Revisadas"
"Registro Administrativo de la Industria Automotriz de Vehículos Ligeros. Venta de vehículos ","Nacional",2026,"07","MG Motor","HS PHEV","Camiones ligeros","SUV's","IMPORTADO",43,44,"Cifras Revisadas"
"Registro Administrativo de la Industria Automotriz de Vehículos Ligeros. Venta de vehículos ","Nacional",2026,"07","MG Motor","HSHEV","Camiones ligeros","SUV's","IMPORTADO",43,189,"Cifras Revisadas"
"Registro Administrativo de la Industria Automotriz de Vehículos Ligeros. Venta de vehículos ","Nacional",2026,"07","MG Motor","IMLS7","Camiones ligeros","SUV's","IMPORTADO",43,22,"Cifras Revisadas"
"Registro Administrativo de la Industria Automotriz de Vehículos Ligeros. Venta de vehículos ","Nacional",2026,"07","MG Motor","MG One","Camiones ligeros","SUV's","IMPORTADO",43,0,"Cifras Revisadas"
"Registro Administrativo de la Industria Automotriz de Vehículos Ligeros. Venta de vehículos ","Nacional",2026,"07","MG Motor","MG3","Automóviles","Subcompactos","IMPORTADO",43,358,"Cifras Revisadas"
"Registro Administrativo de la Industria Automotriz de Vehículos Ligeros. Venta de vehículos ","Nacional",2026,"07","MG Motor","MG3HEV","Automóviles","Subcompactos","IMPORTADO",43,10,"Cifras Revisadas"
"Registro Administrativo de la Industria Automotriz de Vehículos Ligeros. Venta de vehículos ","Nacional",2026,"07","MG Motor","MG4","Automóviles","Subcompactos","IMPORTADO",43,1,"Cifras Revisadas"
"Registro Administrativo de la Industria Automotriz de Vehículos Ligeros. Venta de vehículos ","Nacional",2026,"07","MG Motor","MG5","Automóviles","Compactos","IMPORTADO",43,2269,"Cifras Revisadas"
"Registro Administrativo de la Industria Automotriz de Vehículos Ligeros. Venta de vehículos ","Nacional",2026,"07","MG Motor","MG7","Automóviles","De Lujo","IMPORTADO",43,2,"Cifras Revisadas"
"Registro Administrativo de la Industria Automotriz de Vehículos Ligeros. Venta de vehículos ","Nacional",2026,"07","MG Motor","P9","Camiones ligeros","Pick Ups","IMPORTADO",43,0,"Cifras Revisadas"
"Registro Administrativo de la Industria Automotriz de Vehículos Ligeros. Venta de vehículos ","Nacional",2026,"07","MG Motor","RX5","Camiones ligeros","SUV's","IMPORTADO",43,0,"Cifras Revisadas"
"Registro Administrativo de la Industria Automotriz de Vehículos Ligeros. Venta de vehículos ","Nacional",2026,"07","MG Motor","RX8","Camiones ligeros","SUV's","IMPORTADO",43,1,"Cifras Revisadas"
"Registro Administrativo de la Industria Automotriz de Vehículos Ligeros. Venta de vehículos ","Nacional",2026,"07","MG Motor","RX9","Camiones ligeros","SUV's","IMPORTADO",43,54,"Cifras Revisadas"
"Registro Administrativo de la Industria Automotriz de Vehículos Ligeros. Venta de vehículos ","Nacional",2026,"07","MG Motor","ZS","Camiones ligeros","SUV's","IMPORTADO",43,607,"Cifras Revisadas"
"Registro Administrativo de la Industria Automotriz de Vehículos Ligeros. Venta de vehículos ","Nacional",2026,"07","MG Motor","ZSEV","Camiones ligeros","SUV's","IMPORTADO",43,0,"Cifras Revisadas"
"Registro Administrativo de la Industria Automotriz de Vehículos Ligeros. Venta de vehículos ","Nacional",2026,"07","MG Motor","ZSHEV","Camiones ligeros","SUV's","IMPORTADO",43,423,"Cifras Revisadas"
"Registro Administrativo de la Industria Automotriz de Vehículos Ligeros. Venta de vehículos ","Nacional",2026,"07","Mini","MINI Aceman","Automóviles","De Lujo","IMPORTADO",43,28,"Cifras Revisadas"
"Registro Administrativo de la Industria Automotriz de Vehículos Ligeros. Venta de vehículos ","Nacional",2026,"07","Mini","MINI CONVERTIBLE","Automóviles","De Lujo","IMPORTADO",181,23,"Cifras Revisadas"
"Registro Administrativo de la Industria Automotriz de Vehículos Ligeros. Venta de vehículos ","Nacional",2026,"07","Mini","MINI COUNTRYMAN","Camiones ligeros","SUV's","IMPORTADO",181,42,"Cifras Revisadas"
"Registro Administrativo de la Industria Automotriz de Vehículos Ligeros. Venta de vehículos ","Nacional",2026,"07","Mini","MINI Countryman E","Automóviles","De Lujo","IMPORTADO",4,10,"Cifras Revisadas"
"Registro Administrativo de la Industria Automotriz de Vehículos Ligeros. Venta de vehículos ","Nacional",2026,"07","Mini","MINI E","Automóviles","De Lujo","IMPORTADO",43,13,"Cifras Revisadas"
"Registro Administrativo de la Industria Automotriz de Vehículos Ligeros. Venta de vehículos ","Nacional",2026,"07","Mini","MINI 3 PTAS","Automóviles","De Lujo","IMPORTADO",181,118,"Cifras Revisadas"
"Registro Administrativo de la Industria Automotriz de Vehículos Ligeros. Venta de vehículos ","Nacional",2026,"07","Mini","MINI 5 PTAS","Automóviles","De Lujo","IMPORTADO",181,22,"Cifras Revisadas"
"Registro Administrativo de la Industria Automotriz de Vehículos Ligeros. Venta de vehículos ","Nacional",2026,"07","Mitsubishi","L200","Camiones ligeros","Pick Ups","IMPORTADO",214,998,"Cifras Revisadas"
"Registro Administrativo de la Industria Automotriz de Vehículos Ligeros. Venta de vehículos ","Nacional",2026,"07","Mitsubishi","Mirage G4","Automóviles","Subcompactos","IMPORTADO",214,70,"Cifras Revisadas"
"Registro Administrativo de la Industria Automotriz de Vehículos Ligeros. Venta de vehículos ","Nacional",2026,"07","Mitsubishi","Outlander","Camiones ligeros","SUV's","IMPORTADO",126,205,"Cifras Revisadas"
"Registro Administrativo de la Industria Automotriz de Vehículos Ligeros. Venta de vehículos ","Nacional",2026,"07","Mitsubishi","Outlander PHEV","Camiones ligeros","SUV's","IMPORTADO",126,51,"Cifras Revisadas"
"Registro Administrativo de la Industria Automotriz de Vehículos Ligeros. Venta de vehículos ","Nacional",2026,"07","Mitsubishi","Outlander Sport","Camiones ligeros","SUV's","IMPORTADO",96,416,"Cifras Revisadas"
"Registro Administrativo de la Industria Automotriz de Vehículos Ligeros. Venta de vehículos ","Nacional",2026,"07","Mitsubishi","Xpander","Camiones ligeros","SUV's","IMPORTADO",96,303,"Cifras Revisadas"
"Registro Administrativo de la Industria Automotriz de Vehículos Ligeros. Venta de vehículos ","Nacional",2026,"07","Nissan","Altima","Automóviles","De Lujo","IMPORTADO",66,0,"Cifras Revisadas"
"Registro Administrativo de la Industria Automotriz de Vehículos Ligeros. Venta de vehículos ","Nacional",2026,"07","Nissan","Armada","Camiones ligeros","SUV's","IMPORTADO",66,0,"Cifras Revisadas"
"Registro Administrativo de la Industria Automotriz de Vehículos Ligeros. Venta de vehículos ","Nacional",2026,"07","Nissan","Cabstar Mediano","Camiones ligeros","Pick Ups","IMPORTADO",64,0,"Cifras Revisadas"
"Registro Administrativo de la Industria Automotriz de Vehículos Ligeros. Venta de vehículos ","Nacional",2026,"07","Nissan","Frontier V6","Camiones ligeros","Pick Ups","IMPORTADO",66,80,"Cifras Revisadas"
"Registro Administrativo de la Industria Automotriz de Vehículos Ligeros. Venta de vehículos ","Nacional",2026,"07","Nissan","GT-R","Automóviles","Deportivos","IMPORTADO",126,0,"Cifras Revisadas"
"Registro Administrativo de la Industria Automotriz de Vehículos Ligeros. Venta de vehículos ","Nacional",2026,"07","Nissan","Juke","Automóviles","Compactos","IMPORTADO",126,0,"Cifras Revisadas"
"Registro Administrativo de la Industria Automotriz de Vehículos Ligeros. Venta de vehículos ","Nacional",2026,"07","Nissan","KAIT","Camiones ligeros","SUV's","IMPORTADO",31,571,"Cifras Revisadas"
"Registro Administrativo de la Industria Automotriz de Vehículos Ligeros. Venta de vehículos ","Nacional",2026,"07","Nissan","Kicks","Camiones ligeros","SUV's","NACIONAL",1,1723,"Cifras Revisadas"
"Registro Administrativo de la Industria Automotriz de Vehículos Ligeros. Venta de vehículos ","Nacional",2026,"07","Nissan","Leaf","Automóviles","Compactos","IMPORTADO",126,0,"Cifras Revisadas"
"Registro Administrativo de la Industria Automotriz de Vehículos Ligeros. Venta de vehículos ","Nacional",2026,"07","Nissan","Magnite","Camiones ligeros","SUV's","IMPORTADO",95,1670,"Cifras Revisadas"
"Registro Administrativo de la Industria Automotriz de Vehículos Ligeros. Venta de vehículos ","Nacional",2026,"07","Nissan","March","Automóviles","Subcompactos","NACIONAL",1,1621,"Cifras Revisadas"
"Registro Administrativo de la Industria Automotriz de Vehículos Ligeros. Venta de vehículos ","Nacional",2026,"07","Nissan","Maxima","Automóviles","De Lujo","IMPORTADO",126,0,"Cifras Revisadas"
"Registro Administrativo de la Industria Automotriz de Vehículos Ligeros. Venta de vehículos ","Nacional",2026,"07","Nissan","Murano","Camiones ligeros","SUV's","IMPORTADO",126,0,"Cifras Revisadas"
"Registro Administrativo de la Industria Automotriz de Vehículos Ligeros. Venta de vehículos ","Nacional",2026,"07","Nissan","Note","Automóviles","Compactos","NACIONAL",1,0,"Cifras Revisadas"
"Registro Administrativo de la Industria Automotriz de Vehículos Ligeros. Venta de vehículos ","Nacional",2026,"07","Nissan","NP300","Camiones ligeros","Pick Ups","NACIONAL",1,5725,"Cifras Revisadas"
"Registro Administrativo de la Industria Automotriz de Vehículos Ligeros. Venta de vehículos ","Nacional",2026,"07","Nissan","NV 200 Cargo","Camiones ligeros","SUV's","NACIONAL",1,0,"Cifras Revisadas"
"Registro Administrativo de la Industria Automotriz de Vehículos Ligeros. Venta de vehículos ","Nacional",2026,"07","Nissan","NV 200 NY TAXI","Camiones ligeros","SUV's","NACIONAL",1,0,"Cifras Revisadas"
"Registro Administrativo de la Industria Automotriz de Vehículos Ligeros. Venta de vehículos ","Nacional",2026,"07","Nissan","NV2500 V6 Toldo Alto","Camiones ligeros","Minivans","IMPORTADO",66,0,"Cifras Revisadas"
"Registro Administrativo de la Industria Automotriz de Vehículos Ligeros. Venta de vehículos ","Nacional",2026,"07","Nissan","Pathfinder","Camiones ligeros","SUV's","IMPORTADO",126,48,"Cifras Revisadas"
"Registro Administrativo de la Industria Automotriz de Vehículos Ligeros. Venta de vehículos ","Nacional",2026,"07","Nissan","Sentra","Automóviles","Compactos","NACIONAL",1,1081,"Cifras Revisadas"
"Registro Administrativo de la Industria Automotriz de Vehículos Ligeros. Venta de vehículos ","Nacional",2026,"07","Nissan","Tiida Sedan","Automóviles","Compactos","NACIONAL",1,0,"Cifras Revisadas"
"Registro Administrativo de la Industria Automotriz de Vehículos Ligeros. Venta de vehículos ","Nacional",2026,"07","Nissan","Titan","Camiones ligeros","Pick Ups","IMPORTADO",66,0,"Cifras Revisadas"
"Registro Administrativo de la Industria Automotriz de Vehículos Ligeros. Venta de vehículos ","Nacional",2026,"07","Nissan","Urvan Panel","Camiones ligeros","SUV's","IMPORTADO",126,879,"Cifras Revisadas"
"Registro Administrativo de la Industria Automotriz de Vehículos Ligeros. Venta de vehículos ","Nacional",2026,"07","Nissan","Urvan Pasajeros","Camiones ligeros","SUV's","IMPORTADO",126,552,"Cifras Revisadas"
"Registro Administrativo de la Industria Automotriz de Vehículos Ligeros. Venta de vehículos ","Nacional",2026,"07","Nissan","Versa","Automóviles","Compactos","NACIONAL",1,7486,"Cifras Revisadas"
"Registro Administrativo de la Industria Automotriz de Vehículos Ligeros. Venta de vehículos ","Nacional",2026,"07","Nissan","Xtrail","Camiones ligeros","SUV's","IMPORTADO",126,2016,"Cifras Revisadas"
"Registro Administrativo de la Industria Automotriz de Vehículos Ligeros. Venta de vehículos ","Nacional",2026,"07","Nissan","Z","Automóviles","Deportivos","IMPORTADO",126,2,"Cifras Revisadas"
"Registro Administrativo de la Industria Automotriz de Vehículos Ligeros. Venta de vehículos ","Nacional",2026,"07","Nissan","370 Z","Automóviles","Deportivos","IMPORTADO",126,0,"Cifras Revisadas"
"Registro Administrativo de la Industria Automotriz de Vehículos Ligeros. Venta de vehículos ","Nacional",2026,"07","Peugeot","Expert Cargo Van","Camiones ligeros","Pick Ups","IMPORTADO",74,75,"Cifras Revisadas"
"Registro Administrativo de la Industria Automotriz de Vehículos Ligeros. Venta de vehículos ","Nacional",2026,"07","Peugeot","Manager Hdi","Camiones ligeros","Pick Ups","IMPORTADO",124,101,"Cifras Revisadas"
"Registro Administrativo de la Industria Automotriz de Vehículos Ligeros. Venta de vehículos ","Nacional",2026,"07","Peugeot","Partner","Camiones ligeros","Pick Ups","IMPORTADO",64,222,"Cifras Revisadas"
"Registro Administrativo de la Industria Automotriz de Vehículos Ligeros. Venta de vehículos ","Nacional",2026,"07","Peugeot","Partner Rapid","Camiones ligeros","Minivans","IMPORTADO",31,203,"Cifras Revisadas"
"Registro Administrativo de la Industria Automotriz de Vehículos Ligeros. Venta de vehículos ","Nacional",2026,"07","Peugeot","RIFTER","Camiones ligeros","Pick Ups","IMPORTADO",64,256,"Cifras Revisadas"
"Registro Administrativo de la Industria Automotriz de Vehículos Ligeros. Venta de vehículos ","Nacional",2026,"07","Peugeot","2008","Camiones ligeros","SUV's","IMPORTADO",74,168,"Cifras Revisadas"
"Registro Administrativo de la Industria Automotriz de Vehículos Ligeros. Venta de vehículos ","Nacional",2026,"07","Peugeot","3008","Camiones ligeros","SUV's","IMPORTADO",74,81,"Cifras Revisadas"
"Registro Administrativo de la Industria Automotriz de Vehículos Ligeros. Venta de vehículos ","Nacional",2026,"07","Peugeot","5008","Camiones ligeros","SUV's","IMPORTADO",74,62,"Cifras Revisadas"
"Registro Administrativo de la Industria Automotriz de Vehículos Ligeros. Venta de vehículos ","Nacional",2026,"07","Porsche","Cayenne","Camiones ligeros","SUV's","IMPORTADO",4,88,"Cifras Revisadas"
"Registro Administrativo de la Industria Automotriz de Vehículos Ligeros. Venta de vehículos ","Nacional",2026,"07","Porsche","Cayman","Automóviles","De Lujo","IMPORTADO",4,0,"Cifras Revisadas"
"Registro Administrativo de la Industria Automotriz de Vehículos Ligeros. Venta de vehículos ","Nacional",2026,"07","Porsche","Macan","Camiones ligeros","SUV's","IMPORTADO",4,75,"Cifras Revisadas"
"Registro Administrativo de la Industria Automotriz de Vehículos Ligeros. Venta de vehículos ","Nacional",2026,"07","Porsche","Panamera","Automóviles","De Lujo","IMPORTADO",4,1,"Cifras Revisadas"
"Registro Administrativo de la Industria Automotriz de Vehículos Ligeros. Venta de vehículos ","Nacional",2026,"07","Porsche","Taycan","Automóviles","Deportivos","IMPORTADO",4,5,"Cifras Revisadas"
"Registro Administrativo de la Industria Automotriz de Vehículos Ligeros. Venta de vehículos ","Nacional",2026,"07","Porsche","718 Boxster","Automóviles","Deportivos","IMPORTADO",4,0,"Cifras Revisadas"
"Registro Administrativo de la Industria Automotriz de Vehículos Ligeros. Venta de vehículos ","Nacional",2026,"07","Porsche","911 Carrera / Turbo / GT","Automóviles","Deportivos","IMPORTADO",4,102,"Cifras Revisadas"
"Registro Administrativo de la Industria Automotriz de Vehículos Ligeros. Venta de vehículos ","Nacional",2026,"07","Renault","Arkana","Camiones ligeros","SUV's","IMPORTADO",48,204,"Cifras Revisadas"
"Registro Administrativo de la Industria Automotriz de Vehículos Ligeros. Venta de vehículos ","Nacional",2026,"07","Renault","Boreal","Camiones ligeros","SUV's","IMPORTADO",31,166,"Cifras Revisadas"
"Registro Administrativo de la Industria Automotriz de Vehículos Ligeros. Venta de vehículos ","Nacional",2026,"07","Renault","Duster","Camiones ligeros","SUV's","IMPORTADO",46,77,"Cifras Revisadas"
"Registro Administrativo de la Industria Automotriz de Vehículos Ligeros. Venta de vehículos ","Nacional",2026,"07","Renault","Kangoo","Camiones ligeros","Pick Ups","IMPORTADO",12,150,"Cifras Revisadas"
"Registro Administrativo de la Industria Automotriz de Vehículos Ligeros. Venta de vehículos ","Nacional",2026,"07","Renault","Kangoo ZE","Camiones ligeros","Pick Ups","IMPORTADO",12,2,"Cifras Revisadas"
"Registro Administrativo de la Industria Automotriz de Vehículos Ligeros. Venta de vehículos ","Nacional",2026,"07","Renault","Kardian","Automóviles","Compactos","IMPORTADO",31,102,"Cifras Revisadas"
"Registro Administrativo de la Industria Automotriz de Vehículos Ligeros. Venta de vehículos ","Nacional",2026,"07","Renault","Kwid","Automóviles","Subcompactos","IMPORTADO",31,2317,"Cifras Revisadas"
"Registro Administrativo de la Industria Automotriz de Vehículos Ligeros. Venta de vehículos ","Nacional",2026,"07","Renault","Master","Camiones ligeros","Minivans","IMPORTADO",74,20,"Cifras Revisadas"
"Registro Administrativo de la Industria Automotriz de Vehículos Ligeros. Venta de vehículos ","Nacional",2026,"07","Renault","MEGANE E-TECH","Automóviles","Subcompactos","IMPORTADO",74,4,"Cifras Revisadas"
"Registro Administrativo de la Industria Automotriz de Vehículos Ligeros. Venta de vehículos ","Nacional",2026,"07","Renault","Nueva Koleos","Camiones ligeros","SUV's","IMPORTADO",48,168,"Cifras Revisadas"
"Registro Administrativo de la Industria Automotriz de Vehículos Ligeros. Venta de vehículos ","Nacional",2026,"07","Renault","Oroch","Camiones ligeros","Pick Ups","IMPORTADO",31,169,"Cifras Revisadas"
"Registro Administrativo de la Industria Automotriz de Vehículos Ligeros. Venta de vehículos ","Nacional",2026,"07","SEAT","Arona","Camiones ligeros","SUV's","IMPORTADO",64,197,"Cifras Revisadas"
"Registro Administrativo de la Industria Automotriz de Vehículos Ligeros. Venta de vehículos ","Nacional",2026,"07","SEAT","Ateca","Camiones ligeros","SUV's","IMPORTADO",184,16,"Cifras Revisadas"
"Registro Administrativo de la Industria Automotriz de Vehículos Ligeros. Venta de vehículos ","Nacional",2026,"07","SEAT","CUPRA Formentor","Camiones ligeros","SUV's","IMPORTADO",64,299,"Cifras Revisadas"
"Registro Administrativo de la Industria Automotriz de Vehículos Ligeros. Venta de vehículos ","Nacional",2026,"07","SEAT","CUPRA Terramar","Camiones ligeros","SUV's","IMPORTADO",94,221,"Cifras Revisadas"
"Registro Administrativo de la Industria Automotriz de Vehículos Ligeros. Venta de vehículos ","Nacional",2026,"07","SEAT","Ibiza 4 Ptas","Automóviles","Subcompactos","IMPORTADO",64,915,"Cifras Revisadas"
"Registro Administrativo de la Industria Automotriz de Vehículos Ligeros. Venta de vehículos ","Nacional",2026,"07","SEAT","Leon","Automóviles","Deportivos","IMPORTADO",64,257,"Cifras Revisadas"
"Registro Administrativo de la Industria Automotriz de Vehículos Ligeros. Venta de vehículos ","Nacional",2026,"07","Subaru","Crosstrek","Camiones ligeros","SUV's","IMPORTADO",126,155,"Cifras Revisadas"
"Registro Administrativo de la Industria Automotriz de Vehículos Ligeros. Venta de vehículos ","Nacional",2026,"07","Subaru","Crosstrek MHEV","Camiones ligeros","SUV's","IMPORTADO",126,0,"Cifras Revisadas"
"Registro Administrativo de la Industria Automotriz de Vehículos Ligeros. Venta de vehículos ","Nacional",2026,"07","Subaru","Forester","Camiones ligeros","SUV's","IMPORTADO",126,97,"Cifras Revisadas"
"Registro Administrativo de la Industria Automotriz de Vehículos Ligeros. Venta de vehículos ","Nacional",2026,"07","Subaru","Forester e-BOXER HEV","Camiones ligeros","SUV's","IMPORTADO",126,83,"Cifras Revisadas"
"Registro Administrativo de la Industria Automotriz de Vehículos Ligeros. Venta de vehículos ","Nacional",2026,"07","Subaru","Outback","Camiones ligeros","SUV's","IMPORTADO",126,43,"Cifras Revisadas"
"Registro Administrativo de la Industria Automotriz de Vehículos Ligeros. Venta de vehículos ","Nacional",2026,"07","Subaru","Subaru BRZ","Automóviles","Deportivos","IMPORTADO",126,12,"Cifras Revisadas"
"Registro Administrativo de la Industria Automotriz de Vehículos Ligeros. Venta de vehículos ","Nacional",2026,"07","Subaru","Trailseeker","Camiones ligeros","SUV's","IMPORTADO",126,12,"Cifras Revisadas"
"Registro Administrativo de la Industria Automotriz de Vehículos Ligeros. Venta de vehículos ","Nacional",2026,"07","Subaru","WRX","Automóviles","Deportivos","IMPORTADO",126,28,"Cifras Revisadas"
"Registro Administrativo de la Industria Automotriz de Vehículos Ligeros. Venta de vehículos ","Nacional",2026,"07","Subaru","WRX STI","Automóviles","Deportivos","IMPORTADO",126,0,"Cifras Revisadas"
"Registro Administrativo de la Industria Automotriz de Vehículos Ligeros. Venta de vehículos ","Nacional",2026,"07","Subaru","XV","Camiones ligeros","SUV's","IMPORTADO",126,0,"Cifras Revisadas"
"Registro Administrativo de la Industria Automotriz de Vehículos Ligeros. Venta de vehículos ","Nacional",2026,"07","Suzuki","ACROSS","Camiones ligeros","SUV's","IMPORTADO",95,28,"Cifras Revisadas"
"Registro Administrativo de la Industria Automotriz de Vehículos Ligeros. Venta de vehículos ","Nacional",2026,"07","Suzuki","Baleno","Automóviles","Subcompactos","IMPORTADO",95,21,"Cifras Revisadas"
"Registro Administrativo de la Industria Automotriz de Vehículos Ligeros. Venta de vehículos ","Nacional",2026,"07","Suzuki","DZIRE","Automóviles","Subcompactos","IMPORTADO",95,267,"Cifras Revisadas"
"Registro Administrativo de la Industria Automotriz de Vehículos Ligeros. Venta de vehículos ","Nacional",2026,"07","Suzuki","Ertiga","Automóviles","Compactos","IMPORTADO",96,269,"Cifras Revisadas"
"Registro Administrativo de la Industria Automotriz de Vehículos Ligeros. Venta de vehículos ","Nacional",2026,"07","Suzuki","FRONX","Camiones ligeros","SUV's","IMPORTADO",95,309,"Cifras Revisadas"
"Registro Administrativo de la Industria Automotriz de Vehículos Ligeros. Venta de vehículos ","Nacional",2026,"07","Suzuki","JIMNY","Camiones ligeros","SUV's","IMPORTADO",126,552,"Cifras Revisadas"
"Registro Administrativo de la Industria Automotriz de Vehículos Ligeros. Venta de vehículos ","Nacional",2026,"07","Suzuki","Swift","Automóviles","Subcompactos","IMPORTADO",126,849,"Cifras Revisadas"
"Registro Administrativo de la Industria Automotriz de Vehículos Ligeros. Venta de vehículos ","Nacional",2026,"07","Toyota","Avanza","Automóviles","Compactos","IMPORTADO",96,1288,"Cifras Revisadas"
"Registro Administrativo de la Industria Automotriz de Vehículos Ligeros. Venta de vehículos ","Nacional",2026,"07","Toyota","Camry","Automóviles","De Lujo","IMPORTADO",66,301,"Cifras Revisadas"
"Registro Administrativo de la Industria Automotriz de Vehículos Ligeros. Venta de vehículos ","Nacional",2026,"07","Toyota","C-HR","Camiones ligeros","SUV's","IMPORTADO",227,0,"Cifras Revisadas"
"Registro Administrativo de la Industria Automotriz de Vehículos Ligeros. Venta de vehículos ","Nacional",2026,"07","Toyota","Corolla","Automóviles","Compactos","IMPORTADO",66,881,"Cifras Revisadas"
"Registro Administrativo de la Industria Automotriz de Vehículos Ligeros. Venta de vehículos ","Nacional",2026,"07","Toyota","Corolla Cross","Camiones ligeros","SUV's","IMPORTADO",66,653,"Cifras Revisadas"
"Registro Administrativo de la Industria Automotriz de Vehículos Ligeros. Venta de vehículos ","Nacional",2026,"07","Toyota","GR Corolla","Automóviles","Deportivos","IMPORTADO",126,2,"Cifras Revisadas"
"Registro Administrativo de la Industria Automotriz de Vehículos Ligeros. Venta de vehículos ","Nacional",2026,"07","Toyota","GR Supra","Automóviles","De Lujo","IMPORTADO",17,3,"Cifras Revisadas"
"Registro Administrativo de la Industria Automotriz de Vehículos Ligeros. Venta de vehículos ","Nacional",2026,"07","Toyota","GR Yaris","Automóviles","Deportivos","IMPORTADO",126,42,"Cifras Revisadas"
"Registro Administrativo de la Industria Automotriz de Vehículos Ligeros. Venta de vehículos ","Nacional",2026,"07","Toyota","Hiace P","Camiones ligeros","SUV's","IMPORTADO",126,105,"Cifras Revisadas"
"Registro Administrativo de la Industria Automotriz de Vehículos Ligeros. Venta de vehículos ","Nacional",2026,"07","Toyota","Hiace V","Camiones ligeros","SUV's","IMPORTADO",126,98,"Cifras Revisadas"
"Registro Administrativo de la Industria Automotriz de Vehículos Ligeros. Venta de vehículos ","Nacional",2026,"07","Toyota","Highlander","Camiones ligeros","SUV's","IMPORTADO",66,357,"Cifras Revisadas"
"Registro Administrativo de la Industria Automotriz de Vehículos Ligeros. Venta de vehículos ","Nacional",2026,"07","Toyota","Hilux Dc","Camiones ligeros","Pick Ups","IMPORTADO",214,1372,"Cifras Revisadas"
"Registro Administrativo de la Industria Automotriz de Vehículos Ligeros. Venta de vehículos ","Nacional",2026,"07","Toyota","Lcruiser","Camiones ligeros","SUV's","IMPORTADO",126,0,"Cifras Revisadas"
"Registro Administrativo de la Industria Automotriz de Vehículos Ligeros. Venta de vehículos ","Nacional",2026,"07","Toyota","Prius","Automóviles","De Lujo","IMPORTADO",126,389,"Cifras Revisadas"
"Registro Administrativo de la Industria Automotriz de Vehículos Ligeros. Venta de vehículos ","Nacional",2026,"07","Toyota","Prius-C","Automóviles","Subcompactos","IMPORTADO",126,0,"Cifras Revisadas"
"Registro Administrativo de la Industria Automotriz de Vehículos Ligeros. Venta de vehículos ","Nacional",2026,"07","Toyota","RAIZE","Camiones ligeros","SUV's","IMPORTADO",96,621,"Cifras Revisadas"
"Registro Administrativo de la Industria Automotriz de Vehículos Ligeros. Venta de vehículos ","Nacional",2026,"07","Toyota","Rav4","Camiones ligeros","SUV's","IMPORTADO",40,1606,"Cifras Revisadas"
"Registro Administrativo de la Industria Automotriz de Vehículos Ligeros. Venta de vehículos ","Nacional",2026,"07","Toyota","Sequoia","Camiones ligeros","SUV's","IMPORTADO",66,72,"Cifras Revisadas"
"Registro Administrativo de la Industria Automotriz de Vehículos Ligeros. Venta de vehículos ","Nacional",2026,"07","Toyota","Sienna","Camiones ligeros","Minivans","IMPORTADO",66,537,"Cifras Revisadas"
"Registro Administrativo de la Industria Automotriz de Vehículos Ligeros. Venta de vehículos ","Nacional",2026,"07","Toyota","Tacoma","Camiones ligeros","Pick Ups","NACIONAL",1,0,"Cifras Revisadas"
"Registro Administrativo de la Industria Automotriz de Vehículos Ligeros. Venta de vehículos ","Nacional",2026,"07","Toyota","Tacoma-","Camiones ligeros","Pick Ups","NACIONAL",1,929,"Cifras Revisadas"
"Registro Administrativo de la Industria Automotriz de Vehículos Ligeros. Venta de vehículos ","Nacional",2026,"07","Toyota","Tundra","Camiones ligeros","Pick Ups","IMPORTADO",66,38,"Cifras Revisadas"
"Registro Administrativo de la Industria Automotriz de Vehículos Ligeros. Venta de vehículos ","Nacional",2026,"07","Toyota","Yaris Hatchback","Automóviles","Subcompactos","IMPORTADO",214,107,"Cifras Revisadas"
"Registro Administrativo de la Industria Automotriz de Vehículos Ligeros. Venta de vehículos ","Nacional",2026,"07","Toyota","Yaris Sedan","Automóviles","Subcompactos","IMPORTADO",214,1332,"Cifras Revisadas"
"Registro Administrativo de la Industria Automotriz de Vehículos Ligeros. Venta de vehículos ","Nacional",2026,"07","Toyota","Yaris-R","Automóviles","Subcompactos","NACIONAL",1,0,"Cifras Revisadas"
"Registro Administrativo de la Industria Automotriz de Vehículos Ligeros. Venta de vehículos ","Nacional",2026,"07","Toyota","4Runner","Camiones ligeros","SUV's","IMPORTADO",126,341,"Cifras Revisadas"
"Registro Administrativo de la Industria Automotriz de Vehículos Ligeros. Venta de vehículos ","Nacional",2026,"07","Volkswagen","Amarok","Camiones ligeros","Pick Ups","IMPORTADO",12,83,"Cifras Revisadas"
"Registro Administrativo de la Industria Automotriz de Vehículos Ligeros. Venta de vehículos ","Nacional",2026,"07","Volkswagen","Beetle","Automóviles","Compactos","NACIONAL",1,0,"Cifras Revisadas"
"Registro Administrativo de la Industria Automotriz de Vehículos Ligeros. Venta de vehículos ","Nacional",2026,"07","Volkswagen","Beetle Cabrio","Automóviles","Compactos","NACIONAL",1,0,"Cifras Revisadas"
"Registro Administrativo de la Industria Automotriz de Vehículos Ligeros. Venta de vehículos ","Nacional",2026,"07","Volkswagen","Crafter","Camiones ligeros","Pick Ups","IMPORTADO",4,298,"Cifras Revisadas"
"Registro Administrativo de la Industria Automotriz de Vehículos Ligeros. Venta de vehículos ","Nacional",2026,"07","Volkswagen","Crafter chasis","Camiones ligeros","SUV's","IMPORTADO",177,1,"Cifras Revisadas"
"Registro Administrativo de la Industria Automotriz de Vehículos Ligeros. Venta de vehículos ","Nacional",2026,"07","Volkswagen","Cross Sport","Camiones ligeros","SUV's","IMPORTADO",66,0,"Cifras Revisadas"
"Registro Administrativo de la Industria Automotriz de Vehículos Ligeros. Venta de vehículos ","Nacional",2026,"07","Volkswagen","Crossfox","Automóviles","Subcompactos","IMPORTADO",31,0,"Cifras Revisadas"
"Registro Administrativo de la Industria Automotriz de Vehículos Ligeros. Venta de vehículos ","Nacional",2026,"07","Volkswagen","e-Crafter","Camiones ligeros","SUV's","IMPORTADO",177,0,"Cifras Revisadas"
"Registro Administrativo de la Industria Automotriz de Vehículos Ligeros. Venta de vehículos ","Nacional",2026,"07","Volkswagen","Gol","Automóviles","Subcompactos","IMPORTADO",31,0,"Cifras Revisadas"
"Registro Administrativo de la Industria Automotriz de Vehículos Ligeros. Venta de vehículos ","Nacional",2026,"07","Volkswagen","Gol Sedan","Automóviles","Subcompactos","IMPORTADO",31,0,"Cifras Revisadas"
"Registro Administrativo de la Industria Automotriz de Vehículos Ligeros. Venta de vehículos ","Nacional",2026,"07","Volkswagen","Golf","Automóviles","Compactos","IMPORTADO",31,0,"Cifras Revisadas"
"Registro Administrativo de la Industria Automotriz de Vehículos Ligeros. Venta de vehículos ","Nacional",2026,"07","Volkswagen","Golf-","Automóviles","Compactos","NACIONAL",1,0,"Cifras Revisadas"
"Registro Administrativo de la Industria Automotriz de Vehículos Ligeros. Venta de vehículos ","Nacional",2026,"07","Volkswagen","Golf Variant-/Crossgolf","Automóviles","Compactos","NACIONAL",1,0,"Cifras Revisadas"
"Registro Administrativo de la Industria Automotriz de Vehículos Ligeros. Venta de vehículos ","Nacional",2026,"07","Volkswagen","GTI","Automóviles","Deportivos","IMPORTADO",4,87,"Cifras Revisadas"
"Registro Administrativo de la Industria Automotriz de Vehículos Ligeros. Venta de vehículos ","Nacional",2026,"07","Volkswagen","ID.4","Camiones ligeros","SUV's","IMPORTADO",66,4,"Cifras Revisadas"
"Registro Administrativo de la Industria Automotriz de Vehículos Ligeros. Venta de vehículos ","Nacional",2026,"07","Volkswagen","Jetta","Automóviles","Compactos","NACIONAL",1,0,"Cifras Revisadas"
"Registro Administrativo de la Industria Automotriz de Vehículos Ligeros. Venta de vehículos ","Nacional",2026,"07","Volkswagen","Nivus","Camiones ligeros","SUV's","IMPORTADO",31,53,"Cifras Revisadas"
"Registro Administrativo de la Industria Automotriz de Vehículos Ligeros. Venta de vehículos ","Nacional",2026,"07","Volkswagen","Nuevo Jetta","Automóviles","Compactos","NACIONAL",1,1592,"Cifras Revisadas"
"Registro Administrativo de la Industria Automotriz de Vehículos Ligeros. Venta de vehículos ","Nacional",2026,"07","Volkswagen","Nuevo Jetta TDI","Automóviles","Compactos","NACIONAL",1,0,"Cifras Revisadas"
"Registro Administrativo de la Industria Automotriz de Vehículos Ligeros. Venta de vehículos ","Nacional",2026,"07","Volkswagen","Passat","Automóviles","De Lujo","IMPORTADO",66,0,"Cifras Revisadas"
"Registro Administrativo de la Industria Automotriz de Vehículos Ligeros. Venta de vehículos ","Nacional",2026,"07","Volkswagen","Polo 4 Ptas","Automóviles","Subcompactos","IMPORTADO",31,136,"Cifras Revisadas"
"Registro Administrativo de la Industria Automotriz de Vehículos Ligeros. Venta de vehículos ","Nacional",2026,"07","Volkswagen","Polo 4 Ptas","Automóviles","Subcompactos","IMPORTADO",95,0,"Cifras Revisadas"
"Registro Administrativo de la Industria Automotriz de Vehículos Ligeros. Venta de vehículos ","Nacional",2026,"07","Volkswagen","Saveiro","Camiones ligeros","Pick Ups","IMPORTADO",31,1064,"Cifras Revisadas"
"Registro Administrativo de la Industria Automotriz de Vehículos Ligeros. Venta de vehículos ","Nacional",2026,"07","Volkswagen","Taigun","Camiones ligeros","SUV's","IMPORTADO",95,916,"Cifras Revisadas"
"Registro Administrativo de la Industria Automotriz de Vehículos Ligeros. Venta de vehículos ","Nacional",2026,"07","Volkswagen","Taos","Camiones ligeros","SUV's","NACIONAL",1,1552,"Cifras Revisadas"
"Registro Administrativo de la Industria Automotriz de Vehículos Ligeros. Venta de vehículos ","Nacional",2026,"07","Volkswagen","T-Cross","Camiones ligeros","SUV's","IMPORTADO",31,0,"Cifras Revisadas"
"Registro Administrativo de la Industria Automotriz de Vehículos Ligeros. Venta de vehículos ","Nacional",2026,"07","Volkswagen","Teramont","Camiones ligeros","SUV's","IMPORTADO",66,361,"Cifras Revisadas"
"Registro Administrativo de la Industria Automotriz de Vehículos Ligeros. Venta de vehículos ","Nacional",2026,"07","Volkswagen","Tiguan-","Camiones ligeros","SUV's","NACIONAL",1,1473,"Cifras Revisadas"
"Registro Administrativo de la Industria Automotriz de Vehículos Ligeros. Venta de vehículos ","Nacional",2026,"07","Volkswagen","Touareg","Camiones ligeros","SUV's","IMPORTADO",62,0,"Cifras Revisadas"
"Registro Administrativo de la Industria Automotriz de Vehículos Ligeros. Venta de vehículos ","Nacional",2026,"07","Volkswagen","Transporter Carga","Camiones ligeros","SUV's","IMPORTADO",4,138,"Cifras Revisadas"
"Registro Administrativo de la Industria Automotriz de Vehículos Ligeros. Venta de vehículos ","Nacional",2026,"07","Volkswagen","Transporter Pasajeros","Camiones ligeros","SUV's","IMPORTADO",4,69,"Cifras Revisadas"
"Registro Administrativo de la Industria Automotriz de Vehículos Ligeros. Venta de vehículos ","Nacional",2026,"07","Volkswagen","UP!","Automóviles","Subcompactos","IMPORTADO",31,0,"Cifras Revisadas"
"Registro Administrativo de la Industria Automotriz de Vehículos Ligeros. Venta de vehículos ","Nacional",2026,"07","Volkswagen","Vento","Automóviles","Subcompactos","IMPORTADO",95,0,"Cifras Revisadas"
"Registro Administrativo de la Industria Automotriz de Vehículos Ligeros. Venta de vehículos ","Nacional",2026,"07","Volkswagen","Virtus","Automóviles","Subcompactos","IMPORTADO",95,2451,"Cifras Revisadas"
"Registro Administrativo de la Industria Automotriz de Vehículos Ligeros. Venta de vehículos ","Nacional",2026,"07","Volkswagen","Volkswagen Caddy","Camiones ligeros","Pick Ups","IMPORTADO",177,110,"Cifras Revisadas"
"Registro Administrativo de la Industria Automotriz de Vehículos Ligeros. Venta de vehículos ","Nacional",2026,"07","Volkswagen","Volkswagen Tera","Automóviles","Subcompactos","IMPORTADO",31,1299,"Cifras Revisadas"
"Registro Administrativo de la Industria Automotriz de Vehículos Ligeros. Venta de vehículos ","Nacional",2026,"07","Volvo","C40","Automóviles","De Lujo","IMPORTADO",23,13,"Cifras Revisadas"
"Registro Administrativo de la Industria Automotriz de Vehículos Ligeros. Venta de vehículos ","Nacional",2026,"07","Volvo","EX30","Camiones ligeros","SUV's","IMPORTADO",43,59,"Cifras Revisadas"
"Registro Administrativo de la Industria Automotriz de Vehículos Ligeros. Venta de vehículos ","Nacional",2026,"07","Volvo","EX90","Camiones ligeros","SUV's","IMPORTADO",66,7,"Cifras Revisadas"
"Registro Administrativo de la Industria Automotriz de Vehículos Ligeros. Venta de vehículos ","Nacional",2026,"07","Volvo","XC40","Automóviles","De Lujo","IMPORTADO",23,90,"Cifras Revisadas"
"Registro Administrativo de la Industria Automotriz de Vehículos Ligeros. Venta de vehículos ","Nacional",2026,"07","Volvo","XC60 II","Camiones ligeros","SUV's","IMPORTADO",209,53,"Cifras Revisadas"
"Registro Administrativo de la Industria Automotriz de Vehículos Ligeros. Venta de vehículos ","Nacional",2026,"07","Volvo","XC90 II","Camiones ligeros","SUV's","IMPORTADO",209,30,"Cifras Revisadas"
"Registro Administrativo de la Industria Automotriz de Vehículos Ligeros. Venta de vehículos ","Nacional",2026,"07","Zeekr","X","Automóviles","De Lujo","IMPORTADO",43,19,"Cifras Revisadas"
"Registro Administrativo de la Industria Automotriz de Vehículos Ligeros. Venta de vehículos ","Nacional",2026,"07","Zeekr","001","Automóviles","De Lujo","IMPORTADO",43,26,"Cifras Revisadas"
"Registro Administrativo de la Industria Automotriz de Vehículos Ligeros. Venta de vehículos ","Nacional",2026,"07","Zeekr","7X","Automóviles","De Lujo","IMPORTADO",43,78,"Cifras Revisadas"
"Registro Administrativo de la Industria Automotriz de Vehículos Ligeros. Venta de vehículos ","Nacional",2026,"08","Acura","ADX","Camiones ligeros","SUV's","NACIONAL",1,9,"Cifras Revisadas"
"Registro Administrativo de la Industria Automotriz de Vehículos Ligeros. Venta de vehículos ","Nacional",2026,"08","Acura","INTEGRA","Automóviles","De Lujo","IMPORTADO",66,10,"Cifras Revisadas"
"Registro Administrativo de la Industria Automotriz de Vehículos Ligeros. Venta de vehículos ","Nacional",2026,"08","Acura","Mdx","Camiones ligeros","SUV's","IMPORTADO",40,7,"Cifras Revisadas"
"Registro Administrativo de la Industria Automotriz de Vehículos Ligeros. Venta de vehículos ","Nacional",2026,"08","Acura","Rdx","Camiones ligeros","SUV's","IMPORTADO",66,10,"Cifras Revisadas"
"Registro Administrativo de la Industria Automotriz de Vehículos Ligeros. Venta de vehículos ","Nacional",2026,"08","Alfa Romeo","Giulia","Automóviles","De Lujo","IMPORTADO",124,7,"Cifras Revisadas"
"Registro Administrativo de la Industria Automotriz de Vehículos Ligeros. Venta de vehículos ","Nacional",2026,"08","Alfa Romeo","Junior","Camiones ligeros","SUV's","IMPORTADO",124,53,"Cifras Revisadas"
"Registro Administrativo de la Industria Automotriz de Vehículos Ligeros. Venta de vehículos ","Nacional",2026,"08","Alfa Romeo","Stelvio","Automóviles","De Lujo","IMPORTADO",124,5,"Cifras Revisadas"
"Registro Administrativo de la Industria Automotriz de Vehículos Ligeros. Venta de vehículos ","Nacional",2026,"08","Alfa Romeo","TONALE","Camiones ligeros","SUV's","IMPORTADO",124,14,"Cifras Revisadas"
"Registro Administrativo de la Industria Automotriz de Vehículos Ligeros. Venta de vehículos ","Nacional",2026,"08","Audi","A1*","Automóviles","De Lujo","IMPORTADO",64,26,"Cifras Revisadas"
"Registro Administrativo de la Industria Automotriz de Vehículos Ligeros. Venta de vehículos ","Nacional",2026,"08","Audi","A3-","Automóviles","De Lujo","IMPORTADO",4,70,"Cifras Revisadas"
"Registro Administrativo de la Industria Automotriz de Vehículos Ligeros. Venta de vehículos ","Nacional",2026,"08","Audi","A3 Sedán","Automóviles","De Lujo","IMPORTADO",4,120,"Cifras Revisadas"
"Registro Administrativo de la Industria Automotriz de Vehículos Ligeros. Venta de vehículos ","Nacional",2026,"08","Audi","A5 Sedán","Automóviles","De Lujo","IMPORTADO",4,81,"Cifras Revisadas"
"Registro Administrativo de la Industria Automotriz de Vehículos Ligeros. Venta de vehículos ","Nacional",2026,"08","Audi","A6","Automóviles","De Lujo","IMPORTADO",4,5,"Cifras Revisadas"
"Registro Administrativo de la Industria Automotriz de Vehículos Ligeros. Venta de vehículos ","Nacional",2026,"08","Audi","Q 3","Camiones ligeros","SUV's","IMPORTADO",94,64,"Cifras Revisadas"
"Registro Administrativo de la Industria Automotriz de Vehículos Ligeros. Venta de vehículos ","Nacional",2026,"08","Audi","Q2","Automóviles","De Lujo","IMPORTADO",62,11,"Cifras Revisadas"
"Registro Administrativo de la Industria Automotriz de Vehículos Ligeros. Venta de vehículos ","Nacional",2026,"08","Audi","Q3 SB","Camiones ligeros","SUV's","IMPORTADO",94,132,"Cifras Revisadas"
"Registro Administrativo de la Industria Automotriz de Vehículos Ligeros. Venta de vehículos ","Nacional",2026,"08","Audi","Q5","Camiones ligeros","SUV's","NACIONAL",1,180,"Cifras Revisadas"
"Registro Administrativo de la Industria Automotriz de Vehículos Ligeros. Venta de vehículos ","Nacional",2026,"08","Audi","Q6 etron","Automóviles","De Lujo","IMPORTADO",4,10,"Cifras Revisadas"
"Registro Administrativo de la Industria Automotriz de Vehículos Ligeros. Venta de vehículos ","Nacional",2026,"08","Audi","Q7-","Camiones ligeros","SUV's","IMPORTADO",62,11,"Cifras Revisadas"
"Registro Administrativo de la Industria Automotriz de Vehículos Ligeros. Venta de vehículos ","Nacional",2026,"08","Audi","Q8","Camiones ligeros","SUV's","IMPORTADO",4,30,"Cifras Revisadas"
"Registro Administrativo de la Industria Automotriz de Vehículos Ligeros. Venta de vehículos ","Nacional",2026,"08","Auteco","D2S 150","Automóviles","Subcompactos","IMPORTADO",43,0,"Cifras Revisadas"
"Registro Administrativo de la Industria Automotriz de Vehículos Ligeros. Venta de vehículos ","Nacional",2026,"08","Auteco","D2S 250","Automóviles","Subcompactos","IMPORTADO",43,0,"Cifras Revisadas"
"Registro Administrativo de la Industria Automotriz de Vehículos Ligeros. Venta de vehículos ","Nacional",2026,"08","Auteco","E-TRUCK B2.0T","Camiones ligeros","Pick Ups","IMPORTADO",43,0,"Cifras Revisadas"
"Registro Administrativo de la Industria Automotriz de Vehículos Ligeros. Venta de vehículos ","Nacional",2026,"08","Auteco","E-Van B2.4T","Camiones ligeros","Minivans","IMPORTADO",43,0,"Cifras Revisadas"
"Registro Administrativo de la Industria Automotriz de Vehículos Ligeros. Venta de vehículos ","Nacional",2026,"08","Auteco","E-VAN S1.0T PRO","Camiones ligeros","Minivans","IMPORTADO",43,0,"Cifras Revisadas"
"Registro Administrativo de la Industria Automotriz de Vehículos Ligeros. Venta de vehículos ","Nacional",2026,"08","Auteco","RICH 6 EV","Camiones ligeros","Pick Ups","IMPORTADO",43,0,"Cifras Revisadas"
"Registro Administrativo de la Industria Automotriz de Vehículos Ligeros. Venta de vehículos ","Nacional",2026,"08","Auteco","Rich 7EV 4x4","Camiones ligeros","Pick Ups","IMPORTADO",43,0,"Cifras Revisadas"
"Registro Administrativo de la Industria Automotriz de Vehículos Ligeros. Venta de vehículos ","Nacional",2026,"08","Bentley","Flying Spur","Automóviles","De Lujo","IMPORTADO",181,1,"Cifras Revisadas"
"Registro Administrativo de la Industria Automotriz de Vehículos Ligeros. Venta de vehículos ","Nacional",2026,"08","BMW","iX","Camiones ligeros","SUV's","IMPORTADO",4,5,"Cifras Revisadas"
"Registro Administrativo de la Industria Automotriz de Vehículos Ligeros. Venta de vehículos ","Nacional",2026,"08","BMW","iX1","Automóviles","De Lujo","IMPORTADO",4,16,"Cifras Revisadas"
"Registro Administrativo de la Industria Automotriz de Vehículos Ligeros. Venta de vehículos ","Nacional",2026,"08","BMW","iX2","Camiones ligeros","SUV's","IMPORTADO",4,22,"Cifras Revisadas"
"Registro Administrativo de la Industria Automotriz de Vehículos Ligeros. Venta de vehículos ","Nacional",2026,"08","BMW","iX3","Camiones ligeros","SUV's","IMPORTADO",43,30,"Cifras Revisadas"
"Registro Administrativo de la Industria Automotriz de Vehículos Ligeros. Venta de vehículos ","Nacional",2026,"08","BMW","i4","Automóviles","De Lujo","IMPORTADO",4,2,"Cifras Revisadas"
"Registro Administrativo de la Industria Automotriz de Vehículos Ligeros. Venta de vehículos ","Nacional",2026,"08","BMW","i5","Automóviles","De Lujo","IMPORTADO",4,6,"Cifras Revisadas"
"Registro Administrativo de la Industria Automotriz de Vehículos Ligeros. Venta de vehículos ","Nacional",2026,"08","BMW","Serie 1 Hatch","Automóviles","De Lujo","IMPORTADO",4,47,"Cifras Revisadas"
"Registro Administrativo de la Industria Automotriz de Vehículos Ligeros. Venta de vehículos ","Nacional",2026,"08","BMW","Serie 2","Automóviles","De Lujo","IMPORTADO",4,157,"Cifras Revisadas"
"Registro Administrativo de la Industria Automotriz de Vehículos Ligeros. Venta de vehículos ","Nacional",2026,"08","BMW","Serie 3","Automóviles","De Lujo","IMPORTADO",4,71,"Cifras Revisadas"
"Registro Administrativo de la Industria Automotriz de Vehículos Ligeros. Venta de vehículos ","Nacional",2026,"08","BMW","Serie 4","Automóviles","De Lujo","IMPORTADO",4,57,"Cifras Revisadas"
"Registro Administrativo de la Industria Automotriz de Vehículos Ligeros. Venta de vehículos ","Nacional",2026,"08","BMW","Serie 5","Automóviles","De Lujo","IMPORTADO",4,20,"Cifras Revisadas"
"Registro Administrativo de la Industria Automotriz de Vehículos Ligeros. Venta de vehículos ","Nacional",2026,"08","BMW","Serie 7","Automóviles","De Lujo","IMPORTADO",4,1,"Cifras Revisadas"
"Registro Administrativo de la Industria Automotriz de Vehículos Ligeros. Venta de vehículos ","Nacional",2026,"08","BMW","XM","Automóviles","De Lujo","IMPORTADO",66,2,"Cifras Revisadas"
"Registro Administrativo de la Industria Automotriz de Vehículos Ligeros. Venta de vehículos ","Nacional",2026,"08","BMW","X1","Camiones ligeros","SUV's","IMPORTADO",4,202,"Cifras Revisadas"
"Registro Administrativo de la Industria Automotriz de Vehículos Ligeros. Venta de vehículos ","Nacional",2026,"08","BMW","X2","Camiones ligeros","SUV's","IMPORTADO",4,93,"Cifras Revisadas"
"Registro Administrativo de la Industria Automotriz de Vehículos Ligeros. Venta de vehículos ","Nacional",2026,"08","BMW","X3","Camiones ligeros","SUV's","IMPORTADO",66,259,"Cifras Revisadas"
"Registro Administrativo de la Industria Automotriz de Vehículos Ligeros. Venta de vehículos ","Nacional",2026,"08","BMW","X4","Camiones ligeros","SUV's","IMPORTADO",66,1,"Cifras Revisadas"
"Registro Administrativo de la Industria Automotriz de Vehículos Ligeros. Venta de vehículos ","Nacional",2026,"08","BMW","X5","Camiones ligeros","SUV's","IMPORTADO",66,159,"Cifras Revisadas"
"Registro Administrativo de la Industria Automotriz de Vehículos Ligeros. Venta de vehículos ","Nacional",2026,"08","BMW","X6","Camiones ligeros","SUV's","IMPORTADO",66,58,"Cifras Revisadas"
"Registro Administrativo de la Industria Automotriz de Vehículos Ligeros. Venta de vehículos ","Nacional",2026,"08","BMW","X7","Camiones ligeros","SUV's","IMPORTADO",66,18,"Cifras Revisadas"
"Registro Administrativo de la Industria Automotriz de Vehículos Ligeros. Venta de vehículos ","Nacional",2026,"08","BMW","Z4-","Automóviles","De Lujo","IMPORTADO",4,2,"Cifras Revisadas"
"Registro Administrativo de la Industria Automotriz de Vehículos Ligeros. Venta de vehículos ","Nacional",2026,"08","Changan","ALSVIN","Automóviles","Subcompactos","IMPORTADO",43,338,"Cifras Revisadas"
"Registro Administrativo de la Industria Automotriz de Vehículos Ligeros. Venta de vehículos ","Nacional",2026,"08","Changan","CS35 PLUS","Camiones ligeros","SUV's","IMPORTADO",43,148,"Cifras Revisadas"
"Registro Administrativo de la Industria Automotriz de Vehículos Ligeros. Venta de vehículos ","Nacional",2026,"08","Changan","CS55 PLUS","Camiones ligeros","SUV's","IMPORTADO",43,47,"Cifras Revisadas"
"Registro Administrativo de la Industria Automotriz de Vehículos Ligeros. Venta de vehículos ","Nacional",2026,"08","Changan","CS55 Plus IDD","Camiones ligeros","SUV's","IMPORTADO",43,100,"Cifras Revisadas"
"Registro Administrativo de la Industria Automotriz de Vehículos Ligeros. Venta de vehículos ","Nacional",2026,"08","Changan","CS75","Camiones ligeros","SUV's","IMPORTADO",43,45,"Cifras Revisadas"
"Registro Administrativo de la Industria Automotriz de Vehículos Ligeros. Venta de vehículos ","Nacional",2026,"08","Changan","CS95","Camiones ligeros","SUV's","IMPORTADO",43,6,"Cifras Revisadas"
"Registro Administrativo de la Industria Automotriz de Vehículos Ligeros. Venta de vehículos ","Nacional",2026,"08","Changan","DEEPAL S07 BEV","Camiones ligeros","SUV's","IMPORTADO",43,63,"Cifras Revisadas"
"Registro Administrativo de la Industria Automotriz de Vehículos Ligeros. Venta de vehículos ","Nacional",2026,"08","Changan","DEEPAL S07 REEV","Camiones ligeros","SUV's","IMPORTADO",43,71,"Cifras Revisadas"
"Registro Administrativo de la Industria Automotriz de Vehículos Ligeros. Venta de vehículos ","Nacional",2026,"08","Changan","Eado Plus","Automóviles","Compactos","IMPORTADO",43,81,"Cifras Revisadas"
"Registro Administrativo de la Industria Automotriz de Vehículos Ligeros. Venta de vehículos ","Nacional",2026,"08","Changan","Eado Plus IDD","Automóviles","Compactos","IMPORTADO",43,133,"Cifras Revisadas"
"Registro Administrativo de la Industria Automotriz de Vehículos Ligeros. Venta de vehículos ","Nacional",2026,"08","Changan","HONOR S","Camiones ligeros","Minivans","IMPORTADO",43,126,"Cifras Revisadas"
"Registro Administrativo de la Industria Automotriz de Vehículos Ligeros. Venta de vehículos ","Nacional",2026,"08","Changan","HUNTER CHASIS","Camiones ligeros","Pick Ups","IMPORTADO",43,27,"Cifras Revisadas"
"Registro Administrativo de la Industria Automotriz de Vehículos Ligeros. Venta de vehículos ","Nacional",2026,"08","Changan","HUNTER PLUS","Camiones ligeros","Pick Ups","IMPORTADO",43,20,"Cifras Revisadas"
"Registro Administrativo de la Industria Automotriz de Vehículos Ligeros. Venta de vehículos ","Nacional",2026,"08","Changan","HUNTER WORK","Camiones ligeros","Pick Ups","IMPORTADO",43,93,"Cifras Revisadas"
"Registro Administrativo de la Industria Automotriz de Vehículos Ligeros. Venta de vehículos ","Nacional",2026,"08","Changan","NEW STAR TRUCK","Camiones ligeros","Pick Ups","IMPORTADO",43,189,"Cifras Revisadas"
"Registro Administrativo de la Industria Automotriz de Vehículos Ligeros. Venta de vehículos ","Nacional",2026,"08","Changan","UNI-K","Camiones ligeros","SUV's","IMPORTADO",43,76,"Cifras Revisadas"
"Registro Administrativo de la Industria Automotriz de Vehículos Ligeros. Venta de vehículos ","Nacional",2026,"08","Chrysler","Charger","Automóviles","De Lujo","IMPORTADO",40,26,"Cifras Revisadas"
"Registro Administrativo de la Industria Automotriz de Vehículos Ligeros. Venta de vehículos ","Nacional",2026,"08","Chrysler","Cherokee","Camiones ligeros","SUV's","IMPORTADO",66,232,"Cifras Revisadas"
"Registro Administrativo de la Industria Automotriz de Vehículos Ligeros. Venta de vehículos ","Nacional",2026,"08","Chrysler","Commander","Camiones ligeros","SUV's","IMPORTADO",31,51,"Cifras Revisadas"
"Registro Administrativo de la Industria Automotriz de Vehículos Ligeros. Venta de vehículos ","Nacional",2026,"08","Chrysler","Crew Cab-","Camiones ligeros","Pick Ups","NACIONAL",1,217,"Cifras Revisadas"
"Registro Administrativo de la Industria Automotriz de Vehículos Ligeros. Venta de vehículos ","Nacional",2026,"08","Chrysler","Durango","Camiones ligeros","SUV's","IMPORTADO",66,19,"Cifras Revisadas"
"Registro Administrativo de la Industria Automotriz de Vehículos Ligeros. Venta de vehículos ","Nacional",2026,"08","Chrysler","Grand Cherokee","Camiones ligeros","SUV's","IMPORTADO",66,120,"Cifras Revisadas"
"Registro Administrativo de la Industria Automotriz de Vehículos Ligeros. Venta de vehículos ","Nacional",2026,"08","Chrysler","Jeep Compass","Camiones ligeros","SUV's","IMPORTADO",66,186,"Cifras Revisadas"
"Registro Administrativo de la Industria Automotriz de Vehículos Ligeros. Venta de vehículos ","Nacional",2026,"08","Chrysler","Jeep Compass-","Camiones ligeros","SUV's","NACIONAL",1,52,"Cifras Revisadas"
"Registro Administrativo de la Industria Automotriz de Vehículos Ligeros. Venta de vehículos ","Nacional",2026,"08","Chrysler","Journey","Camiones ligeros","SUV's","IMPORTADO",43,3,"Cifras Revisadas"
"Registro Administrativo de la Industria Automotriz de Vehículos Ligeros. Venta de vehículos ","Nacional",2026,"08","Chrysler","JT ","Camiones ligeros","Pick Ups","IMPORTADO",66,73,"Cifras Revisadas"
"Registro Administrativo de la Industria Automotriz de Vehículos Ligeros. Venta de vehículos ","Nacional",2026,"08","Chrysler","Nuevo Attitude","Automóviles","Compactos","IMPORTADO",43,1029,"Cifras Revisadas"
"Registro Administrativo de la Industria Automotriz de Vehículos Ligeros. Venta de vehículos ","Nacional",2026,"08","Chrysler","Promaster","Camiones ligeros","SUV's","NACIONAL",1,1,"Cifras Revisadas"
"Registro Administrativo de la Industria Automotriz de Vehículos Ligeros. Venta de vehículos ","Nacional",2026,"08","Chrysler","RAM 1200","Camiones ligeros","Pick Ups","NACIONAL",1,2974,"Cifras Revisadas"
"Registro Administrativo de la Industria Automotriz de Vehículos Ligeros. Venta de vehículos ","Nacional",2026,"08","Chrysler","RAM 3500","Camiones ligeros","Pick Ups","NACIONAL",1,1,"Cifras Revisadas"
"Registro Administrativo de la Industria Automotriz de Vehículos Ligeros. Venta de vehículos ","Nacional",2026,"08","Chrysler","RAM 4000","Camiones ligeros","Pick Ups","NACIONAL",1,166,"Cifras Revisadas"
"Registro Administrativo de la Industria Automotriz de Vehículos Ligeros. Venta de vehículos ","Nacional",2026,"08","Chrysler","RAM 700","Camiones ligeros","Pick Ups","IMPORTADO",31,1109,"Cifras Revisadas"
"Registro Administrativo de la Industria Automotriz de Vehículos Ligeros. Venta de vehículos ","Nacional",2026,"08","Chrysler","Renegade","Camiones ligeros","SUV's","IMPORTADO",31,171,"Cifras Revisadas"
"Registro Administrativo de la Industria Automotriz de Vehículos Ligeros. Venta de vehículos ","Nacional",2026,"08","Chrysler","Wagoneer","Camiones ligeros","SUV's","IMPORTADO",66,8,"Cifras Revisadas"
"Registro Administrativo de la Industria Automotriz de Vehículos Ligeros. Venta de vehículos ","Nacional",2026,"08","Chrysler","Wrangler","Camiones ligeros","SUV's","IMPORTADO",66,113,"Cifras Revisadas"
"Registro Administrativo de la Industria Automotriz de Vehículos Ligeros. Venta de vehículos ","Nacional",2026,"08","Fiat","Argo","Automóviles","Subcompactos","IMPORTADO",31,1,"Cifras Revisadas"
"Registro Administrativo de la Industria Automotriz de Vehículos Ligeros. Venta de vehículos ","Nacional",2026,"08","Fiat","FASTBACK","Camiones ligeros","SUV's","IMPORTADO",31,48,"Cifras Revisadas"
"Registro Administrativo de la Industria Automotriz de Vehículos Ligeros. Venta de vehículos ","Nacional",2026,"08","Fiat","Mobi","Automóviles","Subcompactos","IMPORTADO",31,3,"Cifras Revisadas"
"Registro Administrativo de la Industria Automotriz de Vehículos Ligeros. Venta de vehículos ","Nacional",2026,"08","Fiat","Pulse","Camiones ligeros","SUV's","IMPORTADO",31,147,"Cifras Revisadas"
"Registro Administrativo de la Industria Automotriz de Vehículos Ligeros. Venta de vehículos ","Nacional",2026,"08","Ford Motor","Bronco","Camiones ligeros","SUV's","IMPORTADO",66,79,"Cifras Revisadas"
"Registro Administrativo de la Industria Automotriz de Vehículos Ligeros. Venta de vehículos ","Nacional",2026,"08","Ford Motor","Bronco Sport","Camiones ligeros","SUV's","NACIONAL",1,127,"Cifras Revisadas"
"Registro Administrativo de la Industria Automotriz de Vehículos Ligeros. Venta de vehículos ","Nacional",2026,"08","Ford Motor","Edge","Camiones ligeros","SUV's","IMPORTADO",40,281,"Cifras Revisadas"
"Registro Administrativo de la Industria Automotriz de Vehículos Ligeros. Venta de vehículos ","Nacional",2026,"08","Ford Motor","E-Transit","Camiones ligeros","Pick Ups","IMPORTADO",66,230,"Cifras Revisadas"
"Registro Administrativo de la Industria Automotriz de Vehículos Ligeros. Venta de vehículos ","Nacional",2026,"08","Ford Motor","Expedition","Camiones ligeros","Minivans","IMPORTADO",66,51,"Cifras Revisadas"
"Registro Administrativo de la Industria Automotriz de Vehículos Ligeros. Venta de vehículos ","Nacional",2026,"08","Ford Motor","Explorer","Camiones ligeros","SUV's","IMPORTADO",66,72,"Cifras Revisadas"
"Registro Administrativo de la Industria Automotriz de Vehículos Ligeros. Venta de vehículos ","Nacional",2026,"08","Ford Motor","F 250 Super Duty","Camiones ligeros","Pick Ups","IMPORTADO",66,40,"Cifras Revisadas"
"Registro Administrativo de la Industria Automotriz de Vehículos Ligeros. Venta de vehículos ","Nacional",2026,"08","Ford Motor","F-350","Camiones ligeros","Pick Ups","IMPORTADO",66,163,"Cifras Revisadas"
"Registro Administrativo de la Industria Automotriz de Vehículos Ligeros. Venta de vehículos ","Nacional",2026,"08","Ford Motor","F-450","Camiones ligeros","Pick Ups","IMPORTADO",66,178,"Cifras Revisadas"
"Registro Administrativo de la Industria Automotriz de Vehículos Ligeros. Venta de vehículos ","Nacional",2026,"08","Ford Motor","F-550","Camiones ligeros","Pick Ups","IMPORTADO",66,60,"Cifras Revisadas"
"Registro Administrativo de la Industria Automotriz de Vehículos Ligeros. Venta de vehículos ","Nacional",2026,"08","Ford Motor","Lobo Regular Cab","Camiones ligeros","Pick Ups","IMPORTADO",66,185,"Cifras Revisadas"
"Registro Administrativo de la Industria Automotriz de Vehículos Ligeros. Venta de vehículos ","Nacional",2026,"08","Ford Motor","Maverick","Camiones ligeros","Pick Ups","NACIONAL",1,175,"Cifras Revisadas"
"Registro Administrativo de la Industria Automotriz de Vehículos Ligeros. Venta de vehículos ","Nacional",2026,"08","Ford Motor","Mustang","Automóviles","Deportivos","IMPORTADO",66,60,"Cifras Revisadas"
"Registro Administrativo de la Industria Automotriz de Vehículos Ligeros. Venta de vehículos ","Nacional",2026,"08","Ford Motor","Mustang Mach-E","Camiones ligeros","SUV's","NACIONAL",1,17,"Cifras Revisadas"
"Registro Administrativo de la Industria Automotriz de Vehículos Ligeros. Venta de vehículos ","Nacional",2026,"08","Ford Motor","New F150 / F-150","Camiones ligeros","Pick Ups","IMPORTADO",66,593,"Cifras Revisadas"
"Registro Administrativo de la Industria Automotriz de Vehículos Ligeros. Venta de vehículos ","Nacional",2026,"08","Ford Motor","Ranger","Camiones ligeros","Pick Ups","IMPORTADO",12,261,"Cifras Revisadas"
"Registro Administrativo de la Industria Automotriz de Vehículos Ligeros. Venta de vehículos ","Nacional",2026,"08","Ford Motor","Territory","Camiones ligeros","SUV's","IMPORTADO",43,1943,"Cifras Revisadas"
"Registro Administrativo de la Industria Automotriz de Vehículos Ligeros. Venta de vehículos ","Nacional",2026,"08","Ford Motor","Transit","Camiones ligeros","SUV's","IMPORTADO",181,243,"Cifras Revisadas"
"Registro Administrativo de la Industria Automotriz de Vehículos Ligeros. Venta de vehículos ","Nacional",2026,"08","Foton","HI VAN EV","Camiones ligeros","SUV's","IMPORTADO",43,1,"Cifras Revisadas"
"Registro Administrativo de la Industria Automotriz de Vehículos Ligeros. Venta de vehículos ","Nacional",2026,"08","Foton","HI-VAN","Camiones ligeros","SUV's","IMPORTADO",43,36,"Cifras Revisadas"
"Registro Administrativo de la Industria Automotriz de Vehículos Ligeros. Venta de vehículos ","Nacional",2026,"08","Foton","MILER","Camiones ligeros","Pick Ups","IMPORTADO",43,0,"Cifras Revisadas"
"Registro Administrativo de la Industria Automotriz de Vehículos Ligeros. Venta de vehículos ","Nacional",2026,"08","Foton","S3","Camiones ligeros","Pick Ups","IMPORTADO",43,7,"Cifras Revisadas"
"Registro Administrativo de la Industria Automotriz de Vehículos Ligeros. Venta de vehículos ","Nacional",2026,"08","Foton","S3 EV","Camiones ligeros","Pick Ups","IMPORTADO",43,3,"Cifras Revisadas"
"Registro Administrativo de la Industria Automotriz de Vehículos Ligeros. Venta de vehículos ","Nacional",2026,"08","Foton","TM EV","Camiones ligeros","Pick Ups","IMPORTADO",43,0,"Cifras Revisadas"
"Registro Administrativo de la Industria Automotriz de Vehículos Ligeros. Venta de vehículos ","Nacional",2026,"08","Foton","TM 3","Camiones ligeros","Pick Ups","IMPORTADO",43,36,"Cifras Revisadas"
"Registro Administrativo de la Industria Automotriz de Vehículos Ligeros. Venta de vehículos ","Nacional",2026,"08","Foton","TUNLAND","Camiones ligeros","Pick Ups","IMPORTADO",43,67,"Cifras Revisadas"
"Registro Administrativo de la Industria Automotriz de Vehículos Ligeros. Venta de vehículos ","Nacional",2026,"08","Foton","Tunland EV","Camiones ligeros","Pick Ups","IMPORTADO",43,0,"Cifras Revisadas"
"Registro Administrativo de la Industria Automotriz de Vehículos Ligeros. Venta de vehículos ","Nacional",2026,"08","Foton","VIEW","Camiones ligeros","SUV's","IMPORTADO",43,41,"Cifras Revisadas"
"Registro Administrativo de la Industria Automotriz de Vehículos Ligeros. Venta de vehículos ","Nacional",2026,"08","Foton","VIEW EV","Camiones ligeros","SUV's","IMPORTADO",43,0,"Cifras Revisadas"
"Registro Administrativo de la Industria Automotriz de Vehículos Ligeros. Venta de vehículos ","Nacional",2026,"08","Foton","WONDER","Camiones ligeros","Pick Ups","IMPORTADO",43,3,"Cifras Revisadas"
"Registro Administrativo de la Industria Automotriz de Vehículos Ligeros. Venta de vehículos ","Nacional",2026,"08","Foton","Wonder EV","Camiones ligeros","Pick Ups","IMPORTADO",43,0,"Cifras Revisadas"
"Registro Administrativo de la Industria Automotriz de Vehículos Ligeros. Venta de vehículos ","Nacional",2026,"08","Geely","Cityray","Camiones ligeros","SUV's","IMPORTADO",43,133,"Cifras Revisadas"
"Registro Administrativo de la Industria Automotriz de Vehículos Ligeros. Venta de vehículos ","Nacional",2026,"08","Geely","Coolray","Camiones ligeros","SUV's","IMPORTADO",43,632,"Cifras Revisadas"
"Registro Administrativo de la Industria Automotriz de Vehículos Ligeros. Venta de vehículos ","Nacional",2026,"08","Geely","Emgrand","Automóviles","Subcompactos","IMPORTADO",43,1546,"Cifras Revisadas"
"Registro Administrativo de la Industria Automotriz de Vehículos Ligeros. Venta de vehículos ","Nacional",2026,"08","Geely","EX2","Camiones ligeros","SUV's","IMPORTADO",43,889,"Cifras Revisadas"
"Registro Administrativo de la Industria Automotriz de Vehículos Ligeros. Venta de vehículos ","Nacional",2026,"08","Geely","EX5","Camiones ligeros","SUV's","IMPORTADO",43,32,"Cifras Revisadas"
"Registro Administrativo de la Industria Automotriz de Vehículos Ligeros. Venta de vehículos ","Nacional",2026,"08","Geely","EX5 EM-i","Camiones ligeros","SUV's","IMPORTADO",43,886,"Cifras Revisadas"
"Registro Administrativo de la Industria Automotriz de Vehículos Ligeros. Venta de vehículos ","Nacional",2026,"08","Geely","Geometry C","Camiones ligeros","SUV's","IMPORTADO",43,0,"Cifras Revisadas"
"Registro Administrativo de la Industria Automotriz de Vehículos Ligeros. Venta de vehículos ","Nacional",2026,"08","Geely","Gx3 Pro","Camiones ligeros","SUV's","IMPORTADO",43,34,"Cifras Revisadas"
"Registro Administrativo de la Industria Automotriz de Vehículos Ligeros. Venta de vehículos ","Nacional",2026,"08","Geely","Monjaro","Camiones ligeros","SUV's","IMPORTADO",43,112,"Cifras Revisadas"
"Registro Administrativo de la Industria Automotriz de Vehículos Ligeros. Venta de vehículos ","Nacional",2026,"08","Geely","Okavango","Camiones ligeros","SUV's","IMPORTADO",43,3,"Cifras Revisadas"
"Registro Administrativo de la Industria Automotriz de Vehículos Ligeros. Venta de vehículos ","Nacional",2026,"08","Geely","Starray","Camiones ligeros","SUV's","IMPORTADO",43,15,"Cifras Revisadas"
"Registro Administrativo de la Industria Automotriz de Vehículos Ligeros. Venta de vehículos ","Nacional",2026,"08","General Motors","Acadia","Camiones ligeros","SUV's","IMPORTADO",66,57,"Cifras Revisadas"
"Registro Administrativo de la Industria Automotriz de Vehículos Ligeros. Venta de vehículos ","Nacional",2026,"08","General Motors","Ats 4p","Automóviles","De Lujo","IMPORTADO",66,0,"Cifras Revisadas"
"Registro Administrativo de la Industria Automotriz de Vehículos Ligeros. Venta de vehículos ","Nacional",2026,"08","General Motors","Avalanche UUV","Camiones ligeros","Pick Ups","NACIONAL",1,0,"Cifras Revisadas"
"Registro Administrativo de la Industria Automotriz de Vehículos Ligeros. Venta de vehículos ","Nacional",2026,"08","General Motors","Aveo","Automóviles","Subcompactos","IMPORTADO",43,5276,"Cifras Revisadas"
"Registro Administrativo de la Industria Automotriz de Vehículos Ligeros. Venta de vehículos ","Nacional",2026,"08","General Motors","Aveo-","Automóviles","Subcompactos","NACIONAL",1,0,"Cifras Revisadas"
"Registro Administrativo de la Industria Automotriz de Vehículos Ligeros. Venta de vehículos ","Nacional",2026,"08","General Motors","Aveo HB","Automóviles","Subcompactos","IMPORTADO",43,0,"Cifras Revisadas"
"Registro Administrativo de la Industria Automotriz de Vehículos Ligeros. Venta de vehículos ","Nacional",2026,"08","General Motors","Beat","Automóviles","Subcompactos","IMPORTADO",95,0,"Cifras Revisadas"
"Registro Administrativo de la Industria Automotriz de Vehículos Ligeros. Venta de vehículos ","Nacional",2026,"08","General Motors","Beat 4 PTAS.","Automóviles","Subcompactos","IMPORTADO",95,0,"Cifras Revisadas"
"Registro Administrativo de la Industria Automotriz de Vehículos Ligeros. Venta de vehículos ","Nacional",2026,"08","General Motors","Blazer","Camiones ligeros","SUV's","NACIONAL",1,10,"Cifras Revisadas"
"Registro Administrativo de la Industria Automotriz de Vehículos Ligeros. Venta de vehículos ","Nacional",2026,"08","General Motors","Blazer EV","Camiones ligeros","SUV's","NACIONAL",1,3,"Cifras Revisadas"
"Registro Administrativo de la Industria Automotriz de Vehículos Ligeros. Venta de vehículos ","Nacional",2026,"08","General Motors","Bolt","Automóviles","Subcompactos","IMPORTADO",66,0,"Cifras Revisadas"
"Registro Administrativo de la Industria Automotriz de Vehículos Ligeros. Venta de vehículos ","Nacional",2026,"08","General Motors","Bolt EUV","Camiones ligeros","SUV's","IMPORTADO",66,0,"Cifras Revisadas"
"Registro Administrativo de la Industria Automotriz de Vehículos Ligeros. Venta de vehículos ","Nacional",2026,"08","General Motors","Brightdrop","Camiones ligeros","Minivans","IMPORTADO",40,0,"Cifras Revisadas"
"Registro Administrativo de la Industria Automotriz de Vehículos Ligeros. Venta de vehículos ","Nacional",2026,"08","General Motors","Camaro","Automóviles","Deportivos","IMPORTADO",66,0,"Cifras Revisadas"
"Registro Administrativo de la Industria Automotriz de Vehículos Ligeros. Venta de vehículos ","Nacional",2026,"08","General Motors","Camaro Convertible","Automóviles","De Lujo","IMPORTADO",66,0,"Cifras Revisadas"
"Registro Administrativo de la Industria Automotriz de Vehículos Ligeros. Venta de vehículos ","Nacional",2026,"08","General Motors","Canyon Crew Cab 4x4","Camiones ligeros","Pick Ups","IMPORTADO",66,133,"Cifras Revisadas"
"Registro Administrativo de la Industria Automotriz de Vehículos Ligeros. Venta de vehículos ","Nacional",2026,"08","General Motors","Captiva Sport","Camiones ligeros","SUV's","NACIONAL",1,0,"Cifras Revisadas"
"Registro Administrativo de la Industria Automotriz de Vehículos Ligeros. Venta de vehículos ","Nacional",2026,"08","General Motors","Captiva SUV","Camiones ligeros","SUV's","IMPORTADO",43,2070,"Cifras Revisadas"
"Registro Administrativo de la Industria Automotriz de Vehículos Ligeros. Venta de vehículos ","Nacional",2026,"08","General Motors","Cavalier 4 Ptas","Automóviles","Compactos","IMPORTADO",43,4,"Cifras Revisadas"
"Registro Administrativo de la Industria Automotriz de Vehículos Ligeros. Venta de vehículos ","Nacional",2026,"08","General Motors","Chevrolet Express Cargo Van","Camiones ligeros","Minivans","IMPORTADO",66,0,"Cifras Revisadas"
"Registro Administrativo de la Industria Automotriz de Vehículos Ligeros. Venta de vehículos ","Nacional",2026,"08","General Motors","Chevrolet Express Cutaway","Camiones ligeros","Minivans","IMPORTADO",66,0,"Cifras Revisadas"
"Registro Administrativo de la Industria Automotriz de Vehículos Ligeros. Venta de vehículos ","Nacional",2026,"08","General Motors","Chevrolet Express MAX Cargo Van","Camiones ligeros","Minivans","IMPORTADO",43,40,"Cifras Revisadas"
"Registro Administrativo de la Industria Automotriz de Vehículos Ligeros. Venta de vehículos ","Nacional",2026,"08","General Motors","Chevrolet Express Passenger Van","Camiones ligeros","Minivans","IMPORTADO",66,0,"Cifras Revisadas"
"Registro Administrativo de la Industria Automotriz de Vehículos Ligeros. Venta de vehículos ","Nacional",2026,"08","General Motors","Chevy 3 Ptas","Automóviles","Subcompactos","NACIONAL",1,0,"Cifras Revisadas"
"Registro Administrativo de la Industria Automotriz de Vehículos Ligeros. Venta de vehículos ","Nacional",2026,"08","General Motors","Chevy 4 PTAS","Automóviles","Subcompactos","NACIONAL",1,0,"Cifras Revisadas"
"Registro Administrativo de la Industria Automotriz de Vehículos Ligeros. Venta de vehículos ","Nacional",2026,"08","General Motors","Cheyenne  Doble Cabina","Camiones ligeros","Pick Ups","NACIONAL",1,167,"Cifras Revisadas"
"Registro Administrativo de la Industria Automotriz de Vehículos Ligeros. Venta de vehículos ","Nacional",2026,"08","General Motors","Cheyenne Cabina Regular","Camiones ligeros","Pick Ups","NACIONAL",1,40,"Cifras Revisadas"
"Registro Administrativo de la Industria Automotriz de Vehículos Ligeros. Venta de vehículos ","Nacional",2026,"08","General Motors","Cheyenne Doble Cabina","Camiones ligeros","Pick Ups","IMPORTADO",66,0,"Cifras Revisadas"
"Registro Administrativo de la Industria Automotriz de Vehículos Ligeros. Venta de vehículos ","Nacional",2026,"08","General Motors","Colorado Doble Cabina","Camiones ligeros","Pick Ups","IMPORTADO",66,129,"Cifras Revisadas"
"Registro Administrativo de la Industria Automotriz de Vehículos Ligeros. Venta de vehículos ","Nacional",2026,"08","General Motors","Corvette","Automóviles","Deportivos","IMPORTADO",66,3,"Cifras Revisadas"
"Registro Administrativo de la Industria Automotriz de Vehículos Ligeros. Venta de vehículos ","Nacional",2026,"08","General Motors","Corvette 2  Pts. Convertible","Automóviles","De Lujo","IMPORTADO",66,1,"Cifras Revisadas"
"Registro Administrativo de la Industria Automotriz de Vehículos Ligeros. Venta de vehículos ","Nacional",2026,"08","General Motors","Cruze 4 PTAS-","Automóviles","Compactos","NACIONAL",1,0,"Cifras Revisadas"
"Registro Administrativo de la Industria Automotriz de Vehículos Ligeros. Venta de vehículos ","Nacional",2026,"08","General Motors","Cruze 4 Ptas","Automóviles","Compactos","IMPORTADO",48,0,"Cifras Revisadas"
"Registro Administrativo de la Industria Automotriz de Vehículos Ligeros. Venta de vehículos ","Nacional",2026,"08","General Motors","Cruze 5 Ptas","Automóviles","Compactos","NACIONAL",1,0,"Cifras Revisadas"
"Registro Administrativo de la Industria Automotriz de Vehículos Ligeros. Venta de vehículos ","Nacional",2026,"08","General Motors","Cts 2 Ptas","Automóviles","De Lujo","IMPORTADO",66,0,"Cifras Revisadas"
"Registro Administrativo de la Industria Automotriz de Vehículos Ligeros. Venta de vehículos ","Nacional",2026,"08","General Motors","Cts 4 Ptas","Automóviles","De Lujo","IMPORTADO",66,0,"Cifras Revisadas"
"Registro Administrativo de la Industria Automotriz de Vehículos Ligeros. Venta de vehículos ","Nacional",2026,"08","General Motors","Enclave","Camiones ligeros","SUV's","IMPORTADO",66,25,"Cifras Revisadas"
"Registro Administrativo de la Industria Automotriz de Vehículos Ligeros. Venta de vehículos ","Nacional",2026,"08","General Motors","Encore","Camiones ligeros","SUV's","IMPORTADO",48,13,"Cifras Revisadas"
"Registro Administrativo de la Industria Automotriz de Vehículos Ligeros. Venta de vehículos ","Nacional",2026,"08","General Motors","Envision SUV","Camiones ligeros","SUV's","IMPORTADO",43,48,"Cifras Revisadas"
"Registro Administrativo de la Industria Automotriz de Vehículos Ligeros. Venta de vehículos ","Nacional",2026,"08","General Motors","Envista SUV","Camiones ligeros","SUV's","IMPORTADO",48,190,"Cifras Revisadas"
"Registro Administrativo de la Industria Automotriz de Vehículos Ligeros. Venta de vehículos ","Nacional",2026,"08","General Motors","Epica","Automóviles","Compactos","IMPORTADO",48,0,"Cifras Revisadas"
"Registro Administrativo de la Industria Automotriz de Vehículos Ligeros. Venta de vehículos ","Nacional",2026,"08","General Motors","Equinox EV","Camiones ligeros","SUV's","NACIONAL",1,20,"Cifras Revisadas"
"Registro Administrativo de la Industria Automotriz de Vehículos Ligeros. Venta de vehículos ","Nacional",2026,"08","General Motors","Equinox SUV-","Camiones ligeros","SUV's","NACIONAL",1,0,"Cifras Revisadas"
"Registro Administrativo de la Industria Automotriz de Vehículos Ligeros. Venta de vehículos ","Nacional",2026,"08","General Motors","Equinox Suv","Camiones ligeros","SUV's","IMPORTADO",66,0,"Cifras Revisadas"
"Registro Administrativo de la Industria Automotriz de Vehículos Ligeros. Venta de vehículos ","Nacional",2026,"08","General Motors","Escalade ESV SUV AWD","Camiones ligeros","Minivans","IMPORTADO",66,30,"Cifras Revisadas"
"Registro Administrativo de la Industria Automotriz de Vehículos Ligeros. Venta de vehículos ","Nacional",2026,"08","General Motors","Escalade ESV SUV AWD","Camiones ligeros","Minivans","NACIONAL",1,0,"Cifras Revisadas"
"Registro Administrativo de la Industria Automotriz de Vehículos Ligeros. Venta de vehículos ","Nacional",2026,"08","General Motors","Escalade EXT UUV 4X4","Camiones ligeros","Minivans","NACIONAL",1,0,"Cifras Revisadas"
"Registro Administrativo de la Industria Automotriz de Vehículos Ligeros. Venta de vehículos ","Nacional",2026,"08","General Motors","Escalade IQ Suv","Camiones ligeros","SUV's","NACIONAL",1,5,"Cifras Revisadas"
"Registro Administrativo de la Industria Automotriz de Vehículos Ligeros. Venta de vehículos ","Nacional",2026,"08","General Motors","Escalade IQL Suv","Camiones ligeros","SUV's","NACIONAL",1,0,"Cifras Revisadas"
"Registro Administrativo de la Industria Automotriz de Vehículos Ligeros. Venta de vehículos ","Nacional",2026,"08","General Motors","Escalade Suv","Camiones ligeros","Minivans","IMPORTADO",66,31,"Cifras Revisadas"
"Registro Administrativo de la Industria Automotriz de Vehículos Ligeros. Venta de vehículos ","Nacional",2026,"08","General Motors","GMC Sierra Cabina Regular","Camiones ligeros","Pick Ups","IMPORTADO",66,0,"Cifras Revisadas"
"Registro Administrativo de la Industria Automotriz de Vehículos Ligeros. Venta de vehículos ","Nacional",2026,"08","General Motors","GMC Sierra Doble Cabina","Camiones ligeros","Pick Ups","NACIONAL",1,0,"Cifras Revisadas"
"Registro Administrativo de la Industria Automotriz de Vehículos Ligeros. Venta de vehículos ","Nacional",2026,"08","General Motors","Groove SUV","Camiones ligeros","SUV's","IMPORTADO",43,2027,"Cifras Revisadas"
"Registro Administrativo de la Industria Automotriz de Vehículos Ligeros. Venta de vehículos ","Nacional",2026,"08","General Motors","Hummer EV Pickup","Camiones ligeros","Pick Ups","IMPORTADO",66,8,"Cifras Revisadas"
"Registro Administrativo de la Industria Automotriz de Vehículos Ligeros. Venta de vehículos ","Nacional",2026,"08","General Motors","Hummer EV SUV","Camiones ligeros","SUV's","IMPORTADO",66,9,"Cifras Revisadas"
"Registro Administrativo de la Industria Automotriz de Vehículos Ligeros. Venta de vehículos ","Nacional",2026,"08","General Motors","Kodiak Chassis Cab Class 7 PBV33,000","Camiones ligeros","Pick Ups","NACIONAL",1,0,"Cifras Revisadas"
"Registro Administrativo de la Industria Automotriz de Vehículos Ligeros. Venta de vehículos ","Nacional",2026,"08","General Motors","Lacrosse","Automóviles","De Lujo","IMPORTADO",66,0,"Cifras Revisadas"
"Registro Administrativo de la Industria Automotriz de Vehículos Ligeros. Venta de vehículos ","Nacional",2026,"08","General Motors","Lyriq SUV ","Camiones ligeros","SUV's","IMPORTADO",66,1,"Cifras Revisadas"
"Registro Administrativo de la Industria Automotriz de Vehículos Ligeros. Venta de vehículos ","Nacional",2026,"08","General Motors","Malibu 4 Ptas","Automóviles","Compactos","IMPORTADO",66,0,"Cifras Revisadas"
"Registro Administrativo de la Industria Automotriz de Vehículos Ligeros. Venta de vehículos ","Nacional",2026,"08","General Motors","Matiz 5 Ptas","Automóviles","Subcompactos","IMPORTADO",48,0,"Cifras Revisadas"
"Registro Administrativo de la Industria Automotriz de Vehículos Ligeros. Venta de vehículos ","Nacional",2026,"08","General Motors","Montana Crew Cab","Camiones ligeros","Pick Ups","IMPORTADO",31,192,"Cifras Revisadas"
"Registro Administrativo de la Industria Automotriz de Vehículos Ligeros. Venta de vehículos ","Nacional",2026,"08","General Motors","Onix","Automóviles","Compactos","IMPORTADO",43,1175,"Cifras Revisadas"
"Registro Administrativo de la Industria Automotriz de Vehículos Ligeros. Venta de vehículos ","Nacional",2026,"08","General Motors","Onix","Automóviles","Compactos","NACIONAL",1,0,"Cifras Revisadas"
"Registro Administrativo de la Industria Automotriz de Vehículos Ligeros. Venta de vehículos ","Nacional",2026,"08","General Motors","Optiq","Camiones ligeros","SUV's","NACIONAL",1,7,"Cifras Revisadas"
"Registro Administrativo de la Industria Automotriz de Vehículos Ligeros. Venta de vehículos ","Nacional",2026,"08","General Motors","Regal","Automóviles","De Lujo","IMPORTADO",40,0,"Cifras Revisadas"
"Registro Administrativo de la Industria Automotriz de Vehículos Ligeros. Venta de vehículos ","Nacional",2026,"08","General Motors","Sierra Cabina Regular","Camiones ligeros","Pick Ups","NACIONAL",1,68,"Cifras Revisadas"
"Registro Administrativo de la Industria Automotriz de Vehículos Ligeros. Venta de vehículos ","Nacional",2026,"08","General Motors","Sierra Doble Cabina","Camiones ligeros","Pick Ups","IMPORTADO",66,43,"Cifras Revisadas"
"Registro Administrativo de la Industria Automotriz de Vehículos Ligeros. Venta de vehículos ","Nacional",2026,"08","General Motors","Sierra Doble Cabina","Camiones ligeros","Pick Ups","NACIONAL",1,130,"Cifras Revisadas"
"Registro Administrativo de la Industria Automotriz de Vehículos Ligeros. Venta de vehículos ","Nacional",2026,"08","General Motors","Silverado Cabina Regular","Camiones ligeros","Pick Ups","NACIONAL",1,24,"Cifras Revisadas"
"Registro Administrativo de la Industria Automotriz de Vehículos Ligeros. Venta de vehículos ","Nacional",2026,"08","General Motors","Silverado Doble Cabina","Camiones ligeros","Pick Ups","NACIONAL",1,113,"Cifras Revisadas"
"Registro Administrativo de la Industria Automotriz de Vehículos Ligeros. Venta de vehículos ","Nacional",2026,"08","General Motors","Silverado 1500 Cabina Regular","Camiones ligeros","Pick Ups","IMPORTADO",66,0,"Cifras Revisadas"
"Registro Administrativo de la Industria Automotriz de Vehículos Ligeros. Venta de vehículos ","Nacional",2026,"08","General Motors","Silverado 1500 Cabina Regular-","Camiones ligeros","Pick Ups","NACIONAL",1,0,"Cifras Revisadas"
"Registro Administrativo de la Industria Automotriz de Vehículos Ligeros. Venta de vehículos ","Nacional",2026,"08","General Motors","Silverado 2500 Cabina Extendida","Camiones ligeros","Pick Ups","IMPORTADO",66,0,"Cifras Revisadas"
"Registro Administrativo de la Industria Automotriz de Vehículos Ligeros. Venta de vehículos ","Nacional",2026,"08","General Motors","Silverado 2500 Cabina Regular","Camiones ligeros","Pick Ups","IMPORTADO",66,0,"Cifras Revisadas"
"Registro Administrativo de la Industria Automotriz de Vehículos Ligeros. Venta de vehículos ","Nacional",2026,"08","General Motors","Silverado 2500 Cabina Regular-","Camiones ligeros","Pick Ups","NACIONAL",1,0,"Cifras Revisadas"
"Registro Administrativo de la Industria Automotriz de Vehículos Ligeros. Venta de vehículos ","Nacional",2026,"08","General Motors","Silverado 2500 Doble Cabina-","Camiones ligeros","Pick Ups","NACIONAL",1,0,"Cifras Revisadas"
"Registro Administrativo de la Industria Automotriz de Vehículos Ligeros. Venta de vehículos ","Nacional",2026,"08","General Motors","Silverado 3500 Chassis Cab","Camiones ligeros","Pick Ups","NACIONAL",1,0,"Cifras Revisadas"
"Registro Administrativo de la Industria Automotriz de Vehículos Ligeros. Venta de vehículos ","Nacional",2026,"08","General Motors","Silverado 3500 HD Chassis Cab Heavy Duty","Camiones ligeros","Pick Ups","NACIONAL",1,0,"Cifras Revisadas"
"Registro Administrativo de la Industria Automotriz de Vehículos Ligeros. Venta de vehículos ","Nacional",2026,"08","General Motors","Sonic-","Automóviles","Subcompactos","NACIONAL",1,0,"Cifras Revisadas"
"Registro Administrativo de la Industria Automotriz de Vehículos Ligeros. Venta de vehículos ","Nacional",2026,"08","General Motors","Sonic 5 PTS","Automóviles","Subcompactos","IMPORTADO",66,0,"Cifras Revisadas"
"Registro Administrativo de la Industria Automotriz de Vehículos Ligeros. Venta de vehículos ","Nacional",2026,"08","General Motors","Sonic 5 PTS-","Automóviles","Subcompactos","NACIONAL",1,0,"Cifras Revisadas"
"Registro Administrativo de la Industria Automotriz de Vehículos Ligeros. Venta de vehículos ","Nacional",2026,"08","General Motors","Spark","Automóviles","Subcompactos","IMPORTADO",95,0,"Cifras Revisadas"
"Registro Administrativo de la Industria Automotriz de Vehículos Ligeros. Venta de vehículos ","Nacional",2026,"08","General Motors","Spark EUV 4 dr.","Camiones ligeros","SUV's","IMPORTADO",43,328,"Cifras Revisadas"
"Registro Administrativo de la Industria Automotriz de Vehículos Ligeros. Venta de vehículos ","Nacional",2026,"08","General Motors","Spark EV 5 Ptas.","Automóviles","Subcompactos","IMPORTADO",48,0,"Cifras Revisadas"
"Registro Administrativo de la Industria Automotriz de Vehículos Ligeros. Venta de vehículos ","Nacional",2026,"08","General Motors","Spark NG","Automóviles","Subcompactos","IMPORTADO",48,0,"Cifras Revisadas"
"Registro Administrativo de la Industria Automotriz de Vehículos Ligeros. Venta de vehículos ","Nacional",2026,"08","General Motors","SRX SUV-","Camiones ligeros","SUV's","NACIONAL",1,0,"Cifras Revisadas"
"Registro Administrativo de la Industria Automotriz de Vehículos Ligeros. Venta de vehículos ","Nacional",2026,"08","General Motors","Suburban Suv","Camiones ligeros","SUV's","IMPORTADO",66,99,"Cifras Revisadas"
"Registro Administrativo de la Industria Automotriz de Vehículos Ligeros. Venta de vehículos ","Nacional",2026,"08","General Motors","S10","Camiones ligeros","Pick Ups","IMPORTADO",31,1669,"Cifras Revisadas"
"Registro Administrativo de la Industria Automotriz de Vehículos Ligeros. Venta de vehículos ","Nacional",2026,"08","General Motors","S10 Max Cabina Regular","Camiones ligeros","Pick Ups","IMPORTADO",43,0,"Cifras Revisadas"
"Registro Administrativo de la Industria Automotriz de Vehículos Ligeros. Venta de vehículos ","Nacional",2026,"08","General Motors","S10 Max Chassis","Camiones ligeros","Pick Ups","IMPORTADO",43,0,"Cifras Revisadas"
"Registro Administrativo de la Industria Automotriz de Vehículos Ligeros. Venta de vehículos ","Nacional",2026,"08","General Motors","S10 Max Doble Cabina","Camiones ligeros","Pick Ups","IMPORTADO",43,0,"Cifras Revisadas"
"Registro Administrativo de la Industria Automotriz de Vehículos Ligeros. Venta de vehículos ","Nacional",2026,"08","General Motors","Tahoe","Camiones ligeros","SUV's","IMPORTADO",66,77,"Cifras Revisadas"
"Registro Administrativo de la Industria Automotriz de Vehículos Ligeros. Venta de vehículos ","Nacional",2026,"08","General Motors","Terrain SUV-","Camiones ligeros","SUV's","NACIONAL",1,171,"Cifras Revisadas"
"Registro Administrativo de la Industria Automotriz de Vehículos Ligeros. Venta de vehículos ","Nacional",2026,"08","General Motors","Terrain Suv","Camiones ligeros","SUV's","IMPORTADO",40,0,"Cifras Revisadas"
"Registro Administrativo de la Industria Automotriz de Vehículos Ligeros. Venta de vehículos ","Nacional",2026,"08","General Motors","Tornado Pickup","Camiones ligeros","Pick Ups","IMPORTADO",31,0,"Cifras Revisadas"
"Registro Administrativo de la Industria Automotriz de Vehículos Ligeros. Venta de vehículos ","Nacional",2026,"08","General Motors","Tornado Van","Camiones ligeros","Minivans","IMPORTADO",43,1641,"Cifras Revisadas"
"Registro Administrativo de la Industria Automotriz de Vehículos Ligeros. Venta de vehículos ","Nacional",2026,"08","General Motors","Tracker","Camiones ligeros","SUV's","IMPORTADO",31,253,"Cifras Revisadas"
"Registro Administrativo de la Industria Automotriz de Vehículos Ligeros. Venta de vehículos ","Nacional",2026,"08","General Motors","Traverse Suv","Camiones ligeros","SUV's","IMPORTADO",66,86,"Cifras Revisadas"
"Registro Administrativo de la Industria Automotriz de Vehículos Ligeros. Venta de vehículos ","Nacional",2026,"08","General Motors","Trax","Camiones ligeros","SUV's","NACIONAL",1,546,"Cifras Revisadas"
"Registro Administrativo de la Industria Automotriz de Vehículos Ligeros. Venta de vehículos ","Nacional",2026,"08","General Motors","Verano","Automóviles","De Lujo","IMPORTADO",66,0,"Cifras Revisadas"
"Registro Administrativo de la Industria Automotriz de Vehículos Ligeros. Venta de vehículos ","Nacional",2026,"08","General Motors","Volt 4 Ptas.","Automóviles","Subcompactos","IMPORTADO",66,0,"Cifras Revisadas"
"Registro Administrativo de la Industria Automotriz de Vehículos Ligeros. Venta de vehículos ","Nacional",2026,"08","General Motors","Xt4 Suv","Camiones ligeros","SUV's","IMPORTADO",66,1,"Cifras Revisadas"
"Registro Administrativo de la Industria Automotriz de Vehículos Ligeros. Venta de vehículos ","Nacional",2026,"08","General Motors","XT5 SUV","Camiones ligeros","SUV's","IMPORTADO",66,1,"Cifras Revisadas"
"Registro Administrativo de la Industria Automotriz de Vehículos Ligeros. Venta de vehículos ","Nacional",2026,"08","General Motors","Yukon Suv","Camiones ligeros","SUV's","IMPORTADO",66,35,"Cifras Revisadas"
"Registro Administrativo de la Industria Automotriz de Vehículos Ligeros. Venta de vehículos ","Nacional",2026,"08","General Motors","Yukon XL","Camiones ligeros","SUV's","IMPORTADO",66,29,"Cifras Revisadas"
"Registro Administrativo de la Industria Automotriz de Vehículos Ligeros. Venta de vehículos ","Nacional",2026,"08","Great Wall Motor","GWM P300","Camiones ligeros","Pick Ups","IMPORTADO",43,4,"Cifras Revisadas"
"Registro Administrativo de la Industria Automotriz de Vehículos Ligeros. Venta de vehículos ","Nacional",2026,"08","Great Wall Motor","HAVAL H6","Camiones ligeros","SUV's","IMPORTADO",43,118,"Cifras Revisadas"
"Registro Administrativo de la Industria Automotriz de Vehículos Ligeros. Venta de vehículos ","Nacional",2026,"08","Great Wall Motor","HAVAL Jolion","Camiones ligeros","SUV's","IMPORTADO",43,697,"Cifras Revisadas"
"Registro Administrativo de la Industria Automotriz de Vehículos Ligeros. Venta de vehículos ","Nacional",2026,"08","Great Wall Motor","H7","Camiones ligeros","SUV's","IMPORTADO",43,11,"Cifras Revisadas"
"Registro Administrativo de la Industria Automotriz de Vehículos Ligeros. Venta de vehículos ","Nacional",2026,"08","Great Wall Motor","Ora 5","Camiones ligeros","SUV's","IMPORTADO",43,199,"Cifras Revisadas"
"Registro Administrativo de la Industria Automotriz de Vehículos Ligeros. Venta de vehículos ","Nacional",2026,"08","Great Wall Motor","POER","Camiones ligeros","Pick Ups","IMPORTADO",43,143,"Cifras Revisadas"
"Registro Administrativo de la Industria Automotriz de Vehículos Ligeros. Venta de vehículos ","Nacional",2026,"08","Great Wall Motor","TANK 300","Camiones ligeros","SUV's","IMPORTADO",43,7,"Cifras Revisadas"
"Registro Administrativo de la Industria Automotriz de Vehículos Ligeros. Venta de vehículos ","Nacional",2026,"08","Great Wall Motor","TANK 500","Camiones ligeros","SUV's","IMPORTADO",43,10,"Cifras Revisadas"
"Registro Administrativo de la Industria Automotriz de Vehículos Ligeros. Venta de vehículos ","Nacional",2026,"08","Honda","Accord-","Automóviles","De Lujo","IMPORTADO",66,20,"Cifras Revisadas"
"Registro Administrativo de la Industria Automotriz de Vehículos Ligeros. Venta de vehículos ","Nacional",2026,"08","Honda","BR-V","Camiones ligeros","SUV's","IMPORTADO",214,523,"Cifras Revisadas"
"Registro Administrativo de la Industria Automotriz de Vehículos Ligeros. Venta de vehículos ","Nacional",2026,"08","Honda","Civic","Automóviles","Compactos","IMPORTADO",66,131,"Cifras Revisadas"
"Registro Administrativo de la Industria Automotriz de Vehículos Ligeros. Venta de vehículos ","Nacional",2026,"08","Honda","CR-V","Camiones ligeros","SUV's","IMPORTADO",66,629,"Cifras Revisadas"
"Registro Administrativo de la Industria Automotriz de Vehículos Ligeros. Venta de vehículos ","Nacional",2026,"08","Honda","Honda City","Automóviles","Compactos","IMPORTADO",31,770,"Cifras Revisadas"
"Registro Administrativo de la Industria Automotriz de Vehículos Ligeros. Venta de vehículos ","Nacional",2026,"08","Honda","Honda Pilot","Camiones ligeros","SUV's","IMPORTADO",66,132,"Cifras Revisadas"
"Registro Administrativo de la Industria Automotriz de Vehículos Ligeros. Venta de vehículos ","Nacional",2026,"08","Honda","HR-V-","Camiones ligeros","SUV's","NACIONAL",1,582,"Cifras Revisadas"
"Registro Administrativo de la Industria Automotriz de Vehículos Ligeros. Venta de vehículos ","Nacional",2026,"08","Honda","Odyssey","Camiones ligeros","Minivans","IMPORTADO",40,73,"Cifras Revisadas"
"Registro Administrativo de la Industria Automotriz de Vehículos Ligeros. Venta de vehículos ","Nacional",2026,"08","Honda","Prelude","Automóviles","Deportivos","IMPORTADO",126,1,"Cifras Revisadas"
"Registro Administrativo de la Industria Automotriz de Vehículos Ligeros. Venta de vehículos ","Nacional",2026,"08","Hyundai","Creta","Camiones ligeros","SUV's","IMPORTADO",95,1667,"Cifras Revisadas"
"Registro Administrativo de la Industria Automotriz de Vehículos Ligeros. Venta de vehículos ","Nacional",2026,"08","Hyundai","Elantra","Automóviles","Compactos","IMPORTADO",66,108,"Cifras Revisadas"
"Registro Administrativo de la Industria Automotriz de Vehículos Ligeros. Venta de vehículos ","Nacional",2026,"08","Hyundai","Grand I10","Automóviles","Subcompactos","IMPORTADO",95,1148,"Cifras Revisadas"
"Registro Administrativo de la Industria Automotriz de Vehículos Ligeros. Venta de vehículos ","Nacional",2026,"08","Hyundai","Grand I10 Sedán","Automóviles","Subcompactos","IMPORTADO",95,1060,"Cifras Revisadas"
"Registro Administrativo de la Industria Automotriz de Vehículos Ligeros. Venta de vehículos ","Nacional",2026,"08","Hyundai","HB20 HATCHBACK","Automóviles","Compactos","IMPORTADO",31,26,"Cifras Revisadas"
"Registro Administrativo de la Industria Automotriz de Vehículos Ligeros. Venta de vehículos ","Nacional",2026,"08","Hyundai","HB20 SEDAN","Automóviles","Compactos","IMPORTADO",31,123,"Cifras Revisadas"
"Registro Administrativo de la Industria Automotriz de Vehículos Ligeros. Venta de vehículos ","Nacional",2026,"08","Hyundai","Palisade","Camiones ligeros","SUV's","IMPORTADO",48,46,"Cifras Revisadas"
"Registro Administrativo de la Industria Automotriz de Vehículos Ligeros. Venta de vehículos ","Nacional",2026,"08","Hyundai","Santa Fe","Camiones ligeros","SUV's","IMPORTADO",66,29,"Cifras Revisadas"
"Registro Administrativo de la Industria Automotriz de Vehículos Ligeros. Venta de vehículos ","Nacional",2026,"08","Hyundai","Tucson","Camiones ligeros","SUV's","IMPORTADO",184,666,"Cifras Revisadas"
"Registro Administrativo de la Industria Automotriz de Vehículos Ligeros. Venta de vehículos ","Nacional",2026,"08","Infiniti","Infiniti","Automóviles","De Lujo","IMPORTADO",126,0,"Cifras Revisadas"
"Registro Administrativo de la Industria Automotriz de Vehículos Ligeros. Venta de vehículos ","Nacional",2026,"08","Infiniti","QX30","Automóviles","De Lujo","IMPORTADO",181,0,"Cifras Revisadas"
"Registro Administrativo de la Industria Automotriz de Vehículos Ligeros. Venta de vehículos ","Nacional",2026,"08","Infiniti","QX50","Camiones ligeros","SUV's","NACIONAL",1,0,"Cifras Revisadas"
"Registro Administrativo de la Industria Automotriz de Vehículos Ligeros. Venta de vehículos ","Nacional",2026,"08","Infiniti","QX55","Camiones ligeros","SUV's","NACIONAL",1,0,"Cifras Revisadas"
"Registro Administrativo de la Industria Automotriz de Vehículos Ligeros. Venta de vehículos ","Nacional",2026,"08","Infiniti","QX60","Camiones ligeros","SUV's","IMPORTADO",126,30,"Cifras Revisadas"
"Registro Administrativo de la Industria Automotriz de Vehículos Ligeros. Venta de vehículos ","Nacional",2026,"08","Infiniti","QX65","Camiones ligeros","SUV's","IMPORTADO",66,31,"Cifras Revisadas"
"Registro Administrativo de la Industria Automotriz de Vehículos Ligeros. Venta de vehículos ","Nacional",2026,"08","Infiniti","QX70","Camiones ligeros","SUV's","IMPORTADO",126,0,"Cifras Revisadas"
"Registro Administrativo de la Industria Automotriz de Vehículos Ligeros. Venta de vehículos ","Nacional",2026,"08","Infiniti","QX80","Camiones ligeros","SUV's","IMPORTADO",126,15,"Cifras Revisadas"
"Registro Administrativo de la Industria Automotriz de Vehículos Ligeros. Venta de vehículos ","Nacional",2026,"08","Infiniti","Q50","Automóviles","De Lujo","IMPORTADO",126,0,"Cifras Revisadas"
"Registro Administrativo de la Industria Automotriz de Vehículos Ligeros. Venta de vehículos ","Nacional",2026,"08","Infiniti","Q60","Automóviles","De Lujo","IMPORTADO",126,0,"Cifras Revisadas"
"Registro Administrativo de la Industria Automotriz de Vehículos Ligeros. Venta de vehículos ","Nacional",2026,"08","Infiniti","Q70","Automóviles","De Lujo","IMPORTADO",126,0,"Cifras Revisadas"
"Registro Administrativo de la Industria Automotriz de Vehículos Ligeros. Venta de vehículos ","Nacional",2026,"08","Isuzu","D-MAX","Camiones ligeros","Pick Ups","IMPORTADO",214,48,"Cifras Revisadas"
"Registro Administrativo de la Industria Automotriz de Vehículos Ligeros. Venta de vehículos ","Nacional",2026,"08","Isuzu","ELF 200","Camiones ligeros","Pick Ups","IMPORTADO",126,22,"Cifras Revisadas"
"Registro Administrativo de la Industria Automotriz de Vehículos Ligeros. Venta de vehículos ","Nacional",2026,"08","Isuzu","ELF 300","Camiones ligeros","Pick Ups","IMPORTADO",126,29,"Cifras Revisadas"
"Registro Administrativo de la Industria Automotriz de Vehículos Ligeros. Venta de vehículos ","Nacional",2026,"08","Isuzu","ELF 350","Camiones ligeros","Pick Ups","IMPORTADO",126,21,"Cifras Revisadas"
"Registro Administrativo de la Industria Automotriz de Vehículos Ligeros. Venta de vehículos ","Nacional",2026,"08","Isuzu","ELF100","Camiones ligeros","Pick Ups","IMPORTADO",126,25,"Cifras Revisadas"
"Registro Administrativo de la Industria Automotriz de Vehículos Ligeros. Venta de vehículos ","Nacional",2026,"08","JAC","E SUNRAY","Camiones ligeros","Minivans","NACIONAL",1,2,"Cifras Revisadas"
"Registro Administrativo de la Industria Automotriz de Vehículos Ligeros. Venta de vehículos ","Nacional",2026,"08","JAC","E 10X","Automóviles","Compactos","NACIONAL",1,13,"Cifras Revisadas"
"Registro Administrativo de la Industria Automotriz de Vehículos Ligeros. Venta de vehículos ","Nacional",2026,"08","JAC","E 30x","Automóviles","Subcompactos","NACIONAL",1,12,"Cifras Revisadas"
"Registro Administrativo de la Industria Automotriz de Vehículos Ligeros. Venta de vehículos ","Nacional",2026,"08","JAC","Frison","Camiones ligeros","Pick Ups","NACIONAL",1,666,"Cifras Revisadas"
"Registro Administrativo de la Industria Automotriz de Vehículos Ligeros. Venta de vehículos ","Nacional",2026,"08","JAC","JAC2","Camiones ligeros","SUV's","NACIONAL",1,35,"Cifras Revisadas"
"Registro Administrativo de la Industria Automotriz de Vehículos Ligeros. Venta de vehículos ","Nacional",2026,"08","JAC","JAC4","Camiones ligeros","SUV's","NACIONAL",1,475,"Cifras Revisadas"
"Registro Administrativo de la Industria Automotriz de Vehículos Ligeros. Venta de vehículos ","Nacional",2026,"08","JAC","JAC6","Camiones ligeros","SUV's","NACIONAL",1,88,"Cifras Revisadas"
"Registro Administrativo de la Industria Automotriz de Vehículos Ligeros. Venta de vehículos ","Nacional",2026,"08","JAC","JAC8","Camiones ligeros","SUV's","NACIONAL",1,181,"Cifras Revisadas"
"Registro Administrativo de la Industria Automotriz de Vehículos Ligeros. Venta de vehículos ","Nacional",2026,"08","JAC","J7","Automóviles","Compactos","NACIONAL",1,1,"Cifras Revisadas"
"Registro Administrativo de la Industria Automotriz de Vehículos Ligeros. Venta de vehículos ","Nacional",2026,"08","JAC","Sei2","Camiones ligeros","SUV's","NACIONAL",1,35,"Cifras Revisadas"
"Registro Administrativo de la Industria Automotriz de Vehículos Ligeros. Venta de vehículos ","Nacional",2026,"08","JAC","Sei4 Pro","Camiones ligeros","SUV's","NACIONAL",1,1,"Cifras Revisadas"
"Registro Administrativo de la Industria Automotriz de Vehículos Ligeros. Venta de vehículos ","Nacional",2026,"08","JAC","SUNRAY","Camiones ligeros","Minivans","NACIONAL",1,182,"Cifras Revisadas"
"Registro Administrativo de la Industria Automotriz de Vehículos Ligeros. Venta de vehículos ","Nacional",2026,"08","JAC","Sunray City","Camiones ligeros","Minivans","NACIONAL",1,97,"Cifras Revisadas"
"Registro Administrativo de la Industria Automotriz de Vehículos Ligeros. Venta de vehículos ","Nacional",2026,"08","JAC","Traveler","Automóviles","Compactos","NACIONAL",1,6,"Cifras Revisadas"
"Registro Administrativo de la Industria Automotriz de Vehículos Ligeros. Venta de vehículos ","Nacional",2026,"08","JAC","X 200","Camiones ligeros","Pick Ups","NACIONAL",1,24,"Cifras Revisadas"
"Registro Administrativo de la Industria Automotriz de Vehículos Ligeros. Venta de vehículos ","Nacional",2026,"08","JAC","X350","Camiones ligeros","Pick Ups","NACIONAL",1,83,"Cifras Revisadas"
"Registro Administrativo de la Industria Automotriz de Vehículos Ligeros. Venta de vehículos ","Nacional",2026,"08","Jetour Soueast","Dashing","Camiones ligeros","SUV's","IMPORTADO",43,54,"Cifras Revisadas"
"Registro Administrativo de la Industria Automotriz de Vehículos Ligeros. Venta de vehículos ","Nacional",2026,"08","Jetour Soueast","G700 PHEV","Camiones ligeros","SUV's","IMPORTADO",43,115,"Cifras Revisadas"
"Registro Administrativo de la Industria Automotriz de Vehículos Ligeros. Venta de vehículos ","Nacional",2026,"08","Jetour Soueast","S06 i-DM","Camiones ligeros","SUV's","IMPORTADO",43,18,"Cifras Revisadas"
"Registro Administrativo de la Industria Automotriz de Vehículos Ligeros. Venta de vehículos ","Nacional",2026,"08","Jetour Soueast","S07","Camiones ligeros","SUV's","IMPORTADO",43,15,"Cifras Revisadas"
"Registro Administrativo de la Industria Automotriz de Vehículos Ligeros. Venta de vehículos ","Nacional",2026,"08","Jetour Soueast","S08 i-DM","Camiones ligeros","SUV's","IMPORTADO",43,29,"Cifras Revisadas"
"Registro Administrativo de la Industria Automotriz de Vehículos Ligeros. Venta de vehículos ","Nacional",2026,"08","Jetour Soueast","S09","Camiones ligeros","SUV's","IMPORTADO",43,29,"Cifras Revisadas"
"Registro Administrativo de la Industria Automotriz de Vehículos Ligeros. Venta de vehículos ","Nacional",2026,"08","Jetour Soueast","T1","Camiones ligeros","SUV's","IMPORTADO",43,36,"Cifras Revisadas"
"Registro Administrativo de la Industria Automotriz de Vehículos Ligeros. Venta de vehículos ","Nacional",2026,"08","Jetour Soueast","T1 i-DM","Camiones ligeros","SUV's","IMPORTADO",43,54,"Cifras Revisadas"
"Registro Administrativo de la Industria Automotriz de Vehículos Ligeros. Venta de vehículos ","Nacional",2026,"08","Jetour Soueast","T2","Camiones ligeros","SUV's","IMPORTADO",43,66,"Cifras Revisadas"
"Registro Administrativo de la Industria Automotriz de Vehículos Ligeros. Venta de vehículos ","Nacional",2026,"08","Jetour Soueast","T2 i-DM","Camiones ligeros","SUV's","IMPORTADO",43,107,"Cifras Revisadas"
"Registro Administrativo de la Industria Automotriz de Vehículos Ligeros. Venta de vehículos ","Nacional",2026,"08","Jetour Soueast","X70","Camiones ligeros","SUV's","IMPORTADO",43,2,"Cifras Revisadas"
"Registro Administrativo de la Industria Automotriz de Vehículos Ligeros. Venta de vehículos ","Nacional",2026,"08","Jetour Soueast","X70 Plus","Camiones ligeros","SUV's","IMPORTADO",43,5,"Cifras Revisadas"
"Registro Administrativo de la Industria Automotriz de Vehículos Ligeros. Venta de vehículos ","Nacional",2026,"08","KIA","EV3","Camiones ligeros","SUV's","NACIONAL",1,126,"Cifras Revisadas"
"Registro Administrativo de la Industria Automotriz de Vehículos Ligeros. Venta de vehículos ","Nacional",2026,"08","KIA","KIA K3 Hatchback","Automóviles","Subcompactos","NACIONAL",1,802,"Cifras Revisadas"
"Registro Administrativo de la Industria Automotriz de Vehículos Ligeros. Venta de vehículos ","Nacional",2026,"08","KIA","KIA K3 Sedán","Automóviles","Subcompactos","NACIONAL",1,4129,"Cifras Revisadas"
"Registro Administrativo de la Industria Automotriz de Vehículos Ligeros. Venta de vehículos ","Nacional",2026,"08","KIA","KIA Niro","Camiones ligeros","SUV's","IMPORTADO",48,46,"Cifras Revisadas"
"Registro Administrativo de la Industria Automotriz de Vehículos Ligeros. Venta de vehículos ","Nacional",2026,"08","KIA","K4 Hatchback","Automóviles","Compactos","NACIONAL",1,123,"Cifras Revisadas"
"Registro Administrativo de la Industria Automotriz de Vehículos Ligeros. Venta de vehículos ","Nacional",2026,"08","KIA","K4 Sedán","Automóviles","Compactos","NACIONAL",1,797,"Cifras Revisadas"
"Registro Administrativo de la Industria Automotriz de Vehículos Ligeros. Venta de vehículos ","Nacional",2026,"08","KIA","Seltos-","Camiones ligeros","SUV's","IMPORTADO",43,1372,"Cifras Revisadas"
"Registro Administrativo de la Industria Automotriz de Vehículos Ligeros. Venta de vehículos ","Nacional",2026,"08","KIA","Sonet","Camiones ligeros","SUV's","IMPORTADO",43,821,"Cifras Revisadas"
"Registro Administrativo de la Industria Automotriz de Vehículos Ligeros. Venta de vehículos ","Nacional",2026,"08","KIA","Sorento","Camiones ligeros","SUV's","IMPORTADO",66,114,"Cifras Revisadas"
"Registro Administrativo de la Industria Automotriz de Vehículos Ligeros. Venta de vehículos ","Nacional",2026,"08","KIA","SPORTAGE","Camiones ligeros","SUV's","IMPORTADO",48,300,"Cifras Revisadas"
"Registro Administrativo de la Industria Automotriz de Vehículos Ligeros. Venta de vehículos ","Nacional",2026,"08","KIA","Sportage-","Camiones ligeros","SUV's","IMPORTADO",43,11,"Cifras Revisadas"
"Registro Administrativo de la Industria Automotriz de Vehículos Ligeros. Venta de vehículos ","Nacional",2026,"08","KIA","Sportage HEV","Camiones ligeros","SUV's","IMPORTADO",48,444,"Cifras Revisadas"
"Registro Administrativo de la Industria Automotriz de Vehículos Ligeros. Venta de vehículos ","Nacional",2026,"08","KIA","Telluride","Camiones ligeros","SUV's","IMPORTADO",66,29,"Cifras Revisadas"
"Registro Administrativo de la Industria Automotriz de Vehículos Ligeros. Venta de vehículos ","Nacional",2026,"08","Land Rover","Defender","Camiones ligeros","SUV's","IMPORTADO",181,40,"Cifras Revisadas"
"Registro Administrativo de la Industria Automotriz de Vehículos Ligeros. Venta de vehículos ","Nacional",2026,"08","Land Rover","Discovery","Automóviles","De Lujo","IMPORTADO",181,0,"Cifras Revisadas"
"Registro Administrativo de la Industria Automotriz de Vehículos Ligeros. Venta de vehículos ","Nacional",2026,"08","Land Rover","Discovery Sport","Automóviles","De Lujo","IMPORTADO",181,7,"Cifras Revisadas"
"Registro Administrativo de la Industria Automotriz de Vehículos Ligeros. Venta de vehículos ","Nacional",2026,"08","Land Rover","Range Rover","Automóviles","De Lujo","IMPORTADO",181,9,"Cifras Revisadas"
"Registro Administrativo de la Industria Automotriz de Vehículos Ligeros. Venta de vehículos ","Nacional",2026,"08","Land Rover","Range Rover Evoque","Automóviles","De Lujo","IMPORTADO",181,30,"Cifras Revisadas"
"Registro Administrativo de la Industria Automotriz de Vehículos Ligeros. Venta de vehículos ","Nacional",2026,"08","Land Rover","Range Rover Sport","Camiones ligeros","SUV's","IMPORTADO",181,42,"Cifras Revisadas"
"Registro Administrativo de la Industria Automotriz de Vehículos Ligeros. Venta de vehículos ","Nacional",2026,"08","Land Rover","Range Rover Velar","Automóviles","De Lujo","IMPORTADO",181,2,"Cifras Revisadas"
"Registro Administrativo de la Industria Automotriz de Vehículos Ligeros. Venta de vehículos ","Nacional",2026,"08","Leapmotor","B10","Camiones ligeros","SUV's","IMPORTADO",43,177,"Cifras Revisadas"
"Registro Administrativo de la Industria Automotriz de Vehículos Ligeros. Venta de vehículos ","Nacional",2026,"08","Lexus","ES","Automóviles","De Lujo","IMPORTADO",66,18,"Cifras Revisadas"
"Registro Administrativo de la Industria Automotriz de Vehículos Ligeros. Venta de vehículos ","Nacional",2026,"08","Lexus","GX","Camiones ligeros","SUV's","IMPORTADO",126,54,"Cifras Revisadas"
"Registro Administrativo de la Industria Automotriz de Vehículos Ligeros. Venta de vehículos ","Nacional",2026,"08","Lexus","IS","Automóviles","De Lujo","IMPORTADO",126,14,"Cifras Revisadas"
"Registro Administrativo de la Industria Automotriz de Vehículos Ligeros. Venta de vehículos ","Nacional",2026,"08","Lexus","LC","Automóviles","De Lujo","IMPORTADO",126,1,"Cifras Revisadas"
"Registro Administrativo de la Industria Automotriz de Vehículos Ligeros. Venta de vehículos ","Nacional",2026,"08","Lexus","LS","Automóviles","De Lujo","IMPORTADO",126,0,"Cifras Revisadas"
"Registro Administrativo de la Industria Automotriz de Vehículos Ligeros. Venta de vehículos ","Nacional",2026,"08","Lexus","LX","Camiones ligeros","SUV's","IMPORTADO",126,7,"Cifras Revisadas"
"Registro Administrativo de la Industria Automotriz de Vehículos Ligeros. Venta de vehículos ","Nacional",2026,"08","Lexus","NX","Camiones ligeros","SUV's","IMPORTADO",40,85,"Cifras Revisadas"
"Registro Administrativo de la Industria Automotriz de Vehículos Ligeros. Venta de vehículos ","Nacional",2026,"08","Lexus","RX","Camiones ligeros","SUV's","IMPORTADO",40,63,"Cifras Revisadas"
"Registro Administrativo de la Industria Automotriz de Vehículos Ligeros. Venta de vehículos ","Nacional",2026,"08","Lexus","TX","Camiones ligeros","SUV's","IMPORTADO",66,10,"Cifras Revisadas"
"Registro Administrativo de la Industria Automotriz de Vehículos Ligeros. Venta de vehículos ","Nacional",2026,"08","Lexus","UX","Camiones ligeros","SUV's","IMPORTADO",126,18,"Cifras Revisadas"
"Registro Administrativo de la Industria Automotriz de Vehículos Ligeros. Venta de vehículos ","Nacional",2026,"08","Lincoln","AVIATOR","Camiones ligeros","SUV's","IMPORTADO",66,10,"Cifras Revisadas"
"Registro Administrativo de la Industria Automotriz de Vehículos Ligeros. Venta de vehículos ","Nacional",2026,"08","Lincoln","Corsair","Camiones ligeros","SUV's","IMPORTADO",40,13,"Cifras Revisadas"
"Registro Administrativo de la Industria Automotriz de Vehículos Ligeros. Venta de vehículos ","Nacional",2026,"08","Lincoln","NAUTILUS","Automóviles","De Lujo","IMPORTADO",66,110,"Cifras Revisadas"
"Registro Administrativo de la Industria Automotriz de Vehículos Ligeros. Venta de vehículos ","Nacional",2026,"08","Lincoln","Navigator","Camiones ligeros","Minivans","IMPORTADO",66,20,"Cifras Revisadas"
"Registro Administrativo de la Industria Automotriz de Vehículos Ligeros. Venta de vehículos ","Nacional",2026,"08","Lynk&Co","01","Automóviles","De Lujo","IMPORTADO",43,36,"Cifras Revisadas"
"Registro Administrativo de la Industria Automotriz de Vehículos Ligeros. Venta de vehículos ","Nacional",2026,"08","Lynk&Co","02","Automóviles","De Lujo","IMPORTADO",43,38,"Cifras Revisadas"
"Registro Administrativo de la Industria Automotriz de Vehículos Ligeros. Venta de vehículos ","Nacional",2026,"08","Lynk&Co","08","Automóviles","De Lujo","IMPORTADO",43,108,"Cifras Revisadas"
"Registro Administrativo de la Industria Automotriz de Vehículos Ligeros. Venta de vehículos ","Nacional",2026,"08","Lynk&Co","09","Automóviles","De Lujo","IMPORTADO",43,13,"Cifras Revisadas"
"Registro Administrativo de la Industria Automotriz de Vehículos Ligeros. Venta de vehículos ","Nacional",2026,"08","Lynk&Co","900","Camiones ligeros","SUV's","IMPORTADO",43,14,"Cifras Revisadas"
"Registro Administrativo de la Industria Automotriz de Vehículos Ligeros. Venta de vehículos ","Nacional",2026,"08","Mazda","BT-50","Camiones ligeros","Pick Ups","IMPORTADO",214,93,"Cifras Revisadas"
"Registro Administrativo de la Industria Automotriz de Vehículos Ligeros. Venta de vehículos ","Nacional",2026,"08","Mazda","CX-3","Camiones ligeros","SUV's","IMPORTADO",126,552,"Cifras Revisadas"
"Registro Administrativo de la Industria Automotriz de Vehículos Ligeros. Venta de vehículos ","Nacional",2026,"08","Mazda","CX-3","Camiones ligeros","SUV's","NACIONAL",1,0,"Cifras Revisadas"
"Registro Administrativo de la Industria Automotriz de Vehículos Ligeros. Venta de vehículos ","Nacional",2026,"08","Mazda","CX-30","Camiones ligeros","SUV's","NACIONAL",1,2793,"Cifras Revisadas"
"Registro Administrativo de la Industria Automotriz de Vehículos Ligeros. Venta de vehículos ","Nacional",2026,"08","Mazda","CX-5","Camiones ligeros","SUV's","IMPORTADO",126,1826,"Cifras Revisadas"
"Registro Administrativo de la Industria Automotriz de Vehículos Ligeros. Venta de vehículos ","Nacional",2026,"08","Mazda","CX-50","Camiones ligeros","SUV's","IMPORTADO",66,180,"Cifras Revisadas"
"Registro Administrativo de la Industria Automotriz de Vehículos Ligeros. Venta de vehículos ","Nacional",2026,"08","Mazda","Cx-7","Camiones ligeros","SUV's","IMPORTADO",126,0,"Cifras Revisadas"
"Registro Administrativo de la Industria Automotriz de Vehículos Ligeros. Venta de vehículos ","Nacional",2026,"08","Mazda","CX-70","Camiones ligeros","SUV's","IMPORTADO",126,34,"Cifras Revisadas"
"Registro Administrativo de la Industria Automotriz de Vehículos Ligeros. Venta de vehículos ","Nacional",2026,"08","Mazda","CX-9","Camiones ligeros","SUV's","IMPORTADO",126,0,"Cifras Revisadas"
"Registro Administrativo de la Industria Automotriz de Vehículos Ligeros. Venta de vehículos ","Nacional",2026,"08","Mazda","CX-90","Camiones ligeros","SUV's","IMPORTADO",126,239,"Cifras Revisadas"
"Registro Administrativo de la Industria Automotriz de Vehículos Ligeros. Venta de vehículos ","Nacional",2026,"08","Mazda","Mazda 2","Automóviles","Subcompactos","IMPORTADO",126,0,"Cifras Revisadas"
"Registro Administrativo de la Industria Automotriz de Vehículos Ligeros. Venta de vehículos ","Nacional",2026,"08","Mazda","Mazda 2 Hatchback","Automóviles","Subcompactos","NACIONAL",1,517,"Cifras Revisadas"
"Registro Administrativo de la Industria Automotriz de Vehículos Ligeros. Venta de vehículos ","Nacional",2026,"08","Mazda","Mazda 2 Sedán","Automóviles","Subcompactos","NACIONAL",1,1627,"Cifras Revisadas"
"Registro Administrativo de la Industria Automotriz de Vehículos Ligeros. Venta de vehículos ","Nacional",2026,"08","Mazda","Mazda 3 Hatchback","Automóviles","Compactos","IMPORTADO",126,338,"Cifras Revisadas"
"Registro Administrativo de la Industria Automotriz de Vehículos Ligeros. Venta de vehículos ","Nacional",2026,"08","Mazda","Mazda 3 Hatchback","Automóviles","Compactos","NACIONAL",1,0,"Cifras Revisadas"
"Registro Administrativo de la Industria Automotriz de Vehículos Ligeros. Venta de vehículos ","Nacional",2026,"08","Mazda","Mazda 3 Sedán","Automóviles","Compactos","IMPORTADO",126,0,"Cifras Revisadas"
"Registro Administrativo de la Industria Automotriz de Vehículos Ligeros. Venta de vehículos ","Nacional",2026,"08","Mazda","Mazda 3 Sedán-","Automóviles","Compactos","NACIONAL",1,925,"Cifras Revisadas"
"Registro Administrativo de la Industria Automotriz de Vehículos Ligeros. Venta de vehículos ","Nacional",2026,"08","Mazda","Mazda 5","Automóviles","Compactos","IMPORTADO",126,0,"Cifras Revisadas"
"Registro Administrativo de la Industria Automotriz de Vehículos Ligeros. Venta de vehículos ","Nacional",2026,"08","Mazda","Mazda 6","Automóviles","De Lujo","IMPORTADO",126,0,"Cifras Revisadas"
"Registro Administrativo de la Industria Automotriz de Vehículos Ligeros. Venta de vehículos ","Nacional",2026,"08","Mazda","Mx-5","Automóviles","Deportivos","IMPORTADO",126,134,"Cifras Revisadas"
"Registro Administrativo de la Industria Automotriz de Vehículos Ligeros. Venta de vehículos ","Nacional",2026,"08","Mercedes Benz","AMG GT","Automóviles","De Lujo","IMPORTADO",4,4,"Cifras Revisadas"
"Registro Administrativo de la Industria Automotriz de Vehículos Ligeros. Venta de vehículos ","Nacional",2026,"08","Mercedes Benz","CLA","Automóviles","De Lujo","IMPORTADO",94,16,"Cifras Revisadas"
"Registro Administrativo de la Industria Automotriz de Vehículos Ligeros. Venta de vehículos ","Nacional",2026,"08","Mercedes Benz","Clase A hatchback","Automóviles","De Lujo","IMPORTADO",4,9,"Cifras Revisadas"
"Registro Administrativo de la Industria Automotriz de Vehículos Ligeros. Venta de vehículos ","Nacional",2026,"08","Mercedes Benz","Clase A Sedan","Automóviles","De Lujo","IMPORTADO",4,9,"Cifras Revisadas"
"Registro Administrativo de la Industria Automotriz de Vehículos Ligeros. Venta de vehículos ","Nacional",2026,"08","Mercedes Benz","Clase C coupe","Automóviles","De Lujo","IMPORTADO",4,0,"Cifras Revisadas"
"Registro Administrativo de la Industria Automotriz de Vehículos Ligeros. Venta de vehículos ","Nacional",2026,"08","Mercedes Benz","Clase C Sedan","Automóviles","De Lujo","IMPORTADO",4,40,"Cifras Revisadas"
"Registro Administrativo de la Industria Automotriz de Vehículos Ligeros. Venta de vehículos ","Nacional",2026,"08","Mercedes Benz","Clase E coupe","Automóviles","De Lujo","IMPORTADO",4,0,"Cifras Revisadas"
"Registro Administrativo de la Industria Automotriz de Vehículos Ligeros. Venta de vehículos ","Nacional",2026,"08","Mercedes Benz","Clase E sedan","Automóviles","De Lujo","IMPORTADO",4,19,"Cifras Revisadas"
"Registro Administrativo de la Industria Automotriz de Vehículos Ligeros. Venta de vehículos ","Nacional",2026,"08","Mercedes Benz","Clase G","Camiones ligeros","SUV's","IMPORTADO",17,14,"Cifras Revisadas"
"Registro Administrativo de la Industria Automotriz de Vehículos Ligeros. Venta de vehículos ","Nacional",2026,"08","Mercedes Benz","Clase GLE","Camiones ligeros","SUV's","IMPORTADO",66,140,"Cifras Revisadas"
"Registro Administrativo de la Industria Automotriz de Vehículos Ligeros. Venta de vehículos ","Nacional",2026,"08","Mercedes Benz","Clase GLS","Camiones ligeros","SUV's","IMPORTADO",66,14,"Cifras Revisadas"
"Registro Administrativo de la Industria Automotriz de Vehículos Ligeros. Venta de vehículos ","Nacional",2026,"08","Mercedes Benz","Clase S coupe","Automóviles","De Lujo","IMPORTADO",4,0,"Cifras Revisadas"
"Registro Administrativo de la Industria Automotriz de Vehículos Ligeros. Venta de vehículos ","Nacional",2026,"08","Mercedes Benz","Clase S sedan","Automóviles","De Lujo","IMPORTADO",4,3,"Cifras Revisadas"
"Registro Administrativo de la Industria Automotriz de Vehículos Ligeros. Venta de vehículos ","Nacional",2026,"08","Mercedes Benz","Clase SL","Automóviles","De Lujo","IMPORTADO",4,0,"Cifras Revisadas"
"Registro Administrativo de la Industria Automotriz de Vehículos Ligeros. Venta de vehículos ","Nacional",2026,"08","Mercedes Benz","Clase V","Camiones ligeros","SUV's","IMPORTADO",64,0,"Cifras Revisadas"
"Registro Administrativo de la Industria Automotriz de Vehículos Ligeros. Venta de vehículos ","Nacional",2026,"08","Mercedes Benz","CLE","Automóviles","De Lujo","IMPORTADO",4,11,"Cifras Revisadas"
"Registro Administrativo de la Industria Automotriz de Vehículos Ligeros. Venta de vehículos ","Nacional",2026,"08","Mercedes Benz","CLS","Automóviles","De Lujo","IMPORTADO",4,0,"Cifras Revisadas"
"Registro Administrativo de la Industria Automotriz de Vehículos Ligeros. Venta de vehículos ","Nacional",2026,"08","Mercedes Benz","EQA","Camiones ligeros","SUV's","IMPORTADO",4,1,"Cifras Revisadas"
"Registro Administrativo de la Industria Automotriz de Vehículos Ligeros. Venta de vehículos ","Nacional",2026,"08","Mercedes Benz","EQB","Camiones ligeros","SUV's","IMPORTADO",94,0,"Cifras Revisadas"
"Registro Administrativo de la Industria Automotriz de Vehículos Ligeros. Venta de vehículos ","Nacional",2026,"08","Mercedes Benz","EQC","Camiones ligeros","SUV's","IMPORTADO",4,1,"Cifras Revisadas"
"Registro Administrativo de la Industria Automotriz de Vehículos Ligeros. Venta de vehículos ","Nacional",2026,"08","Mercedes Benz","EQE","Automóviles","De Lujo","IMPORTADO",4,0,"Cifras Revisadas"
"Registro Administrativo de la Industria Automotriz de Vehículos Ligeros. Venta de vehículos ","Nacional",2026,"08","Mercedes Benz","EQE SUV","Camiones ligeros","SUV's","IMPORTADO",66,0,"Cifras Revisadas"
"Registro Administrativo de la Industria Automotriz de Vehículos Ligeros. Venta de vehículos ","Nacional",2026,"08","Mercedes Benz","EQS","Automóviles","De Lujo","IMPORTADO",4,0,"Cifras Revisadas"
"Registro Administrativo de la Industria Automotriz de Vehículos Ligeros. Venta de vehículos ","Nacional",2026,"08","Mercedes Benz","EQS SUV","Camiones ligeros","SUV's","IMPORTADO",66,2,"Cifras Revisadas"
"Registro Administrativo de la Industria Automotriz de Vehículos Ligeros. Venta de vehículos ","Nacional",2026,"08","Mercedes Benz","GLA","Camiones ligeros","SUV's","IMPORTADO",4,30,"Cifras Revisadas"
"Registro Administrativo de la Industria Automotriz de Vehículos Ligeros. Venta de vehículos ","Nacional",2026,"08","Mercedes Benz","GLB","Camiones ligeros","SUV's","NACIONAL",1,61,"Cifras Revisadas"
"Registro Administrativo de la Industria Automotriz de Vehículos Ligeros. Venta de vehículos ","Nacional",2026,"08","Mercedes Benz","GLC","Camiones ligeros","SUV's","IMPORTADO",4,165,"Cifras Revisadas"
"Registro Administrativo de la Industria Automotriz de Vehículos Ligeros. Venta de vehículos ","Nacional",2026,"08","Mercedes Benz","SLC","Automóviles","De Lujo","IMPORTADO",4,0,"Cifras Revisadas"
"Registro Administrativo de la Industria Automotriz de Vehículos Ligeros. Venta de vehículos ","Nacional",2026,"08","Mercedes Benz","Sprinter","Camiones ligeros","SUV's","IMPORTADO",4,173,"Cifras Revisadas"
"Registro Administrativo de la Industria Automotriz de Vehículos Ligeros. Venta de vehículos ","Nacional",2026,"08","Mercedes Benz","Vito","Camiones ligeros","SUV's","IMPORTADO",64,5,"Cifras Revisadas"
"Registro Administrativo de la Industria Automotriz de Vehículos Ligeros. Venta de vehículos ","Nacional",2026,"08","MG Motor","CYBERSTER","Automóviles","Deportivos","IMPORTADO",43,2,"Cifras Revisadas"
"Registro Administrativo de la Industria Automotriz de Vehículos Ligeros. Venta de vehículos ","Nacional",2026,"08","MG Motor","eHS","Camiones ligeros","SUV's","IMPORTADO",43,15,"Cifras Revisadas"
"Registro Administrativo de la Industria Automotriz de Vehículos Ligeros. Venta de vehículos ","Nacional",2026,"08","MG Motor","HS","Camiones ligeros","SUV's","IMPORTADO",43,181,"Cifras Revisadas"
"Registro Administrativo de la Industria Automotriz de Vehículos Ligeros. Venta de vehículos ","Nacional",2026,"08","MG Motor","HS PHEV","Camiones ligeros","SUV's","IMPORTADO",43,48,"Cifras Revisadas"
"Registro Administrativo de la Industria Automotriz de Vehículos Ligeros. Venta de vehículos ","Nacional",2026,"08","MG Motor","HSHEV","Camiones ligeros","SUV's","IMPORTADO",43,172,"Cifras Revisadas"
"Registro Administrativo de la Industria Automotriz de Vehículos Ligeros. Venta de vehículos ","Nacional",2026,"08","MG Motor","IMLS7","Camiones ligeros","SUV's","IMPORTADO",43,23,"Cifras Revisadas"
"Registro Administrativo de la Industria Automotriz de Vehículos Ligeros. Venta de vehículos ","Nacional",2026,"08","MG Motor","MG One","Camiones ligeros","SUV's","IMPORTADO",43,6,"Cifras Revisadas"
"Registro Administrativo de la Industria Automotriz de Vehículos Ligeros. Venta de vehículos ","Nacional",2026,"08","MG Motor","MG3","Automóviles","Subcompactos","IMPORTADO",43,702,"Cifras Revisadas"
"Registro Administrativo de la Industria Automotriz de Vehículos Ligeros. Venta de vehículos ","Nacional",2026,"08","MG Motor","MG4","Automóviles","Subcompactos","IMPORTADO",43,25,"Cifras Revisadas"
"Registro Administrativo de la Industria Automotriz de Vehículos Ligeros. Venta de vehículos ","Nacional",2026,"08","MG Motor","MG5","Automóviles","Compactos","IMPORTADO",43,1809,"Cifras Revisadas"
"Registro Administrativo de la Industria Automotriz de Vehículos Ligeros. Venta de vehículos ","Nacional",2026,"08","MG Motor","MG7","Automóviles","De Lujo","IMPORTADO",43,8,"Cifras Revisadas"
"Registro Administrativo de la Industria Automotriz de Vehículos Ligeros. Venta de vehículos ","Nacional",2026,"08","MG Motor","P9","Camiones ligeros","Pick Ups","IMPORTADO",43,10,"Cifras Revisadas"
"Registro Administrativo de la Industria Automotriz de Vehículos Ligeros. Venta de vehículos ","Nacional",2026,"08","MG Motor","RX5","Camiones ligeros","SUV's","IMPORTADO",43,1,"Cifras Revisadas"
"Registro Administrativo de la Industria Automotriz de Vehículos Ligeros. Venta de vehículos ","Nacional",2026,"08","MG Motor","RX8","Camiones ligeros","SUV's","IMPORTADO",43,6,"Cifras Revisadas"
"Registro Administrativo de la Industria Automotriz de Vehículos Ligeros. Venta de vehículos ","Nacional",2026,"08","MG Motor","RX9","Camiones ligeros","SUV's","IMPORTADO",43,57,"Cifras Revisadas"
"Registro Administrativo de la Industria Automotriz de Vehículos Ligeros. Venta de vehículos ","Nacional",2026,"08","MG Motor","ZS","Camiones ligeros","SUV's","IMPORTADO",43,604,"Cifras Revisadas"
"Registro Administrativo de la Industria Automotriz de Vehículos Ligeros. Venta de vehículos ","Nacional",2026,"08","MG Motor","ZSHEV","Camiones ligeros","SUV's","IMPORTADO",43,337,"Cifras Revisadas"
"Registro Administrativo de la Industria Automotriz de Vehículos Ligeros. Venta de vehículos ","Nacional",2026,"08","Mini","MINI Aceman","Automóviles","De Lujo","IMPORTADO",43,22,"Cifras Revisadas"
"Registro Administrativo de la Industria Automotriz de Vehículos Ligeros. Venta de vehículos ","Nacional",2026,"08","Mini","MINI CONVERTIBLE","Automóviles","De Lujo","IMPORTADO",181,7,"Cifras Revisadas"
"Registro Administrativo de la Industria Automotriz de Vehículos Ligeros. Venta de vehículos ","Nacional",2026,"08","Mini","MINI COUNTRYMAN","Camiones ligeros","SUV's","IMPORTADO",181,58,"Cifras Revisadas"
"Registro Administrativo de la Industria Automotriz de Vehículos Ligeros. Venta de vehículos ","Nacional",2026,"08","Mini","MINI Countryman E","Automóviles","De Lujo","IMPORTADO",4,8,"Cifras Revisadas"
"Registro Administrativo de la Industria Automotriz de Vehículos Ligeros. Venta de vehículos ","Nacional",2026,"08","Mini","MINI E","Automóviles","De Lujo","IMPORTADO",43,36,"Cifras Revisadas"
"Registro Administrativo de la Industria Automotriz de Vehículos Ligeros. Venta de vehículos ","Nacional",2026,"08","Mini","MINI 3 PTAS","Automóviles","De Lujo","IMPORTADO",181,101,"Cifras Revisadas"
"Registro Administrativo de la Industria Automotriz de Vehículos Ligeros. Venta de vehículos ","Nacional",2026,"08","Mini","MINI 5 PTAS","Automóviles","De Lujo","IMPORTADO",181,25,"Cifras Revisadas"
"Registro Administrativo de la Industria Automotriz de Vehículos Ligeros. Venta de vehículos ","Nacional",2026,"08","Mitsubishi","L200","Camiones ligeros","Pick Ups","IMPORTADO",214,859,"Cifras Revisadas"
"Registro Administrativo de la Industria Automotriz de Vehículos Ligeros. Venta de vehículos ","Nacional",2026,"08","Mitsubishi","Mirage G4","Automóviles","Subcompactos","IMPORTADO",214,82,"Cifras Revisadas"
"Registro Administrativo de la Industria Automotriz de Vehículos Ligeros. Venta de vehículos ","Nacional",2026,"08","Mitsubishi","Outlander","Camiones ligeros","SUV's","IMPORTADO",126,321,"Cifras Revisadas"
"Registro Administrativo de la Industria Automotriz de Vehículos Ligeros. Venta de vehículos ","Nacional",2026,"08","Mitsubishi","Outlander PHEV","Camiones ligeros","SUV's","IMPORTADO",126,52,"Cifras Revisadas"
"Registro Administrativo de la Industria Automotriz de Vehículos Ligeros. Venta de vehículos ","Nacional",2026,"08","Mitsubishi","Outlander Sport","Camiones ligeros","SUV's","IMPORTADO",96,509,"Cifras Revisadas"
"Registro Administrativo de la Industria Automotriz de Vehículos Ligeros. Venta de vehículos ","Nacional",2026,"08","Mitsubishi","Xpander","Camiones ligeros","SUV's","IMPORTADO",96,291,"Cifras Revisadas"
"Registro Administrativo de la Industria Automotriz de Vehículos Ligeros. Venta de vehículos ","Nacional",2026,"08","Nissan","Altima","Automóviles","De Lujo","IMPORTADO",66,0,"Cifras Revisadas"
"Registro Administrativo de la Industria Automotriz de Vehículos Ligeros. Venta de vehículos ","Nacional",2026,"08","Nissan","Armada","Camiones ligeros","SUV's","IMPORTADO",66,0,"Cifras Revisadas"
"Registro Administrativo de la Industria Automotriz de Vehículos Ligeros. Venta de vehículos ","Nacional",2026,"08","Nissan","Cabstar Mediano","Camiones ligeros","Pick Ups","IMPORTADO",64,0,"Cifras Revisadas"
"Registro Administrativo de la Industria Automotriz de Vehículos Ligeros. Venta de vehículos ","Nacional",2026,"08","Nissan","Frontier V6","Camiones ligeros","Pick Ups","IMPORTADO",66,56,"Cifras Revisadas"
"Registro Administrativo de la Industria Automotriz de Vehículos Ligeros. Venta de vehículos ","Nacional",2026,"08","Nissan","GT-R","Automóviles","Deportivos","IMPORTADO",126,0,"Cifras Revisadas"
"Registro Administrativo de la Industria Automotriz de Vehículos Ligeros. Venta de vehículos ","Nacional",2026,"08","Nissan","Juke","Automóviles","Compactos","IMPORTADO",126,0,"Cifras Revisadas"
"Registro Administrativo de la Industria Automotriz de Vehículos Ligeros. Venta de vehículos ","Nacional",2026,"08","Nissan","KAIT","Camiones ligeros","SUV's","IMPORTADO",31,584,"Cifras Revisadas"
"Registro Administrativo de la Industria Automotriz de Vehículos Ligeros. Venta de vehículos ","Nacional",2026,"08","Nissan","Kicks","Camiones ligeros","SUV's","NACIONAL",1,1238,"Cifras Revisadas"
"Registro Administrativo de la Industria Automotriz de Vehículos Ligeros. Venta de vehículos ","Nacional",2026,"08","Nissan","Leaf","Automóviles","Compactos","IMPORTADO",126,0,"Cifras Revisadas"
"Registro Administrativo de la Industria Automotriz de Vehículos Ligeros. Venta de vehículos ","Nacional",2026,"08","Nissan","Magnite","Camiones ligeros","SUV's","IMPORTADO",95,1839,"Cifras Revisadas"
"Registro Administrativo de la Industria Automotriz de Vehículos Ligeros. Venta de vehículos ","Nacional",2026,"08","Nissan","March","Automóviles","Subcompactos","NACIONAL",1,1959,"Cifras Revisadas"
"Registro Administrativo de la Industria Automotriz de Vehículos Ligeros. Venta de vehículos ","Nacional",2026,"08","Nissan","Maxima","Automóviles","De Lujo","IMPORTADO",126,0,"Cifras Revisadas"
"Registro Administrativo de la Industria Automotriz de Vehículos Ligeros. Venta de vehículos ","Nacional",2026,"08","Nissan","Murano","Camiones ligeros","SUV's","IMPORTADO",126,0,"Cifras Revisadas"
"Registro Administrativo de la Industria Automotriz de Vehículos Ligeros. Venta de vehículos ","Nacional",2026,"08","Nissan","Note","Automóviles","Compactos","NACIONAL",1,0,"Cifras Revisadas"
"Registro Administrativo de la Industria Automotriz de Vehículos Ligeros. Venta de vehículos ","Nacional",2026,"08","Nissan","NP300","Camiones ligeros","Pick Ups","NACIONAL",1,5246,"Cifras Revisadas"
"Registro Administrativo de la Industria Automotriz de Vehículos Ligeros. Venta de vehículos ","Nacional",2026,"08","Nissan","NV 200 Cargo","Camiones ligeros","SUV's","NACIONAL",1,0,"Cifras Revisadas"
"Registro Administrativo de la Industria Automotriz de Vehículos Ligeros. Venta de vehículos ","Nacional",2026,"08","Nissan","NV 200 NY TAXI","Camiones ligeros","SUV's","NACIONAL",1,0,"Cifras Revisadas"
"Registro Administrativo de la Industria Automotriz de Vehículos Ligeros. Venta de vehículos ","Nacional",2026,"08","Nissan","NV2500 V6 Toldo Alto","Camiones ligeros","Minivans","IMPORTADO",66,0,"Cifras Revisadas"
"Registro Administrativo de la Industria Automotriz de Vehículos Ligeros. Venta de vehículos ","Nacional",2026,"08","Nissan","Pathfinder","Camiones ligeros","SUV's","IMPORTADO",126,50,"Cifras Revisadas"
"Registro Administrativo de la Industria Automotriz de Vehículos Ligeros. Venta de vehículos ","Nacional",2026,"08","Nissan","Sentra","Automóviles","Compactos","NACIONAL",1,1220,"Cifras Revisadas"
"Registro Administrativo de la Industria Automotriz de Vehículos Ligeros. Venta de vehículos ","Nacional",2026,"08","Nissan","Tiida Sedan","Automóviles","Compactos","NACIONAL",1,0,"Cifras Revisadas"
"Registro Administrativo de la Industria Automotriz de Vehículos Ligeros. Venta de vehículos ","Nacional",2026,"08","Nissan","Titan","Camiones ligeros","Pick Ups","IMPORTADO",66,0,"Cifras Revisadas"
"Registro Administrativo de la Industria Automotriz de Vehículos Ligeros. Venta de vehículos ","Nacional",2026,"08","Nissan","Urvan Panel","Camiones ligeros","SUV's","IMPORTADO",126,929,"Cifras Revisadas"
"Registro Administrativo de la Industria Automotriz de Vehículos Ligeros. Venta de vehículos ","Nacional",2026,"08","Nissan","Urvan Pasajeros","Camiones ligeros","SUV's","IMPORTADO",126,462,"Cifras Revisadas"
"Registro Administrativo de la Industria Automotriz de Vehículos Ligeros. Venta de vehículos ","Nacional",2026,"08","Nissan","Versa","Automóviles","Compactos","NACIONAL",1,7166,"Cifras Revisadas"
"Registro Administrativo de la Industria Automotriz de Vehículos Ligeros. Venta de vehículos ","Nacional",2026,"08","Nissan","Xtrail","Camiones ligeros","SUV's","IMPORTADO",126,1636,"Cifras Revisadas"
"Registro Administrativo de la Industria Automotriz de Vehículos Ligeros. Venta de vehículos ","Nacional",2026,"08","Nissan","Z","Automóviles","Deportivos","IMPORTADO",126,3,"Cifras Revisadas"
"Registro Administrativo de la Industria Automotriz de Vehículos Ligeros. Venta de vehículos ","Nacional",2026,"08","Nissan","370 Z","Automóviles","Deportivos","IMPORTADO",126,0,"Cifras Revisadas"
"Registro Administrativo de la Industria Automotriz de Vehículos Ligeros. Venta de vehículos ","Nacional",2026,"08","Peugeot","E-Partner","Camiones ligeros","Minivans","IMPORTADO",64,1,"Cifras Revisadas"
"Registro Administrativo de la Industria Automotriz de Vehículos Ligeros. Venta de vehículos ","Nacional",2026,"08","Peugeot","Expert Cargo Van","Camiones ligeros","Pick Ups","IMPORTADO",74,48,"Cifras Revisadas"
"Registro Administrativo de la Industria Automotriz de Vehículos Ligeros. Venta de vehículos ","Nacional",2026,"08","Peugeot","Manager Hdi","Camiones ligeros","Pick Ups","IMPORTADO",124,67,"Cifras Revisadas"
"Registro Administrativo de la Industria Automotriz de Vehículos Ligeros. Venta de vehículos ","Nacional",2026,"08","Peugeot","Partner","Camiones ligeros","Pick Ups","IMPORTADO",64,300,"Cifras Revisadas"
"Registro Administrativo de la Industria Automotriz de Vehículos Ligeros. Venta de vehículos ","Nacional",2026,"08","Peugeot","Partner Rapid","Camiones ligeros","Minivans","IMPORTADO",31,449,"Cifras Revisadas"
"Registro Administrativo de la Industria Automotriz de Vehículos Ligeros. Venta de vehículos ","Nacional",2026,"08","Peugeot","RIFTER","Camiones ligeros","Pick Ups","IMPORTADO",64,202,"Cifras Revisadas"
"Registro Administrativo de la Industria Automotriz de Vehículos Ligeros. Venta de vehículos ","Nacional",2026,"08","Peugeot","2008","Camiones ligeros","SUV's","IMPORTADO",74,213,"Cifras Revisadas"
"Registro Administrativo de la Industria Automotriz de Vehículos Ligeros. Venta de vehículos ","Nacional",2026,"08","Peugeot","3008","Camiones ligeros","SUV's","IMPORTADO",74,92,"Cifras Revisadas"
"Registro Administrativo de la Industria Automotriz de Vehículos Ligeros. Venta de vehículos ","Nacional",2026,"08","Peugeot","5008","Camiones ligeros","SUV's","IMPORTADO",74,50,"Cifras Revisadas"
"Registro Administrativo de la Industria Automotriz de Vehículos Ligeros. Venta de vehículos ","Nacional",2026,"08","Porsche","Cayenne","Camiones ligeros","SUV's","IMPORTADO",4,56,"Cifras Revisadas"
"Registro Administrativo de la Industria Automotriz de Vehículos Ligeros. Venta de vehículos ","Nacional",2026,"08","Porsche","Cayman","Automóviles","De Lujo","IMPORTADO",4,0,"Cifras Revisadas"
"Registro Administrativo de la Industria Automotriz de Vehículos Ligeros. Venta de vehículos ","Nacional",2026,"08","Porsche","Macan","Camiones ligeros","SUV's","IMPORTADO",4,60,"Cifras Revisadas"
"Registro Administrativo de la Industria Automotriz de Vehículos Ligeros. Venta de vehículos ","Nacional",2026,"08","Porsche","Panamera","Automóviles","De Lujo","IMPORTADO",4,6,"Cifras Revisadas"
"Registro Administrativo de la Industria Automotriz de Vehículos Ligeros. Venta de vehículos ","Nacional",2026,"08","Porsche","Taycan","Automóviles","Deportivos","IMPORTADO",4,2,"Cifras Revisadas"
"Registro Administrativo de la Industria Automotriz de Vehículos Ligeros. Venta de vehículos ","Nacional",2026,"08","Porsche","718 Boxster","Automóviles","Deportivos","IMPORTADO",4,0,"Cifras Revisadas"
"Registro Administrativo de la Industria Automotriz de Vehículos Ligeros. Venta de vehículos ","Nacional",2026,"08","Porsche","911 Carrera / Turbo / GT","Automóviles","Deportivos","IMPORTADO",4,102,"Cifras Revisadas"
"Registro Administrativo de la Industria Automotriz de Vehículos Ligeros. Venta de vehículos ","Nacional",2026,"08","Renault","Arkana","Camiones ligeros","SUV's","IMPORTADO",48,270,"Cifras Revisadas"
"Registro Administrativo de la Industria Automotriz de Vehículos Ligeros. Venta de vehículos ","Nacional",2026,"08","Renault","Boreal","Camiones ligeros","SUV's","IMPORTADO",31,231,"Cifras Revisadas"
"Registro Administrativo de la Industria Automotriz de Vehículos Ligeros. Venta de vehículos ","Nacional",2026,"08","Renault","Duster","Camiones ligeros","SUV's","IMPORTADO",46,109,"Cifras Revisadas"
"Registro Administrativo de la Industria Automotriz de Vehículos Ligeros. Venta de vehículos ","Nacional",2026,"08","Renault","Kangoo","Camiones ligeros","Pick Ups","IMPORTADO",12,101,"Cifras Revisadas"
"Registro Administrativo de la Industria Automotriz de Vehículos Ligeros. Venta de vehículos ","Nacional",2026,"08","Renault","Kangoo ZE","Camiones ligeros","Pick Ups","IMPORTADO",12,1,"Cifras Revisadas"
"Registro Administrativo de la Industria Automotriz de Vehículos Ligeros. Venta de vehículos ","Nacional",2026,"08","Renault","Kardian","Automóviles","Compactos","IMPORTADO",31,132,"Cifras Revisadas"
"Registro Administrativo de la Industria Automotriz de Vehículos Ligeros. Venta de vehículos ","Nacional",2026,"08","Renault","Kwid","Automóviles","Subcompactos","IMPORTADO",31,1786,"Cifras Revisadas"
"Registro Administrativo de la Industria Automotriz de Vehículos Ligeros. Venta de vehículos ","Nacional",2026,"08","Renault","Master","Camiones ligeros","Minivans","IMPORTADO",74,51,"Cifras Revisadas"
"Registro Administrativo de la Industria Automotriz de Vehículos Ligeros. Venta de vehículos ","Nacional",2026,"08","Renault","MEGANE E-TECH","Automóviles","Subcompactos","IMPORTADO",74,0,"Cifras Revisadas"
"Registro Administrativo de la Industria Automotriz de Vehículos Ligeros. Venta de vehículos ","Nacional",2026,"08","Renault","Nueva Koleos","Camiones ligeros","SUV's","IMPORTADO",48,175,"Cifras Revisadas"
"Registro Administrativo de la Industria Automotriz de Vehículos Ligeros. Venta de vehículos ","Nacional",2026,"08","Renault","Oroch","Camiones ligeros","Pick Ups","IMPORTADO",31,238,"Cifras Revisadas"
"Registro Administrativo de la Industria Automotriz de Vehículos Ligeros. Venta de vehículos ","Nacional",2026,"08","SEAT","Arona","Camiones ligeros","SUV's","IMPORTADO",64,134,"Cifras Revisadas"
"Registro Administrativo de la Industria Automotriz de Vehículos Ligeros. Venta de vehículos ","Nacional",2026,"08","SEAT","Ateca","Camiones ligeros","SUV's","IMPORTADO",184,17,"Cifras Revisadas"
"Registro Administrativo de la Industria Automotriz de Vehículos Ligeros. Venta de vehículos ","Nacional",2026,"08","SEAT","CUPRA Formentor","Camiones ligeros","SUV's","IMPORTADO",64,275,"Cifras Revisadas"
"Registro Administrativo de la Industria Automotriz de Vehículos Ligeros. Venta de vehículos ","Nacional",2026,"08","SEAT","CUPRA Terramar","Camiones ligeros","SUV's","IMPORTADO",94,235,"Cifras Revisadas"
"Registro Administrativo de la Industria Automotriz de Vehículos Ligeros. Venta de vehículos ","Nacional",2026,"08","SEAT","Ibiza 4 Ptas","Automóviles","Subcompactos","IMPORTADO",64,987,"Cifras Revisadas"
"Registro Administrativo de la Industria Automotriz de Vehículos Ligeros. Venta de vehículos ","Nacional",2026,"08","SEAT","Leon","Automóviles","Deportivos","IMPORTADO",64,259,"Cifras Revisadas"
"Registro Administrativo de la Industria Automotriz de Vehículos Ligeros. Venta de vehículos ","Nacional",2026,"08","Subaru","Crosstrek","Camiones ligeros","SUV's","IMPORTADO",126,150,"Cifras Revisadas"
"Registro Administrativo de la Industria Automotriz de Vehículos Ligeros. Venta de vehículos ","Nacional",2026,"08","Subaru","Crosstrek MHEV","Camiones ligeros","SUV's","IMPORTADO",126,0,"Cifras Revisadas"
"Registro Administrativo de la Industria Automotriz de Vehículos Ligeros. Venta de vehículos ","Nacional",2026,"08","Subaru","Forester","Camiones ligeros","SUV's","IMPORTADO",126,101,"Cifras Revisadas"
"Registro Administrativo de la Industria Automotriz de Vehículos Ligeros. Venta de vehículos ","Nacional",2026,"08","Subaru","Forester e-BOXER HEV","Camiones ligeros","SUV's","IMPORTADO",126,59,"Cifras Revisadas"
"Registro Administrativo de la Industria Automotriz de Vehículos Ligeros. Venta de vehículos ","Nacional",2026,"08","Subaru","Outback","Camiones ligeros","SUV's","IMPORTADO",126,38,"Cifras Revisadas"
"Registro Administrativo de la Industria Automotriz de Vehículos Ligeros. Venta de vehículos ","Nacional",2026,"08","Subaru","Subaru BRZ","Automóviles","Deportivos","IMPORTADO",126,15,"Cifras Revisadas"
"Registro Administrativo de la Industria Automotriz de Vehículos Ligeros. Venta de vehículos ","Nacional",2026,"08","Subaru","Trailseeker","Camiones ligeros","SUV's","IMPORTADO",126,2,"Cifras Revisadas"
"Registro Administrativo de la Industria Automotriz de Vehículos Ligeros. Venta de vehículos ","Nacional",2026,"08","Subaru","WRX","Automóviles","Deportivos","IMPORTADO",126,21,"Cifras Revisadas"
"Registro Administrativo de la Industria Automotriz de Vehículos Ligeros. Venta de vehículos ","Nacional",2026,"08","Subaru","WRX STI","Automóviles","Deportivos","IMPORTADO",126,0,"Cifras Revisadas"
"Registro Administrativo de la Industria Automotriz de Vehículos Ligeros. Venta de vehículos ","Nacional",2026,"08","Subaru","XV","Camiones ligeros","SUV's","IMPORTADO",126,0,"Cifras Revisadas"
"Registro Administrativo de la Industria Automotriz de Vehículos Ligeros. Venta de vehículos ","Nacional",2026,"08","Suzuki","ACROSS","Camiones ligeros","SUV's","IMPORTADO",95,99,"Cifras Revisadas"
"Registro Administrativo de la Industria Automotriz de Vehículos Ligeros. Venta de vehículos ","Nacional",2026,"08","Suzuki","Baleno","Automóviles","Subcompactos","IMPORTADO",95,5,"Cifras Revisadas"
"Registro Administrativo de la Industria Automotriz de Vehículos Ligeros. Venta de vehículos ","Nacional",2026,"08","Suzuki","DZIRE","Automóviles","Subcompactos","IMPORTADO",95,288,"Cifras Revisadas"
"Registro Administrativo de la Industria Automotriz de Vehículos Ligeros. Venta de vehículos ","Nacional",2026,"08","Suzuki","Ertiga","Automóviles","Compactos","IMPORTADO",96,231,"Cifras Revisadas"
"Registro Administrativo de la Industria Automotriz de Vehículos Ligeros. Venta de vehículos ","Nacional",2026,"08","Suzuki","FRONX","Camiones ligeros","SUV's","IMPORTADO",95,307,"Cifras Revisadas"
"Registro Administrativo de la Industria Automotriz de Vehículos Ligeros. Venta de vehículos ","Nacional",2026,"08","Suzuki","JIMNY","Camiones ligeros","SUV's","IMPORTADO",126,465,"Cifras Revisadas"
"Registro Administrativo de la Industria Automotriz de Vehículos Ligeros. Venta de vehículos ","Nacional",2026,"08","Suzuki","Swift","Automóviles","Subcompactos","IMPORTADO",126,840,"Cifras Revisadas"
"Registro Administrativo de la Industria Automotriz de Vehículos Ligeros. Venta de vehículos ","Nacional",2026,"08","Toyota","Avanza","Automóviles","Compactos","IMPORTADO",96,455,"Cifras Revisadas"
"Registro Administrativo de la Industria Automotriz de Vehículos Ligeros. Venta de vehículos ","Nacional",2026,"08","Toyota","Camry","Automóviles","De Lujo","IMPORTADO",66,265,"Cifras Revisadas"
"Registro Administrativo de la Industria Automotriz de Vehículos Ligeros. Venta de vehículos ","Nacional",2026,"08","Toyota","C-HR","Camiones ligeros","SUV's","IMPORTADO",227,0,"Cifras Revisadas"
"Registro Administrativo de la Industria Automotriz de Vehículos Ligeros. Venta de vehículos ","Nacional",2026,"08","Toyota","Corolla","Automóviles","Compactos","IMPORTADO",66,837,"Cifras Revisadas"
"Registro Administrativo de la Industria Automotriz de Vehículos Ligeros. Venta de vehículos ","Nacional",2026,"08","Toyota","Corolla Cross","Camiones ligeros","SUV's","IMPORTADO",66,593,"Cifras Revisadas"
"Registro Administrativo de la Industria Automotriz de Vehículos Ligeros. Venta de vehículos ","Nacional",2026,"08","Toyota","GR Corolla","Automóviles","Deportivos","IMPORTADO",126,23,"Cifras Revisadas"
"Registro Administrativo de la Industria Automotriz de Vehículos Ligeros. Venta de vehículos ","Nacional",2026,"08","Toyota","GR Supra","Automóviles","De Lujo","IMPORTADO",17,1,"Cifras Revisadas"
"Registro Administrativo de la Industria Automotriz de Vehículos Ligeros. Venta de vehículos ","Nacional",2026,"08","Toyota","GR Yaris","Automóviles","Deportivos","IMPORTADO",126,53,"Cifras Revisadas"
"Registro Administrativo de la Industria Automotriz de Vehículos Ligeros. Venta de vehículos ","Nacional",2026,"08","Toyota","Hiace P","Camiones ligeros","SUV's","IMPORTADO",126,87,"Cifras Revisadas"
"Registro Administrativo de la Industria Automotriz de Vehículos Ligeros. Venta de vehículos ","Nacional",2026,"08","Toyota","Hiace V","Camiones ligeros","SUV's","IMPORTADO",126,90,"Cifras Revisadas"
"Registro Administrativo de la Industria Automotriz de Vehículos Ligeros. Venta de vehículos ","Nacional",2026,"08","Toyota","Highlander","Camiones ligeros","SUV's","IMPORTADO",66,252,"Cifras Revisadas"
"Registro Administrativo de la Industria Automotriz de Vehículos Ligeros. Venta de vehículos ","Nacional",2026,"08","Toyota","Hilux Dc","Camiones ligeros","Pick Ups","IMPORTADO",214,2530,"Cifras Revisadas"
"Registro Administrativo de la Industria Automotriz de Vehículos Ligeros. Venta de vehículos ","Nacional",2026,"08","Toyota","Lcruiser","Camiones ligeros","SUV's","IMPORTADO",126,0,"Cifras Revisadas"
"Registro Administrativo de la Industria Automotriz de Vehículos Ligeros. Venta de vehículos ","Nacional",2026,"08","Toyota","Prius","Automóviles","De Lujo","IMPORTADO",126,408,"Cifras Revisadas"
"Registro Administrativo de la Industria Automotriz de Vehículos Ligeros. Venta de vehículos ","Nacional",2026,"08","Toyota","Prius-C","Automóviles","Subcompactos","IMPORTADO",126,0,"Cifras Revisadas"
"Registro Administrativo de la Industria Automotriz de Vehículos Ligeros. Venta de vehículos ","Nacional",2026,"08","Toyota","RAIZE","Camiones ligeros","SUV's","IMPORTADO",96,515,"Cifras Revisadas"
"Registro Administrativo de la Industria Automotriz de Vehículos Ligeros. Venta de vehículos ","Nacional",2026,"08","Toyota","Rav4","Camiones ligeros","SUV's","IMPORTADO",40,1610,"Cifras Revisadas"
"Registro Administrativo de la Industria Automotriz de Vehículos Ligeros. Venta de vehículos ","Nacional",2026,"08","Toyota","Sequoia","Camiones ligeros","SUV's","IMPORTADO",66,46,"Cifras Revisadas"
"Registro Administrativo de la Industria Automotriz de Vehículos Ligeros. Venta de vehículos ","Nacional",2026,"08","Toyota","Sienna","Camiones ligeros","Minivans","IMPORTADO",66,434,"Cifras Revisadas"
"Registro Administrativo de la Industria Automotriz de Vehículos Ligeros. Venta de vehículos ","Nacional",2026,"08","Toyota","Tacoma","Camiones ligeros","Pick Ups","NACIONAL",1,0,"Cifras Revisadas"
"Registro Administrativo de la Industria Automotriz de Vehículos Ligeros. Venta de vehículos ","Nacional",2026,"08","Toyota","Tacoma-","Camiones ligeros","Pick Ups","NACIONAL",1,970,"Cifras Revisadas"
"Registro Administrativo de la Industria Automotriz de Vehículos Ligeros. Venta de vehículos ","Nacional",2026,"08","Toyota","Tundra","Camiones ligeros","Pick Ups","IMPORTADO",66,43,"Cifras Revisadas"
"Registro Administrativo de la Industria Automotriz de Vehículos Ligeros. Venta de vehículos ","Nacional",2026,"08","Toyota","Yaris Hatchback","Automóviles","Subcompactos","IMPORTADO",214,102,"Cifras Revisadas"
"Registro Administrativo de la Industria Automotriz de Vehículos Ligeros. Venta de vehículos ","Nacional",2026,"08","Toyota","Yaris Sedan","Automóviles","Subcompactos","IMPORTADO",214,1123,"Cifras Revisadas"
"Registro Administrativo de la Industria Automotriz de Vehículos Ligeros. Venta de vehículos ","Nacional",2026,"08","Toyota","Yaris-R","Automóviles","Subcompactos","NACIONAL",1,0,"Cifras Revisadas"
"Registro Administrativo de la Industria Automotriz de Vehículos Ligeros. Venta de vehículos ","Nacional",2026,"08","Toyota","4Runner","Camiones ligeros","SUV's","IMPORTADO",126,433,"Cifras Revisadas"
"Registro Administrativo de la Industria Automotriz de Vehículos Ligeros. Venta de vehículos ","Nacional",2026,"08","Volkswagen","Amarok","Camiones ligeros","Pick Ups","IMPORTADO",12,94,"Cifras Revisadas"
"Registro Administrativo de la Industria Automotriz de Vehículos Ligeros. Venta de vehículos ","Nacional",2026,"08","Volkswagen","Beetle","Automóviles","Compactos","NACIONAL",1,0,"Cifras Revisadas"
"Registro Administrativo de la Industria Automotriz de Vehículos Ligeros. Venta de vehículos ","Nacional",2026,"08","Volkswagen","Beetle Cabrio","Automóviles","Compactos","NACIONAL",1,0,"Cifras Revisadas"
"Registro Administrativo de la Industria Automotriz de Vehículos Ligeros. Venta de vehículos ","Nacional",2026,"08","Volkswagen","Crafter","Camiones ligeros","Pick Ups","IMPORTADO",4,294,"Cifras Revisadas"
"Registro Administrativo de la Industria Automotriz de Vehículos Ligeros. Venta de vehículos ","Nacional",2026,"08","Volkswagen","Crafter chasis","Camiones ligeros","SUV's","IMPORTADO",177,3,"Cifras Revisadas"
"Registro Administrativo de la Industria Automotriz de Vehículos Ligeros. Venta de vehículos ","Nacional",2026,"08","Volkswagen","Cross Sport","Camiones ligeros","SUV's","IMPORTADO",66,0,"Cifras Revisadas"
"Registro Administrativo de la Industria Automotriz de Vehículos Ligeros. Venta de vehículos ","Nacional",2026,"08","Volkswagen","Crossfox","Automóviles","Subcompactos","IMPORTADO",31,0,"Cifras Revisadas"
"Registro Administrativo de la Industria Automotriz de Vehículos Ligeros. Venta de vehículos ","Nacional",2026,"08","Volkswagen","e-Crafter","Camiones ligeros","SUV's","IMPORTADO",177,1,"Cifras Revisadas"
"Registro Administrativo de la Industria Automotriz de Vehículos Ligeros. Venta de vehículos ","Nacional",2026,"08","Volkswagen","Gol","Automóviles","Subcompactos","IMPORTADO",31,0,"Cifras Revisadas"
"Registro Administrativo de la Industria Automotriz de Vehículos Ligeros. Venta de vehículos ","Nacional",2026,"08","Volkswagen","Gol Sedan","Automóviles","Subcompactos","IMPORTADO",31,0,"Cifras Revisadas"
"Registro Administrativo de la Industria Automotriz de Vehículos Ligeros. Venta de vehículos ","Nacional",2026,"08","Volkswagen","Golf","Automóviles","Compactos","IMPORTADO",31,0,"Cifras Revisadas"
"Registro Administrativo de la Industria Automotriz de Vehículos Ligeros. Venta de vehículos ","Nacional",2026,"08","Volkswagen","Golf-","Automóviles","Compactos","NACIONAL",1,0,"Cifras Revisadas"
"Registro Administrativo de la Industria Automotriz de Vehículos Ligeros. Venta de vehículos ","Nacional",2026,"08","Volkswagen","Golf Variant-/Crossgolf","Automóviles","Compactos","NACIONAL",1,0,"Cifras Revisadas"
"Registro Administrativo de la Industria Automotriz de Vehículos Ligeros. Venta de vehículos ","Nacional",2026,"08","Volkswagen","GTI","Automóviles","Deportivos","IMPORTADO",4,74,"Cifras Revisadas"
"Registro Administrativo de la Industria Automotriz de Vehículos Ligeros. Venta de vehículos ","Nacional",2026,"08","Volkswagen","ID.4","Camiones ligeros","SUV's","IMPORTADO",66,2,"Cifras Revisadas"
"Registro Administrativo de la Industria Automotriz de Vehículos Ligeros. Venta de vehículos ","Nacional",2026,"08","Volkswagen","Jetta","Automóviles","Compactos","NACIONAL",1,0,"Cifras Revisadas"
"Registro Administrativo de la Industria Automotriz de Vehículos Ligeros. Venta de vehículos ","Nacional",2026,"08","Volkswagen","Nivus","Camiones ligeros","SUV's","IMPORTADO",31,85,"Cifras Revisadas"
"Registro Administrativo de la Industria Automotriz de Vehículos Ligeros. Venta de vehículos ","Nacional",2026,"08","Volkswagen","Nuevo Jetta","Automóviles","Compactos","NACIONAL",1,1590,"Cifras Revisadas"
"Registro Administrativo de la Industria Automotriz de Vehículos Ligeros. Venta de vehículos ","Nacional",2026,"08","Volkswagen","Nuevo Jetta TDI","Automóviles","Compactos","NACIONAL",1,0,"Cifras Revisadas"
"Registro Administrativo de la Industria Automotriz de Vehículos Ligeros. Venta de vehículos ","Nacional",2026,"08","Volkswagen","Passat","Automóviles","De Lujo","IMPORTADO",66,0,"Cifras Revisadas"
"Registro Administrativo de la Industria Automotriz de Vehículos Ligeros. Venta de vehículos ","Nacional",2026,"08","Volkswagen","Polo 4 Ptas","Automóviles","Subcompactos","IMPORTADO",95,0,"Cifras Revisadas"
"Registro Administrativo de la Industria Automotriz de Vehículos Ligeros. Venta de vehículos ","Nacional",2026,"08","Volkswagen","Polo 4 Ptas","Automóviles","Subcompactos","IMPORTADO",31,165,"Cifras Revisadas"
"Registro Administrativo de la Industria Automotriz de Vehículos Ligeros. Venta de vehículos ","Nacional",2026,"08","Volkswagen","Saveiro","Camiones ligeros","Pick Ups","IMPORTADO",31,1152,"Cifras Revisadas"
"Registro Administrativo de la Industria Automotriz de Vehículos Ligeros. Venta de vehículos ","Nacional",2026,"08","Volkswagen","Taigun","Camiones ligeros","SUV's","IMPORTADO",95,780,"Cifras Revisadas"
"Registro Administrativo de la Industria Automotriz de Vehículos Ligeros. Venta de vehículos ","Nacional",2026,"08","Volkswagen","Taos","Camiones ligeros","SUV's","NACIONAL",1,1565,"Cifras Revisadas"
"Registro Administrativo de la Industria Automotriz de Vehículos Ligeros. Venta de vehículos ","Nacional",2026,"08","Volkswagen","T-Cross","Camiones ligeros","SUV's","IMPORTADO",31,0,"Cifras Revisadas"
"Registro Administrativo de la Industria Automotriz de Vehículos Ligeros. Venta de vehículos ","Nacional",2026,"08","Volkswagen","Teramont","Camiones ligeros","SUV's","IMPORTADO",66,310,"Cifras Revisadas"
"Registro Administrativo de la Industria Automotriz de Vehículos Ligeros. Venta de vehículos ","Nacional",2026,"08","Volkswagen","Tiguan-","Camiones ligeros","SUV's","NACIONAL",1,1534,"Cifras Revisadas"
"Registro Administrativo de la Industria Automotriz de Vehículos Ligeros. Venta de vehículos ","Nacional",2026,"08","Volkswagen","Touareg","Camiones ligeros","SUV's","IMPORTADO",62,0,"Cifras Revisadas"
"Registro Administrativo de la Industria Automotriz de Vehículos Ligeros. Venta de vehículos ","Nacional",2026,"08","Volkswagen","Transporter Carga","Camiones ligeros","SUV's","IMPORTADO",4,160,"Cifras Revisadas"
"Registro Administrativo de la Industria Automotriz de Vehículos Ligeros. Venta de vehículos ","Nacional",2026,"08","Volkswagen","Transporter Pasajeros","Camiones ligeros","SUV's","IMPORTADO",4,65,"Cifras Revisadas"
"Registro Administrativo de la Industria Automotriz de Vehículos Ligeros. Venta de vehículos ","Nacional",2026,"08","Volkswagen","UP!","Automóviles","Subcompactos","IMPORTADO",31,0,"Cifras Revisadas"
"Registro Administrativo de la Industria Automotriz de Vehículos Ligeros. Venta de vehículos ","Nacional",2026,"08","Volkswagen","Vento","Automóviles","Subcompactos","IMPORTADO",95,0,"Cifras Revisadas"
"Registro Administrativo de la Industria Automotriz de Vehículos Ligeros. Venta de vehículos ","Nacional",2026,"08","Volkswagen","Virtus","Automóviles","Subcompactos","IMPORTADO",95,2612,"Cifras Revisadas"
"Registro Administrativo de la Industria Automotriz de Vehículos Ligeros. Venta de vehículos ","Nacional",2026,"08","Volkswagen","Volkswagen Caddy","Camiones ligeros","Pick Ups","IMPORTADO",177,120,"Cifras Revisadas"
"Registro Administrativo de la Industria Automotriz de Vehículos Ligeros. Venta de vehículos ","Nacional",2026,"08","Volkswagen","Volkswagen Tera","Automóviles","Subcompactos","IMPORTADO",31,1183,"Cifras Revisadas"
"Registro Administrativo de la Industria Automotriz de Vehículos Ligeros. Venta de vehículos ","Nacional",2026,"08","Volvo","C40","Automóviles","De Lujo","IMPORTADO",23,10,"Cifras Revisadas"
"Registro Administrativo de la Industria Automotriz de Vehículos Ligeros. Venta de vehículos ","Nacional",2026,"08","Volvo","EX30","Camiones ligeros","SUV's","IMPORTADO",43,57,"Cifras Revisadas"
"Registro Administrativo de la Industria Automotriz de Vehículos Ligeros. Venta de vehículos ","Nacional",2026,"08","Volvo","EX90","Camiones ligeros","SUV's","IMPORTADO",66,7,"Cifras Revisadas"
"Registro Administrativo de la Industria Automotriz de Vehículos Ligeros. Venta de vehículos ","Nacional",2026,"08","Volvo","XC40","Automóviles","De Lujo","IMPORTADO",23,128,"Cifras Revisadas"
"Registro Administrativo de la Industria Automotriz de Vehículos Ligeros. Venta de vehículos ","Nacional",2026,"08","Volvo","XC60 II","Camiones ligeros","SUV's","IMPORTADO",209,69,"Cifras Revisadas"
"Registro Administrativo de la Industria Automotriz de Vehículos Ligeros. Venta de vehículos ","Nacional",2026,"08","Volvo","XC90 II","Camiones ligeros","SUV's","IMPORTADO",209,38,"Cifras Revisadas"
"Registro Administrativo de la Industria Automotriz de Vehículos Ligeros. Venta de vehículos ","Nacional",2026,"08","Zeekr","X","Automóviles","De Lujo","IMPORTADO",43,13,"Cifras Revisadas"
"Registro Administrativo de la Industria Automotriz de Vehículos Ligeros. Venta de vehículos ","Nacional",2026,"08","Zeekr","001","Automóviles","De Lujo","IMPORTADO",43,24,"Cifras Revisadas"
"Registro Administrativo de la Industria Automotriz de Vehículos Ligeros. Venta de vehículos ","Nacional",2026,"08","Zeekr","7X","Automóviles","De Lujo","IMPORTADO",43,60,"Cifras Revisadas"
